level,group,minute,metric,mean,sd,n
coarse,Midfielder,1,speed,2.4547272024417373,0.488595192495417,351
coarse,Midfielder,1,acceleration,1.909685437729338,0.5250947438835122,351
coarse,Midfielder,1,distance,158.92171577492596,31.36220208606807,351
coarse,Midfielder,1,jerk,3.2965103058788774,1.1245193932810595,351
coarse,Midfielder,2,speed,2.2649858563066014,0.5244712012304554,351
coarse,Midfielder,2,acceleration,1.8531691913985033,0.6502913345180392,351
coarse,Midfielder,2,distance,151.7053624248674,34.180900055048376,351
coarse,Midfielder,2,jerk,3.3512084560646467,1.402739720895917,351
coarse,Midfielder,3,speed,2.138375646430201,0.5760725333594854,351
coarse,Midfielder,3,acceleration,1.80432365257539,0.6623869552633174,351
coarse,Midfielder,3,distance,146.34199282384526,35.356418257082204,351
coarse,Midfielder,3,jerk,3.3160808010765783,1.4195578324578693,351
coarse,Midfielder,4,speed,2.08463260273675,0.5610132674423187,351
coarse,Midfielder,4,acceleration,1.7298226790272417,0.545124186854339,351
coarse,Midfielder,4,distance,143.2753094013173,30.24359208859824,351
coarse,Midfielder,4,jerk,3.1516546816775044,1.1014730848543954,351
coarse,Midfielder,5,speed,2.196476904738983,0.581996592086944,351
coarse,Midfielder,5,acceleration,1.7656264853678727,0.5876858425931932,351
coarse,Midfielder,5,distance,148.13558752654978,32.071193910550605,351
coarse,Midfielder,5,jerk,3.212157341643933,1.2264346635539671,351
coarse,Midfielder,6,speed,2.00781785068422,0.6371888272325539,351
coarse,Midfielder,6,acceleration,1.6365867639350054,0.5097043866777535,351
coarse,Midfielder,6,distance,139.60548139201086,31.68565418028236,351
coarse,Midfielder,6,jerk,2.9924323442280643,1.0562520735913505,351
coarse,Midfielder,7,speed,2.0581188345716583,0.5499571007194609,351
coarse,Midfielder,7,acceleration,1.743430693587408,0.6140604721449625,351
coarse,Midfielder,7,distance,140.36485175160402,33.722650356246206,351
coarse,Midfielder,7,jerk,3.1714162443766014,1.2771976220001462,351
coarse,Midfielder,8,speed,2.073682816775146,0.5807232785278759,351
coarse,Midfielder,8,acceleration,1.7882275320094418,0.6441086506633515,351
coarse,Midfielder,8,distance,145.77465172244047,33.903604535884554,351
coarse,Midfielder,8,jerk,3.308193285923999,1.3476521183618966,351
coarse,Midfielder,9,speed,2.0604788887106644,0.7050466385346507,351
coarse,Midfielder,9,acceleration,1.7639852472994098,0.7413023068092615,351
coarse,Midfielder,9,distance,144.9890588015748,40.43512440156434,351
coarse,Midfielder,9,jerk,3.244471483488358,1.6082340694640036,351
coarse,Midfielder,10,speed,1.912644675798432,0.6389430912338945,351
coarse,Midfielder,10,acceleration,1.6115084893764138,0.5906592721971118,351
coarse,Midfielder,10,distance,136.68345821065202,38.560891113993584,351
coarse,Midfielder,10,jerk,2.970983777524937,1.202501610200615,351
coarse,Midfielder,11,speed,1.9787844989164776,0.6737549293822757,351
coarse,Midfielder,11,acceleration,1.6623970994954205,0.613748304598755,351
coarse,Midfielder,11,distance,140.85546103110224,35.7692523732637,351
coarse,Midfielder,11,jerk,3.079022353826628,1.248453900914501,351
coarse,Midfielder,12,speed,2.0100759110986064,0.6673140561860769,351
coarse,Midfielder,12,acceleration,1.7494526740600402,0.6759757280116709,351
coarse,Midfielder,12,distance,140.20585744474292,36.97819573472829,351
coarse,Midfielder,12,jerk,3.2079263660093837,1.3840765705071465,351
coarse,Midfielder,13,speed,2.0298864596555424,0.651154034884734,351
coarse,Midfielder,13,acceleration,1.693657243778563,0.626539256843413,351
coarse,Midfielder,13,distance,140.9679562714852,36.467416561908834,351
coarse,Midfielder,13,jerk,3.1068322926391487,1.261944041250489,351
coarse,Midfielder,14,speed,2.125690966464812,0.5896809672326537,351
coarse,Midfielder,14,acceleration,1.6870325289618058,0.5248454498831384,351
coarse,Midfielder,14,distance,143.14849578118617,32.15777209353132,351
coarse,Midfielder,14,jerk,3.0362463895419873,1.091818749769285,351
coarse,Midfielder,15,speed,1.9689629032877158,0.5068111919212428,351
coarse,Midfielder,15,acceleration,1.5812232543601945,0.4642347189383417,351
coarse,Midfielder,15,distance,134.86994571038005,28.55199221813081,351
coarse,Midfielder,15,jerk,2.8867089965054578,0.9549396976812083,351
coarse,Midfielder,16,speed,1.9615717004001945,0.6336988481744223,351
coarse,Midfielder,16,acceleration,1.642795470381313,0.5742825039318021,351
coarse,Midfielder,16,distance,136.97224712366219,33.72363338965343,351
coarse,Midfielder,16,jerk,3.0202064323106614,1.170888184791198,351
coarse,Midfielder,17,speed,1.8588599623193383,0.6438809817849042,351
coarse,Midfielder,17,acceleration,1.5723989479470748,0.6312196350017483,351
coarse,Midfielder,17,distance,132.46617598208599,34.65300655361821,351
coarse,Midfielder,17,jerk,2.888223801261422,1.2808000552163474,351
coarse,Midfielder,18,speed,1.9461071819021991,0.7384338155305921,351
coarse,Midfielder,18,acceleration,1.6338859302699784,0.6156763945831181,351
coarse,Midfielder,18,distance,135.12189547961134,38.09684333229495,351
coarse,Midfielder,18,jerk,2.9756081787238045,1.2166448648808705,351
coarse,Midfielder,19,speed,2.013578953686023,0.5777636172030631,351
coarse,Midfielder,19,acceleration,1.6792431023557368,0.7494831986874099,351
coarse,Midfielder,19,distance,137.10090596652591,37.15129015680429,351
coarse,Midfielder,19,jerk,3.0690877112728763,1.5985240714733595,351
coarse,Midfielder,20,speed,2.021967878513326,0.6887558124456189,351
coarse,Midfielder,20,acceleration,1.718089553574654,0.7281543039019,351
coarse,Midfielder,20,distance,139.10737746274182,40.03416663998941,351
coarse,Midfielder,20,jerk,3.152456862352149,1.4738721742265393,351
coarse,Midfielder,21,speed,1.985617257765258,0.6101280862569075,351
coarse,Midfielder,21,acceleration,1.670084768037327,0.6909929784109827,351
coarse,Midfielder,21,distance,140.07878309270274,36.0271032187608,351
coarse,Midfielder,21,jerk,3.0683028804699584,1.4205195907261416,351
coarse,Midfielder,22,speed,2.004730970556162,0.6030357683349901,352
coarse,Midfielder,22,acceleration,1.6358597111163815,0.5594735176915557,352
coarse,Midfielder,22,distance,139.68599884452507,33.261744470398845,352
coarse,Midfielder,22,jerk,3.003926864493074,1.1633895425086727,352
coarse,Midfielder,23,speed,2.0353487940123522,0.5447721266907565,352
coarse,Midfielder,23,acceleration,1.63867406307193,0.5283357655992978,352
coarse,Midfielder,23,distance,139.19638013433834,30.917815807494264,352
coarse,Midfielder,23,jerk,2.967326455538053,1.0829268546611002,352
coarse,Midfielder,24,speed,1.9593951515262782,0.5762380469394902,352
coarse,Midfielder,24,acceleration,1.6430464207509976,0.5884590775536364,352
coarse,Midfielder,24,distance,137.95399398042244,34.09346642657683,352
coarse,Midfielder,24,jerk,3.0271618833607934,1.251000092564125,352
coarse,Midfielder,25,speed,1.867230901147456,0.557523073466165,352
coarse,Midfielder,25,acceleration,1.5787363179571712,0.5247606832300395,352
coarse,Midfielder,25,distance,133.7526136579503,34.63267421004561,352
coarse,Midfielder,25,jerk,2.9156188954326634,1.1075019873676837,352
coarse,Midfielder,26,speed,2.0461943349095857,0.5648735137996774,352
coarse,Midfielder,26,acceleration,1.7121879272527414,0.6133605203031285,352
coarse,Midfielder,26,distance,142.74524104114292,33.99601674700053,352
coarse,Midfielder,26,jerk,3.150663536679512,1.3046417678521822,352
coarse,Midfielder,27,speed,1.9352368854909159,0.5780332863090681,352
coarse,Midfielder,27,acceleration,1.6340826369288877,0.6370273738964077,352
coarse,Midfielder,27,distance,138.49721340408405,33.20543078113169,352
coarse,Midfielder,27,jerk,3.0223607420405143,1.333033172506386,352
coarse,Midfielder,28,speed,1.8775559409523728,0.593132558105449,352
coarse,Midfielder,28,acceleration,1.6440815825656647,0.6132399076518298,352
coarse,Midfielder,28,distance,135.04377792153366,31.802627868367864,352
coarse,Midfielder,28,jerk,3.0535041559793474,1.277627268396689,352
coarse,Midfielder,29,speed,1.9069114827336513,0.5813123934248607,352
coarse,Midfielder,29,acceleration,1.6874852199340864,0.6376404387449505,352
coarse,Midfielder,29,distance,136.6175856820977,34.911704114696015,352
coarse,Midfielder,29,jerk,3.1391228490939365,1.357702274742501,352
coarse,Midfielder,30,speed,1.9787136997597252,0.6130277969028443,352
coarse,Midfielder,30,acceleration,1.6402772324063861,0.5600621449185291,352
coarse,Midfielder,30,distance,135.9980819075862,36.545987573750736,352
coarse,Midfielder,30,jerk,2.985174838381708,1.1411661593442368,352
coarse,Midfielder,31,speed,1.9613657980284485,0.603014101229168,352
coarse,Midfielder,31,acceleration,1.5943249669200015,0.5953574960329807,352
coarse,Midfielder,31,distance,134.2512497103585,34.788980450897306,352
coarse,Midfielder,31,jerk,2.8951384647862977,1.1886899941425446,352
coarse,Midfielder,32,speed,1.973175810859196,0.6286943369742015,352
coarse,Midfielder,32,acceleration,1.6461186535434549,0.5784076312548441,352
coarse,Midfielder,32,distance,140.16218132223264,34.64749279059682,352
coarse,Midfielder,32,jerk,3.0615020189523316,1.2062866029235257,352
coarse,Midfielder,33,speed,1.882587007897468,0.628976750628065,352
coarse,Midfielder,33,acceleration,1.6365659141106421,0.6226683366596023,352
coarse,Midfielder,33,distance,135.37789040134606,34.849484062177595,352
coarse,Midfielder,33,jerk,3.0471059542667267,1.2893302549962578,352
coarse,Midfielder,34,speed,1.9449233124607301,0.6435396860064945,352
coarse,Midfielder,34,acceleration,1.6100547152042217,0.5450462104935109,352
coarse,Midfielder,34,distance,137.60776940248104,33.902173701198315,352
coarse,Midfielder,34,jerk,2.964036846155322,1.1414863867245197,352
coarse,Midfielder,35,speed,1.8897377162453395,0.6054407478358323,352
coarse,Midfielder,35,acceleration,1.6174611475217162,0.5830506946652696,352
coarse,Midfielder,35,distance,136.39254342522543,37.017168596256646,352
coarse,Midfielder,35,jerk,3.0250616228251492,1.2064529174288066,352
coarse,Midfielder,36,speed,1.941655751914449,0.6277497205347479,352
coarse,Midfielder,36,acceleration,1.6874279539639299,0.6520152325739457,352
coarse,Midfielder,36,distance,140.658704765927,38.65873482205798,352
coarse,Midfielder,36,jerk,3.1496658481978725,1.3471300548204554,352
coarse,Midfielder,37,speed,1.8653094450652283,0.657731416722658,353
coarse,Midfielder,37,acceleration,1.6333738767195962,0.6321601198015806,353
coarse,Midfielder,37,distance,134.6382450610919,38.43012817569827,353
coarse,Midfielder,37,jerk,3.0505766451963288,1.322595316132983,353
coarse,Midfielder,38,speed,1.9780678864278627,0.5381670805255816,353
coarse,Midfielder,38,acceleration,1.6213017917991528,0.5807236641340439,353
coarse,Midfielder,38,distance,135.73072372028048,30.973815352258857,353
coarse,Midfielder,38,jerk,2.9638365657305763,1.2109894066386973,353
coarse,Midfielder,39,speed,1.9068189016713564,0.6259048646445063,353
coarse,Midfielder,39,acceleration,1.6193657112032176,0.5599910731690723,353
coarse,Midfielder,39,distance,134.98304821331905,34.64367852106022,353
coarse,Midfielder,39,jerk,2.9956314172359324,1.1916952078693128,353
coarse,Midfielder,40,speed,1.971483602148979,0.6220615983677621,353
coarse,Midfielder,40,acceleration,1.6868111364688934,0.7529022863082455,353
coarse,Midfielder,40,distance,139.1434829046347,35.699569435721486,353
coarse,Midfielder,40,jerk,3.142122805592525,1.583084294431964,353
coarse,Midfielder,41,speed,1.895899540389827,0.6215607428666222,353
coarse,Midfielder,41,acceleration,1.6281845859428854,0.6402921688898449,353
coarse,Midfielder,41,distance,135.93228189286097,36.39771450618734,353
coarse,Midfielder,41,jerk,3.021124268920264,1.3111624578557541,353
coarse,Midfielder,42,speed,1.842105064057326,0.5991830454474312,353
coarse,Midfielder,42,acceleration,1.549281945555629,0.5922533659901571,353
coarse,Midfielder,42,distance,132.53742345369736,38.61413000424384,353
coarse,Midfielder,42,jerk,2.8404595140040367,1.2258831352398605,353
coarse,Midfielder,43,speed,1.811023368589835,0.6773568835206598,353
coarse,Midfielder,43,acceleration,1.5251060539992993,0.5152540445903723,353
coarse,Midfielder,43,distance,130.078958631866,34.39263334953658,353
coarse,Midfielder,43,jerk,2.82986849753305,1.0413865125189428,353
coarse,Midfielder,44,speed,1.871761528235079,0.638600415345614,353
coarse,Midfielder,44,acceleration,1.646094401950266,0.6811773301127684,353
coarse,Midfielder,44,distance,134.82640354804948,37.597730991758716,353
coarse,Midfielder,44,jerk,3.085240169032001,1.4190225123110867,353
coarse,Midfielder,45,speed,1.9186572524991006,0.6356416444402831,353
coarse,Midfielder,45,acceleration,1.7097042463453702,0.7913637635494746,353
coarse,Midfielder,45,distance,138.0207250141231,38.23214978287508,353
coarse,Midfielder,45,jerk,3.22818792013541,1.6835943816475119,353
coarse,Midfielder,46,speed,2.202995301136423,0.4572228891503728,357
coarse,Midfielder,46,acceleration,1.7157953668544186,0.6206287775708212,357
coarse,Midfielder,46,distance,144.8551769289118,30.024524049749875,357
coarse,Midfielder,46,jerk,2.9801309931843014,1.3250194586073276,357
coarse,Midfielder,47,speed,1.9951148826211018,0.6108639710193132,357
coarse,Midfielder,47,acceleration,1.6641487849407608,0.5984888834303004,357
coarse,Midfielder,47,distance,139.81419162423154,37.6387772818301,357
coarse,Midfielder,47,jerk,3.076768704501523,1.2505322220350443,357
coarse,Midfielder,48,speed,2.0670076908163564,0.5597658178454853,357
coarse,Midfielder,48,acceleration,1.758697250624327,0.6283174392630715,357
coarse,Midfielder,48,distance,143.927186503341,35.503062044267075,357
coarse,Midfielder,48,jerk,3.2400816132495547,1.3184172444712594,357
coarse,Midfielder,49,speed,1.8733393976827177,0.6694879552900322,357
coarse,Midfielder,49,acceleration,1.6110117342178925,0.6776705362324285,357
coarse,Midfielder,49,distance,137.9810755144866,41.11351339588401,357
coarse,Midfielder,49,jerk,3.051231532651255,1.4414060580313122,357
coarse,Midfielder,50,speed,1.9148076536904544,0.6574018535679678,357
coarse,Midfielder,50,acceleration,1.6488525821618976,0.5686673694040507,357
coarse,Midfielder,50,distance,136.00931441528633,34.59981898764686,357
coarse,Midfielder,50,jerk,3.0617328390878997,1.1792482122698558,357
coarse,Midfielder,51,speed,2.06682545663434,0.6020398825550799,356
coarse,Midfielder,51,acceleration,1.7483332197519135,0.7536900310260689,356
coarse,Midfielder,51,distance,145.83321399164464,43.101155089143326,356
coarse,Midfielder,51,jerk,3.246211484126864,1.5837955545578872,356
coarse,Midfielder,52,speed,1.9058339231831618,0.6207860695417693,355
coarse,Midfielder,52,acceleration,1.6000154576939964,0.5113380146083522,355
coarse,Midfielder,52,distance,135.7889117137558,32.44701772258173,355
coarse,Midfielder,52,jerk,2.966192812138547,1.048446936565994,355
coarse,Midfielder,53,speed,1.9128078942087918,0.6492028801343388,355
coarse,Midfielder,53,acceleration,1.6583050117151112,0.6746782655339586,355
coarse,Midfielder,53,distance,138.26018320810897,36.479216953102664,355
coarse,Midfielder,53,jerk,3.113313759112432,1.4715507540580015,355
coarse,Midfielder,54,speed,1.8906265789896128,0.7146683400776803,355
coarse,Midfielder,54,acceleration,1.60926668163085,0.6116830581202218,355
coarse,Midfielder,54,distance,135.39924413468438,36.45325132589402,355
coarse,Midfielder,54,jerk,3.0094174438008268,1.2003597587363546,355
coarse,Midfielder,55,speed,1.8804987080320736,0.6521152171165723,354
coarse,Midfielder,55,acceleration,1.605587658453588,0.5619340958575395,354
coarse,Midfielder,55,distance,134.43177907636277,35.37574706110531,354
coarse,Midfielder,55,jerk,2.9758461558128735,1.1118432711101272,354
coarse,Midfielder,56,speed,1.93431673096762,0.6893648927091854,353
coarse,Midfielder,56,acceleration,1.5711602337164428,0.5647785796617912,353
coarse,Midfielder,56,distance,137.92271020773586,35.449167997723265,353
coarse,Midfielder,56,jerk,2.8958881529081912,1.1115962410846614,353
coarse,Midfielder,57,speed,1.7452487750903478,0.6109567699311005,352
coarse,Midfielder,57,acceleration,1.5098456789752246,0.5567905493172395,352
coarse,Midfielder,57,distance,128.03661716226833,32.461242964640476,352
coarse,Midfielder,57,jerk,2.826495989719032,1.1110887275923935,352
coarse,Midfielder,58,speed,1.8124846706184417,0.6773958425020975,351
coarse,Midfielder,58,acceleration,1.6050957466738083,0.6626975414013887,351
coarse,Midfielder,58,distance,135.13790431937238,42.356093416520004,351
coarse,Midfielder,58,jerk,3.036425568951627,1.3490985386850434,351
coarse,Midfielder,59,speed,1.9409463980586126,0.7262610758357777,352
coarse,Midfielder,59,acceleration,1.5852190000852522,0.501613922378138,352
coarse,Midfielder,59,distance,136.88827250123953,39.01666036777735,352
coarse,Midfielder,59,jerk,2.9000594091217278,0.9515619671614077,352
coarse,Midfielder,60,speed,1.9712895340532697,0.6058137717562646,354
coarse,Midfielder,60,acceleration,1.7131841813125344,0.6157292784752237,354
coarse,Midfielder,60,distance,141.37198155828682,38.58998710870134,354
coarse,Midfielder,60,jerk,3.193004028040819,1.2909813995800565,354
coarse,Midfielder,61,speed,1.8530667099986777,0.5147807192620864,355
coarse,Midfielder,61,acceleration,1.6388856395504654,0.5867862133302592,355
coarse,Midfielder,61,distance,136.1665762149883,40.157489682658515,355
coarse,Midfielder,61,jerk,3.074056117484209,1.3013804435395513,354
coarse,Midfielder,62,speed,1.8922549045970274,0.6275301524395928,355
coarse,Midfielder,62,acceleration,1.6057688425888093,0.6620627425221497,355
coarse,Midfielder,62,distance,135.58816458273742,37.86727314823091,355
coarse,Midfielder,62,jerk,2.992516972292234,1.3832450992312224,355
coarse,Midfielder,63,speed,1.8442927017426747,0.6223118030982873,354
coarse,Midfielder,63,acceleration,1.5805977997543852,0.6315966124768551,354
coarse,Midfielder,63,distance,134.80630051677147,41.39369232223108,354
coarse,Midfielder,63,jerk,2.9740831301508273,1.3038495855070993,354
coarse,Midfielder,64,speed,1.6740207291139984,0.6584692535025197,354
coarse,Midfielder,64,acceleration,1.3724591837294589,0.5215477833084025,354
coarse,Midfielder,64,distance,123.88131492756702,34.24432171202785,354
coarse,Midfielder,64,jerk,2.564468551936849,1.0321896777285415,354
coarse,Midfielder,65,speed,1.6684076634029088,0.6367177983453942,355
coarse,Midfielder,65,acceleration,1.4501793161107164,0.580520262160523,355
coarse,Midfielder,65,distance,123.22004335557281,34.32260902493296,355
coarse,Midfielder,65,jerk,2.728224787945029,1.1455467763516687,354
coarse,Midfielder,66,speed,1.8746191794936,0.6272320664919586,354
coarse,Midfielder,66,acceleration,1.551295077847955,0.5842412958488306,354
coarse,Midfielder,66,distance,134.93142563050947,36.13674227284768,354
coarse,Midfielder,66,jerk,2.8583142584907404,1.1644841958554866,354
coarse,Midfielder,67,speed,1.8580968079775817,0.6913988612118788,358
coarse,Midfielder,67,acceleration,1.5741419893657014,0.6433440946406247,358
coarse,Midfielder,67,distance,133.3067615541699,39.954017955988206,358
coarse,Midfielder,67,jerk,2.9191917469611077,1.3402895561419492,358
coarse,Midfielder,68,speed,1.7345482854877652,0.6594084909244022,358
coarse,Midfielder,68,acceleration,1.5448222184444707,0.6911779297371565,358
coarse,Midfielder,68,distance,131.07405549116294,39.17115788269963,358
coarse,Midfielder,68,jerk,2.938644267826059,1.430651055662255,358
coarse,Midfielder,69,speed,1.768120086783418,0.6025127615022212,361
coarse,Midfielder,69,acceleration,1.5473039723894328,0.6150502635416382,361
coarse,Midfielder,69,distance,131.62672856857884,35.7031164200677,361
coarse,Midfielder,69,jerk,2.918891047335205,1.248831229758824,361
coarse,Midfielder,70,speed,1.997032724633725,0.5910237315740463,360
coarse,Midfielder,70,acceleration,1.6544635254698425,0.557499770731796,360
coarse,Midfielder,70,distance,141.12399436103507,34.478636312482934,360
coarse,Midfielder,70,jerk,3.0572445604268945,1.179139535281099,360
coarse,Midfielder,71,speed,1.706442559186496,0.7403596392084474,358
coarse,Midfielder,71,acceleration,1.5106205488407227,0.5869704140877096,358
coarse,Midfielder,71,distance,130.94565160731605,38.56101828227458,358
coarse,Midfielder,71,jerk,2.86823508867189,1.1250910914523637,358
coarse,Midfielder,72,speed,1.8067762435706405,0.6521228381940973,356
coarse,Midfielder,72,acceleration,1.5611982884453974,0.5837564184274383,356
coarse,Midfielder,72,distance,140.39107967141982,42.72863739389648,356
coarse,Midfielder,72,jerk,2.957600686356185,1.221229667956453,356
coarse,Midfielder,73,speed,1.8844568437242029,0.6832393002490825,358
coarse,Midfielder,73,acceleration,1.6660120172927777,0.6080053520250456,358
coarse,Midfielder,73,distance,140.3348876107331,39.802278888137316,358
coarse,Midfielder,73,jerk,3.163505427147823,1.2790241737621204,358
coarse,Midfielder,74,speed,1.7725582161915014,0.6481238993143609,356
coarse,Midfielder,74,acceleration,1.5757822657050031,0.5778936193216884,356
coarse,Midfielder,74,distance,136.36237909447738,41.5667646626149,356
coarse,Midfielder,74,jerk,3.0010409445304966,1.2091521653802542,356
coarse,Midfielder,75,speed,1.8881055511443623,0.6103041899163607,363
coarse,Midfielder,75,acceleration,1.641980324539121,0.6461460911983246,363
coarse,Midfielder,75,distance,138.8070037709334,37.09345817125692,363
coarse,Midfielder,75,jerk,3.0816200533686278,1.3314634816797375,363
coarse,Midfielder,76,speed,1.7980204012229088,0.5918145361283218,363
coarse,Midfielder,76,acceleration,1.5010573330859158,0.5094355773247843,363
coarse,Midfielder,76,distance,134.95002397057797,36.97470162899895,363
coarse,Midfielder,76,jerk,2.812542372053692,1.0524433141304261,363
coarse,Midfielder,77,speed,1.8633013981306288,0.5733157198585132,362
coarse,Midfielder,77,acceleration,1.6165362734062318,0.5907798650965044,362
coarse,Midfielder,77,distance,138.87167114379508,38.00324606896902,362
coarse,Midfielder,77,jerk,3.008317592610747,1.2233717466717964,362
coarse,Midfielder,78,speed,1.7570475869522708,0.6384433607340613,359
coarse,Midfielder,78,acceleration,1.5484196178295384,0.5562259785858285,359
coarse,Midfielder,78,distance,133.12088795404736,36.203925514138774,359
coarse,Midfielder,78,jerk,2.9188103693869287,1.155997879607754,359
coarse,Midfielder,79,speed,1.8345308950173742,0.5811769594979057,360
coarse,Midfielder,79,acceleration,1.5725622166095585,0.5337092058196921,360
coarse,Midfielder,79,distance,135.21321585616474,36.820419784632,360
coarse,Midfielder,79,jerk,2.9387961146159096,1.1367300017422077,360
coarse,Midfielder,80,speed,1.8902681875468648,0.6645743188327803,361
coarse,Midfielder,80,acceleration,1.659717274318583,0.6182812084389637,361
coarse,Midfielder,80,distance,138.8676601415632,40.13904112093136,361
coarse,Midfielder,80,jerk,3.1148832604948606,1.3068808124398275,361
coarse,Midfielder,81,speed,1.7721328018263007,0.6217473366953182,356
coarse,Midfielder,81,acceleration,1.52468958517261,0.4782876366084857,356
coarse,Midfielder,81,distance,132.68224213875533,34.51225583631066,356
coarse,Midfielder,81,jerk,2.863075868011442,0.9507306760727877,356
coarse,Midfielder,82,speed,1.6596398916961037,0.7032376252995327,362
coarse,Midfielder,82,acceleration,1.6079571614548815,0.7370502013212422,362
coarse,Midfielder,82,distance,133.0758743634439,47.91063038854683,362
coarse,Midfielder,82,jerk,3.1274638813968965,1.587059290983224,362
coarse,Midfielder,83,speed,1.8048614331864452,0.601467856406301,367
coarse,Midfielder,83,acceleration,1.6076535984375002,0.5795108667729066,367
coarse,Midfielder,83,distance,136.1376790952393,36.63260578458654,367
coarse,Midfielder,83,jerk,3.0514002345626507,1.2002885431342127,367
coarse,Midfielder,84,speed,1.8267960614876293,0.6317081980308108,367
coarse,Midfielder,84,acceleration,1.6101767014677426,0.6098532515078754,367
coarse,Midfielder,84,distance,138.2745960976721,41.98277394528297,367
coarse,Midfielder,84,jerk,3.0425896464348643,1.2393098369298738,367
coarse,Midfielder,85,speed,1.8415539452886238,0.5751871870244619,368
coarse,Midfielder,85,acceleration,1.543950432586268,0.5743424124613762,368
coarse,Midfielder,85,distance,133.24917586334377,34.681306483748024,369
coarse,Midfielder,85,jerk,2.869664368661424,1.182014201677444,368
coarse,Midfielder,86,speed,2.0311255766847527,0.5642748883452722,369
coarse,Midfielder,86,acceleration,1.6643625775858448,0.6856460962321157,369
coarse,Midfielder,86,distance,142.37883899529652,36.31715044781825,369
coarse,Midfielder,86,jerk,3.0596663971402367,1.3887990477701684,369
coarse,Midfielder,87,speed,1.9382086274320682,0.5811004898868208,369
coarse,Midfielder,87,acceleration,1.5813299595803068,0.6397751545744932,369
coarse,Midfielder,87,distance,139.23851723919,36.17544026916898,369
coarse,Midfielder,87,jerk,2.9108451059580793,1.3482349994098068,369
coarse,Midfielder,88,speed,1.917654493590683,0.6163344156724411,366
coarse,Midfielder,88,acceleration,1.607380954936946,0.5202287632237558,366
coarse,Midfielder,88,distance,139.40663976953948,39.25053423398842,367
coarse,Midfielder,88,jerk,2.9831466740981702,1.0535923295291285,366
coarse,Midfielder,89,speed,1.9061167882853893,0.6343774849217858,369
coarse,Midfielder,89,acceleration,1.6175259937048914,0.5181637674169367,369
coarse,Midfielder,89,distance,142.07357853073802,40.82774919908149,369
coarse,Midfielder,89,jerk,3.035998498258929,1.1001734684537772,369
coarse,Midfielder,90,speed,1.80054152997197,0.6914813998029989,370
coarse,Midfielder,90,acceleration,1.5115167762489234,0.6444061229513279,370
coarse,Midfielder,90,distance,134.6964961213573,42.42596916759346,370
coarse,Midfielder,90,jerk,2.8553011337150576,1.3212154655698731,370
coarse,Defender,1,speed,2.126882822920526,0.4674352669543316,448
coarse,Defender,1,acceleration,2.1228774430270647,1.4474201722832876,448
coarse,Defender,1,distance,149.7790694792263,54.88634905560242,448
coarse,Defender,1,jerk,3.977258520934346,3.179428709098759,448
coarse,Defender,2,speed,2.01756217987359,0.48546261124996465,448
coarse,Defender,2,acceleration,1.971229531796194,1.0592702119212063,448
coarse,Defender,2,distance,143.98954496273367,46.308524271834585,448
coarse,Defender,2,jerk,3.758113108112016,2.3318299812144794,448
coarse,Defender,3,speed,1.9290755006150953,0.513394366793914,448
coarse,Defender,3,acceleration,1.8753613697329048,0.9161724034690932,448
coarse,Defender,3,distance,139.72029617708532,40.97390668016673,448
coarse,Defender,3,jerk,3.6050448302272895,2.0040059071045637,448
coarse,Defender,4,speed,1.858736731376841,0.49824782624787445,448
coarse,Defender,4,acceleration,1.8485740735854643,1.158459160412224,448
coarse,Defender,4,distance,137.31816504059734,45.81706631027225,448
coarse,Defender,4,jerk,3.5406796223484256,2.491723622831907,448
coarse,Defender,5,speed,1.9674991193706437,0.5256439737574761,448
coarse,Defender,5,acceleration,1.8960587749784286,0.8901342186188591,448
coarse,Defender,5,distance,141.51129561281434,38.866891564774114,448
coarse,Defender,5,jerk,3.6338013905569833,1.9813931372783398,448
coarse,Defender,6,speed,1.8043650614370077,0.5470380966278166,448
coarse,Defender,6,acceleration,1.7594370650758524,0.8446235977100501,448
coarse,Defender,6,distance,133.43037935863413,37.75342224621558,448
coarse,Defender,6,jerk,3.3849344670844004,1.8329309463083074,448
coarse,Defender,7,speed,1.7950171798439902,0.5025730050642503,448
coarse,Defender,7,acceleration,1.8573026560669308,1.1333650758416391,448
coarse,Defender,7,distance,132.70535155769576,45.63250130179175,448
coarse,Defender,7,jerk,3.582478668779474,2.5300167526214006,448
coarse,Defender,8,speed,1.8625681039011306,0.5410406981801793,448
coarse,Defender,8,acceleration,1.8838260361448966,0.9149269007513234,448
coarse,Defender,8,distance,141.44587359289122,41.21759829527738,448
coarse,Defender,8,jerk,3.6496716898532298,2.0058649199311405,448
coarse,Defender,9,speed,1.8256472469614846,0.5956482721668486,448
coarse,Defender,9,acceleration,1.821808340511854,0.9848347165614778,448
coarse,Defender,9,distance,137.63179407665308,47.596799558907975,448
coarse,Defender,9,jerk,3.5226473092538706,2.174495251218093,448
coarse,Defender,10,speed,1.7481264522416267,0.5890686104267632,448
coarse,Defender,10,acceleration,1.6677812518456787,0.7455295607686758,448
coarse,Defender,10,distance,131.5223855327318,39.84724310157956,448
coarse,Defender,10,jerk,3.1898521750717608,1.564833144662559,448
coarse,Defender,11,speed,1.8031469568015654,0.6091303321974842,448
coarse,Defender,11,acceleration,1.8152630576883355,1.0138401085724826,448
coarse,Defender,11,distance,137.71720571367854,42.351249673378156,448
coarse,Defender,11,jerk,3.5271206971200435,2.185499273965351,448
coarse,Defender,12,speed,1.7792395474744607,0.5699665268783403,448
coarse,Defender,12,acceleration,1.8332474012960491,0.9513920331865974,448
coarse,Defender,12,distance,133.65187392100609,45.288460104916716,448
coarse,Defender,12,jerk,3.529876444731723,2.064290999430293,448
coarse,Defender,13,speed,1.8278929391010783,0.603294240802459,448
coarse,Defender,13,acceleration,1.7719337937934778,0.9023625924541624,448
coarse,Defender,13,distance,134.88564820776287,43.347442312401384,448
coarse,Defender,13,jerk,3.3950641494216747,1.8968023763836732,448
coarse,Defender,14,speed,1.8720735217801252,0.5179337687484559,448
coarse,Defender,14,acceleration,1.8668601429912444,1.0587247038764689,448
coarse,Defender,14,distance,136.74439134700467,43.98816579205439,448
coarse,Defender,14,jerk,3.5776192509542843,2.328144396946831,448
coarse,Defender,15,speed,1.7641720421402185,0.4889253300928429,448
coarse,Defender,15,acceleration,1.7120404233958086,0.977909248890105,448
coarse,Defender,15,distance,129.86811867713692,41.95490065737778,448
coarse,Defender,15,jerk,3.279481222870784,2.103888555422953,448
coarse,Defender,16,speed,1.7391106027998597,0.5385825055673172,448
coarse,Defender,16,acceleration,1.737346623592032,0.9900177117333471,448
coarse,Defender,16,distance,129.9742181533443,43.59872469015529,448
coarse,Defender,16,jerk,3.3512896279476143,2.1785827884130713,448
coarse,Defender,17,speed,1.6645950804762377,0.5698707601385425,448
coarse,Defender,17,acceleration,1.663415926206897,0.9724935520798731,448
coarse,Defender,17,distance,127.37288100307332,45.957473733860795,448
coarse,Defender,17,jerk,3.199693163913223,2.1130506281546597,448
coarse,Defender,18,speed,1.7362874035117646,0.6616319757327138,448
coarse,Defender,18,acceleration,1.7254829684990796,0.9873606034525931,448
coarse,Defender,18,distance,128.2019797785334,45.353060518293475,448
coarse,Defender,18,jerk,3.302406508363074,2.102965312509795,448
coarse,Defender,19,speed,1.8000118459386845,0.5395858510611499,448
coarse,Defender,19,acceleration,1.7780387175462233,0.9326540881829262,448
coarse,Defender,19,distance,129.45074160242118,39.668689557234366,448
coarse,Defender,19,jerk,3.4223872246483156,2.034662317954489,448
coarse,Defender,20,speed,1.8032802205883751,0.6305833225733233,448
coarse,Defender,20,acceleration,1.785473197436626,0.9347481957881256,448
coarse,Defender,20,distance,132.8586373345718,43.54460767005389,448
coarse,Defender,20,jerk,3.4356250984861583,1.9911310229161667,448
coarse,Defender,21,speed,1.7888738384073999,0.5283443919903036,448
coarse,Defender,21,acceleration,1.8022521530456292,0.9928484442861734,448
coarse,Defender,21,distance,135.58286949558934,41.796743355181896,448
coarse,Defender,21,jerk,3.4931498756211967,2.140503097858858,448
coarse,Defender,22,speed,1.7930438404935156,0.5315771152847338,448
coarse,Defender,22,acceleration,1.7550812985349444,0.9498762498947468,448
coarse,Defender,22,distance,132.7546090865354,41.62933306061033,448
coarse,Defender,22,jerk,3.3856576662940117,2.08675226293914,448
coarse,Defender,23,speed,1.790365201729453,0.4776060253806386,448
coarse,Defender,23,acceleration,1.7085040630717463,0.7874629115728845,448
coarse,Defender,23,distance,130.75053602022885,39.41834853518872,448
coarse,Defender,23,jerk,3.2610275901258885,1.7243016282160881,448
coarse,Defender,24,speed,1.7403530357806503,0.5240239835156113,448
coarse,Defender,24,acceleration,1.7204083243193808,0.9176871615647763,448
coarse,Defender,24,distance,130.41724218576482,42.61442568151097,448
coarse,Defender,24,jerk,3.315193616553301,2.0176334761679176,448
coarse,Defender,25,speed,1.6736180119260946,0.5056634927090367,448
coarse,Defender,25,acceleration,1.6724857267514295,0.7879359704891155,448
coarse,Defender,25,distance,126.82650499316576,37.19099559140372,448
coarse,Defender,25,jerk,3.2434358816716844,1.6952683447965913,448
coarse,Defender,26,speed,1.8209171335871617,0.5413963290165211,448
coarse,Defender,26,acceleration,1.8181958119066068,0.9982501891167523,448
coarse,Defender,26,distance,135.9791057836135,43.30539049543323,448
coarse,Defender,26,jerk,3.510096321971397,2.206708621380307,448
coarse,Defender,27,speed,1.7377900505621469,0.5174618712548485,448
coarse,Defender,27,acceleration,1.7478725533706554,0.917008223782638,448
coarse,Defender,27,distance,132.01054964449295,42.23488085521853,448
coarse,Defender,27,jerk,3.382349844393899,1.9793620807868901,448
coarse,Defender,28,speed,1.6632654648087544,0.5336234457853365,448
coarse,Defender,28,acceleration,1.6728191383046982,0.8924945695132624,448
coarse,Defender,28,distance,127.17405601432893,42.00738606018703,448
coarse,Defender,28,jerk,3.227858200237256,1.9169377670727086,448
coarse,Defender,29,speed,1.707752947911805,0.5319820735570007,448
coarse,Defender,29,acceleration,1.7936483331061164,0.9100639575103594,448
coarse,Defender,29,distance,134.16961252975256,49.66204519983773,448
coarse,Defender,29,jerk,3.502008350509559,1.9944493802726797,448
coarse,Defender,30,speed,1.7887902238145377,0.5522759207313866,448
coarse,Defender,30,acceleration,1.7352168573636797,0.8352190414988442,448
coarse,Defender,30,distance,132.09483979262455,43.92790132839409,448
coarse,Defender,30,jerk,3.3375680985815577,1.8362525110763852,448
coarse,Defender,31,speed,1.7497603913498294,0.5488460642348983,448
coarse,Defender,31,acceleration,1.720898366766501,0.952950985277598,448
coarse,Defender,31,distance,129.36684452102102,43.82393965535263,448
coarse,Defender,31,jerk,3.3011970851848154,2.034010704025588,448
coarse,Defender,32,speed,1.7560183663073394,0.5325450162105455,448
coarse,Defender,32,acceleration,1.7581859267380158,0.9903071462553492,448
coarse,Defender,32,distance,136.1829439158786,47.59572304935417,448
coarse,Defender,32,jerk,3.440722184580086,2.174429347697279,448
coarse,Defender,33,speed,1.6877545124997073,0.5375847032854659,448
coarse,Defender,33,acceleration,1.6613205192947138,0.8245668367269021,448
coarse,Defender,33,distance,128.01296107875712,36.65475793790719,448
coarse,Defender,33,jerk,3.192862303022563,1.7556737058550833,448
coarse,Defender,34,speed,1.774387022129322,0.6241331553321242,448
coarse,Defender,34,acceleration,1.7772473573205434,1.0643991379441302,448
coarse,Defender,34,distance,134.90554508797354,44.9226094322013,448
coarse,Defender,34,jerk,3.4385891794182553,2.3254202497495617,448
coarse,Defender,35,speed,1.7003940577623329,0.5558110086202991,448
coarse,Defender,35,acceleration,1.6857513138955793,0.8519867360672476,448
coarse,Defender,35,distance,129.5083311742091,40.30297167493188,448
coarse,Defender,35,jerk,3.28082878699258,1.8129967871032036,448
coarse,Defender,36,speed,1.7013663469495643,0.547526394003663,448
coarse,Defender,36,acceleration,1.7018949198769477,0.8590373081256916,448
coarse,Defender,36,distance,131.99255653617675,44.68113612787796,448
coarse,Defender,36,jerk,3.314560841634477,1.8244564876863096,448
coarse,Defender,37,speed,1.6521561356846077,0.5968058583834571,447
coarse,Defender,37,acceleration,1.6789401307916754,0.9069290004898722,447
coarse,Defender,37,distance,128.47761144350548,47.51753125076399,447
coarse,Defender,37,jerk,3.280539831152563,1.9711507317058707,447
coarse,Defender,38,speed,1.7432653385057284,0.48721561082195075,447
coarse,Defender,38,acceleration,1.693817809629344,0.8131155898847775,447
coarse,Defender,38,distance,126.73184178479245,33.986725842421286,447
coarse,Defender,38,jerk,3.257977546176964,1.760684943124073,447
coarse,Defender,39,speed,1.7028383218331853,0.5252434190595555,447
coarse,Defender,39,acceleration,1.6656961845387923,0.7137540422401281,447
coarse,Defender,39,distance,127.85006750689823,34.77724422864998,447
coarse,Defender,39,jerk,3.220521376611969,1.561926133355701,447
coarse,Defender,40,speed,1.809022992522448,0.5816051246357234,447
coarse,Defender,40,acceleration,1.8136909650506188,1.1157251755297493,447
coarse,Defender,40,distance,135.8245489720984,44.806099056769206,447
coarse,Defender,40,jerk,3.523999085259754,2.4262549769164643,447
coarse,Defender,41,speed,1.6905351814674283,0.5345295519070482,447
coarse,Defender,41,acceleration,1.7074706131287047,0.8631519440203398,447
coarse,Defender,41,distance,130.03280661660287,43.26825108419109,447
coarse,Defender,41,jerk,3.302786313510876,1.8667061977517196,447
coarse,Defender,42,speed,1.6435042202621433,0.5503446831582691,446
coarse,Defender,42,acceleration,1.5960060886627307,0.7067978332653365,446
coarse,Defender,42,distance,123.89410374501209,38.10076612667604,446
coarse,Defender,42,jerk,3.050259233141513,1.5085298257457875,446
coarse,Defender,43,speed,1.6312413322600172,0.5983202328158395,447
coarse,Defender,43,acceleration,1.612858567270366,0.7232186417685948,447
coarse,Defender,43,distance,125.65956526678428,40.39573904265603,447
coarse,Defender,43,jerk,3.1347837840194788,1.5358500827752894,447
coarse,Defender,44,speed,1.6855082108161168,0.5817015970199815,447
coarse,Defender,44,acceleration,1.7332258374245633,0.9345586545541699,447
coarse,Defender,44,distance,130.15228807439033,42.647244602585594,447
coarse,Defender,44,jerk,3.377382681726946,2.0019732585766445,447
coarse,Defender,45,speed,1.7403649150389235,0.580846144888415,447
coarse,Defender,45,acceleration,1.8102330804168505,1.0729675537176855,447
coarse,Defender,45,distance,134.42402088419706,45.91201827463761,447
coarse,Defender,45,jerk,3.5361427067667135,2.2885888105978904,447
coarse,Defender,46,speed,1.9159817383612339,0.4368342813087168,452
coarse,Defender,46,acceleration,1.7475453081292565,0.7591999253150864,452
coarse,Defender,46,distance,138.25132100054512,46.46410366077516,452
coarse,Defender,46,jerk,3.2327874327078536,1.6307407200760995,452
coarse,Defender,47,speed,1.7647137361394833,0.5247428880058954,452
coarse,Defender,47,acceleration,1.667932296997852,0.7186493472898753,452
coarse,Defender,47,distance,133.91402123467893,45.31263980690205,452
coarse,Defender,47,jerk,3.208244235536403,1.521822809351176,452
coarse,Defender,48,speed,1.8265332641442726,0.5393108629425877,452
coarse,Defender,48,acceleration,1.7117459959111267,0.6731220423009101,452
coarse,Defender,48,distance,136.14215583515545,45.2697477484423,452
coarse,Defender,48,jerk,3.2685395901120353,1.4326097823574033,452
coarse,Defender,49,speed,1.6989533184796812,0.5769229916006253,452
coarse,Defender,49,acceleration,1.6086741413786587,0.6490404848844612,452
coarse,Defender,49,distance,135.15483357900033,51.98985320596568,452
coarse,Defender,49,jerk,3.1365087722620393,1.3881683316722433,452
coarse,Defender,50,speed,1.7351522179316161,0.5866662360887946,453
coarse,Defender,50,acceleration,1.676785581095915,0.7253638831009125,453
coarse,Defender,50,distance,134.40866642946182,52.610646805059055,453
coarse,Defender,50,jerk,3.2264494263546672,1.528082685059462,453
coarse,Defender,51,speed,1.856455247259849,0.5476485193511554,453
coarse,Defender,51,acceleration,1.7387325778939045,0.7867412627958316,453
coarse,Defender,51,distance,140.63514932637054,53.1512388284964,453
coarse,Defender,51,jerk,3.3307758822967637,1.6765806253855708,453
coarse,Defender,52,speed,1.6626223568748397,0.5275628944460784,453
coarse,Defender,52,acceleration,1.5648331814284637,0.6257545523939597,453
coarse,Defender,52,distance,128.47918623176173,45.51253287002249,453
coarse,Defender,52,jerk,3.0080434421977897,1.320570823873687,453
coarse,Defender,53,speed,1.729823346535239,0.5684850153487588,453
coarse,Defender,53,acceleration,1.6382365070865028,0.6845274338592726,453
coarse,Defender,53,distance,133.60606904033676,45.67343031580951,453
coarse,Defender,53,jerk,3.1632493013783964,1.5034892775252102,453
coarse,Defender,54,speed,1.6969719453732912,0.6293523946015178,453
coarse,Defender,54,acceleration,1.6784453112906645,0.7944954706941949,453
coarse,Defender,54,distance,131.5798593068323,45.3413701513403,453
coarse,Defender,54,jerk,3.2679198644660925,1.6940914751682041,453
coarse,Defender,55,speed,1.6886379419494593,0.5711455980637408,453
coarse,Defender,55,acceleration,1.5915859952630211,0.6501450859517472,453
coarse,Defender,55,distance,129.87655862805573,42.36515545145842,453
coarse,Defender,55,jerk,3.0459354352919634,1.353572566095165,452
coarse,Defender,56,speed,1.7269057877339913,0.5904575159493075,452
coarse,Defender,56,acceleration,1.601122217583714,0.6592249591525448,452
coarse,Defender,56,distance,134.388418929018,45.9879746108222,452
coarse,Defender,56,jerk,3.088638471011802,1.370492688681171,452
coarse,Defender,57,speed,1.5637134813969107,0.5235927526987926,452
coarse,Defender,57,acceleration,1.5286959746154383,0.6676399802936085,452
coarse,Defender,57,distance,124.72742485739221,40.59290409051189,452
coarse,Defender,57,jerk,2.9720669298637934,1.404080655013742,452
coarse,Defender,58,speed,1.5963400814154338,0.5893765517290585,452
coarse,Defender,58,acceleration,1.565604684206867,0.7159063068570181,452
coarse,Defender,58,distance,126.82799581797053,43.087976589586745,452
coarse,Defender,58,jerk,3.055098327151562,1.5101103613811064,452
coarse,Defender,59,speed,1.6693204268231092,0.6401308099567723,451
coarse,Defender,59,acceleration,1.570043752494078,0.6612058929612811,451
coarse,Defender,59,distance,127.40929347194603,43.13008999380622,451
coarse,Defender,59,jerk,3.0091469391372403,1.3823729687457194,451
coarse,Defender,60,speed,1.7259775651874667,0.5503793435468,451
coarse,Defender,60,acceleration,1.6639399731138873,0.7376578828404323,451
coarse,Defender,60,distance,132.03615880572292,43.608686493853675,451
coarse,Defender,60,jerk,3.208774331125709,1.6164133802020204,451
coarse,Defender,61,speed,1.6755745304371312,0.48562936472432905,450
coarse,Defender,61,acceleration,1.6713257779986668,0.7456377669410563,450
coarse,Defender,61,distance,132.87741148867443,49.522418079920065,450
coarse,Defender,61,jerk,3.244351484018645,1.6217280222718191,450
coarse,Defender,62,speed,1.7295791809101106,0.5285690283323529,447
coarse,Defender,62,acceleration,1.661686085051255,0.8498735592513588,447
coarse,Defender,62,distance,135.05703141505066,55.59040802727149,447
coarse,Defender,62,jerk,3.2119619394701022,1.847455567771113,447
coarse,Defender,63,speed,1.6532655487745027,0.5665152976907968,446
coarse,Defender,63,acceleration,1.5503012948967896,0.6576522574451303,446
coarse,Defender,63,distance,131.03816103096585,54.53322400733682,446
coarse,Defender,63,jerk,3.006598200330399,1.3894789358310107,446
coarse,Defender,64,speed,1.5423827524770575,0.5753633587037114,447
coarse,Defender,64,acceleration,1.4510405123809595,0.7909000198182327,447
coarse,Defender,64,distance,124.8678912772825,48.72347768176602,448
coarse,Defender,64,jerk,2.8086637101972216,1.6605144623631416,447
coarse,Defender,65,speed,1.5466376385760898,0.5552086386907018,450
coarse,Defender,65,acceleration,1.5439085457606079,0.7000714224619479,450
coarse,Defender,65,distance,124.6076420646886,51.80283412994061,450
coarse,Defender,65,jerk,3.0005732305052506,1.4599460507335655,450
coarse,Defender,66,speed,1.67923327288313,0.5241799695470113,452
coarse,Defender,66,acceleration,1.5671145781322298,0.6688876889857099,452
coarse,Defender,66,distance,131.35910366875265,45.74716507782198,452
coarse,Defender,66,jerk,3.00858034409082,1.4191417911819313,452
coarse,Defender,67,speed,1.6465899237525905,0.5748678929415197,452
coarse,Defender,67,acceleration,1.5412382987657558,0.6524678487684558,452
coarse,Defender,67,distance,128.02827048300176,51.62752069858967,452
coarse,Defender,67,jerk,2.9527808661503325,1.3865505899115136,452
coarse,Defender,68,speed,1.5402063477618195,0.5357937343098419,451
coarse,Defender,68,acceleration,1.4637335664005124,0.5699299826134427,451
coarse,Defender,68,distance,125.2505906206788,49.67779237951753,451
coarse,Defender,68,jerk,2.852810907080923,1.175541966032591,451
coarse,Defender,69,speed,1.6256190210502817,0.5440942024104752,452
coarse,Defender,69,acceleration,1.5917041908829572,0.7239605161928648,452
coarse,Defender,69,distance,130.5947967259751,50.53773252354567,452
coarse,Defender,69,jerk,3.094176716393199,1.5349034724739368,452
coarse,Defender,70,speed,1.767978952439911,0.5323114551400976,451
coarse,Defender,70,acceleration,1.6631266051791647,0.9598685371877498,451
coarse,Defender,70,distance,136.62100709007655,62.04077481034857,451
coarse,Defender,70,jerk,3.205467865277322,2.1169304079724958,451
coarse,Defender,71,speed,1.5270802817140703,0.6212407041825032,451
coarse,Defender,71,acceleration,1.469920890867075,0.5725577242054942,451
coarse,Defender,71,distance,123.64094964277187,39.45587525892264,451
coarse,Defender,71,jerk,2.864858433568943,1.1545024107632662,451
coarse,Defender,72,speed,1.6031249723291525,0.581733773734655,450
coarse,Defender,72,acceleration,1.5266564231058775,0.6676826087702175,450
coarse,Defender,72,distance,131.3466968668466,44.23580622128496,451
coarse,Defender,72,jerk,2.977393673045437,1.3772897962348742,450
coarse,Defender,73,speed,1.657003108847844,0.5823989180212955,452
coarse,Defender,73,acceleration,1.598063706258458,0.611198306899374,452
coarse,Defender,73,distance,128.36847051985868,44.09859135842301,452
coarse,Defender,73,jerk,3.1059940009581966,1.266644636662739,452
coarse,Defender,74,speed,1.6061327860220695,0.5896751333829762,454
coarse,Defender,74,acceleration,1.5880007014437516,0.7044428019446854,454
coarse,Defender,74,distance,132.77310235248817,51.43874751265654,454
coarse,Defender,74,jerk,3.1051456658120205,1.5025501062314373,454
coarse,Defender,75,speed,1.670996552509083,0.5410547812915864,455
coarse,Defender,75,acceleration,1.584799822134891,0.7351433120725214,455
coarse,Defender,75,distance,129.6554248203721,46.12106866314493,455
coarse,Defender,75,jerk,3.06350939674805,1.5611974689909305,455
coarse,Defender,76,speed,1.6157261319327985,0.5143048992177821,455
coarse,Defender,76,acceleration,1.5113811120277039,0.5513529231183268,455
coarse,Defender,76,distance,127.55899490541078,39.23580275119383,455
coarse,Defender,76,jerk,2.920966750130322,1.177671524661614,455
coarse,Defender,77,speed,1.635852911970007,0.5117935012292871,456
coarse,Defender,77,acceleration,1.586909578494323,0.6706561372574281,456
coarse,Defender,77,distance,129.0256197554104,42.95008285706627,456
coarse,Defender,77,jerk,3.066408161609345,1.4215569783389483,456
coarse,Defender,78,speed,1.590515364723275,0.5343719721196512,456
coarse,Defender,78,acceleration,1.5434197180674962,0.588537050877068,456
coarse,Defender,78,distance,128.3013612640881,42.28061821501651,456
coarse,Defender,78,jerk,3.008574142059128,1.255962704471617,456
coarse,Defender,79,speed,1.6516930093051336,0.5430485656662887,460
coarse,Defender,79,acceleration,1.5567840912716995,0.6772355479731296,460
coarse,Defender,79,distance,131.5529487723966,54.76830798182852,460
coarse,Defender,79,jerk,3.0084760702438365,1.3838560177550874,460
coarse,Defender,80,speed,1.6950610321404158,0.576191621491027,459
coarse,Defender,80,acceleration,1.6171619666180728,0.6114296740406944,459
coarse,Defender,80,distance,133.27444272026074,48.95347127801986,459
coarse,Defender,80,jerk,3.116747176074293,1.301638740329383,459
coarse,Defender,81,speed,1.5872898883475,0.5494015946326913,459
coarse,Defender,81,acceleration,1.5326495533901507,0.6036125013115734,459
coarse,Defender,81,distance,126.70224058402607,35.67430750799437,459
coarse,Defender,81,jerk,2.9868766574008823,1.2859416013266751,459
coarse,Defender,82,speed,1.5417645952832006,0.6009070193445022,458
coarse,Defender,82,acceleration,1.6184695456008527,0.7243019653783701,458
coarse,Defender,82,distance,129.3443934966348,46.23542776917362,458
coarse,Defender,82,jerk,3.2045826796497514,1.5606595004308372,458
coarse,Defender,83,speed,1.6560618980456947,0.5521845550653641,459
coarse,Defender,83,acceleration,1.6034583941904716,0.7037514708539311,459
coarse,Defender,83,distance,131.9965321484155,43.31409154502537,459
coarse,Defender,83,jerk,3.123881528373568,1.4778717382956779,459
coarse,Defender,84,speed,1.6132679593508823,0.5459115304765785,461
coarse,Defender,84,acceleration,1.5716786664047688,0.6755134047936711,461
coarse,Defender,84,distance,129.8512493572564,41.736826203616204,461
coarse,Defender,84,jerk,3.072960356682623,1.4329652231449703,461
coarse,Defender,85,speed,1.6568864820105043,0.5087104238800041,460
coarse,Defender,85,acceleration,1.5849451854820429,0.7022565751929342,460
coarse,Defender,85,distance,127.50688255543267,39.945202269715686,460
coarse,Defender,85,jerk,3.0732779903282683,1.5024844591968136,460
coarse,Defender,86,speed,1.7889499575465866,0.44823870123998005,461
coarse,Defender,86,acceleration,1.6859338953599767,0.6838589711797103,461
coarse,Defender,86,distance,134.35557774604928,43.00353166390382,461
coarse,Defender,86,jerk,3.2475857372682606,1.4560292012655816,461
coarse,Defender,87,speed,1.7088526110837037,0.5139726513016486,460
coarse,Defender,87,acceleration,1.6235649058069472,0.8362325466083746,460
coarse,Defender,87,distance,133.15538620457932,50.219517662263925,460
coarse,Defender,87,jerk,3.13695176353633,1.8309279231358722,460
coarse,Defender,88,speed,1.7367162457825958,0.5257009334010855,459
coarse,Defender,88,acceleration,1.6133793941724455,0.6304681086246607,459
coarse,Defender,88,distance,132.3333254085137,40.28598370081667,459
coarse,Defender,88,jerk,3.102899928965337,1.3481170106659655,459
coarse,Defender,89,speed,1.6989442043882335,0.5465291340901787,461
coarse,Defender,89,acceleration,1.6468243182219842,0.6629739611942932,461
coarse,Defender,89,distance,134.6957493116582,48.5054542709215,461
coarse,Defender,89,jerk,3.208866774908529,1.4282080022299501,461
coarse,Defender,90,speed,1.6178268129711741,0.5940702272805944,462
coarse,Defender,90,acceleration,1.538729293522318,0.7208705161641932,462
coarse,Defender,90,distance,130.94833288482974,50.4483359656815,462
coarse,Defender,90,jerk,3.0090878400861127,1.5252052669965868,462
coarse,Attacker,1,speed,2.3901038480864183,0.5459523346291862,335
coarse,Attacker,1,acceleration,2.2058025470582927,1.109194360106331,335
coarse,Attacker,1,distance,165.8648809684872,47.56192266483522,335
coarse,Attacker,1,jerk,4.055928338122634,2.5048448804897894,335
coarse,Attacker,2,speed,2.167213673102177,0.5090390470785151,335
coarse,Attacker,2,acceleration,1.9653673384549446,0.8245444007768477,335
coarse,Attacker,2,distance,151.90296187853662,42.87551807571751,335
coarse,Attacker,2,jerk,3.6742106275138666,1.7909207868321724,335
coarse,Attacker,3,speed,2.0471069656541063,0.5669973986813961,335
coarse,Attacker,3,acceleration,1.9405320135060475,0.8001119094577545,335
coarse,Attacker,3,distance,147.71825468410293,38.99342866880613,335
coarse,Attacker,3,jerk,3.689221516541112,1.697357056239502,335
coarse,Attacker,4,speed,2.0147449063359457,0.5692612203202652,335
coarse,Attacker,4,acceleration,1.9095111554181459,0.8036902711186522,335
coarse,Attacker,4,distance,146.3146518677398,38.24867113654908,335
coarse,Attacker,4,jerk,3.6129503238056917,1.7329350918928281,335
coarse,Attacker,5,speed,2.1149944794718145,0.5640371466577362,335
coarse,Attacker,5,acceleration,1.9830146571579794,1.0015897705754366,335
coarse,Attacker,5,distance,152.86331708681143,40.865665876400435,335
coarse,Attacker,5,jerk,3.7416265892662706,2.148919506043834,335
coarse,Attacker,6,speed,1.913694933024943,0.5953641738586929,335
coarse,Attacker,6,acceleration,1.786457997850455,0.7970594961172033,335
coarse,Attacker,6,distance,141.45554388908872,37.082155840186424,335
coarse,Attacker,6,jerk,3.401672259613638,1.7254200953880614,335
coarse,Attacker,7,speed,1.927183441373672,0.5296628074512443,335
coarse,Attacker,7,acceleration,1.9015149695209501,1.012239369915829,335
coarse,Attacker,7,distance,140.5082390877499,44.23316689061831,335
coarse,Attacker,7,jerk,3.6197840018984544,2.2195746810675265,335
coarse,Attacker,8,speed,1.989855354999867,0.5400212932312781,335
coarse,Attacker,8,acceleration,1.877296887764017,0.7976945781233526,335
coarse,Attacker,8,distance,146.9562662049698,38.62443076088395,335
coarse,Attacker,8,jerk,3.582013030174337,1.754268302082668,335
coarse,Attacker,9,speed,1.9588153646174147,0.6669162733590314,335
coarse,Attacker,9,acceleration,1.9073982298095435,0.9468738681799777,335
coarse,Attacker,9,distance,146.78281483718274,44.34045845704684,335
coarse,Attacker,9,jerk,3.633832767412019,2.061815499078917,335
coarse,Attacker,10,speed,1.862066225679564,0.6153775931799884,335
coarse,Attacker,10,acceleration,1.7339472720137412,0.7521439203593345,335
coarse,Attacker,10,distance,139.07997820417057,41.598247452002965,335
coarse,Attacker,10,jerk,3.2915545758931932,1.5992088326135887,335
coarse,Attacker,11,speed,1.929276952597158,0.6554201878629823,335
coarse,Attacker,11,acceleration,1.8234364074069167,0.9673551754906815,335
coarse,Attacker,11,distance,146.7460213030972,46.69484310674,335
coarse,Attacker,11,jerk,3.483867948279436,2.0045511607961073,335
coarse,Attacker,12,speed,1.9135641118170408,0.6018555886947606,335
coarse,Attacker,12,acceleration,1.8589642410035707,0.8653202726010296,335
coarse,Attacker,12,distance,140.76928506558116,39.23434368843118,335
coarse,Attacker,12,jerk,3.5382035678524573,1.8825456253913972,335
coarse,Attacker,13,speed,1.9146765335588243,0.6290793606517798,335
coarse,Attacker,13,acceleration,1.8072879132738073,0.9360488427575556,335
coarse,Attacker,13,distance,141.36768599825584,44.156818179295435,335
coarse,Attacker,13,jerk,3.442485673996249,2.0047844023017243,335
coarse,Attacker,14,speed,1.9976650028835592,0.5727699616852964,335
coarse,Attacker,14,acceleration,1.8631545994206644,1.0007656169657337,335
coarse,Attacker,14,distance,144.89237390217,47.47749577570886,335
coarse,Attacker,14,jerk,3.509684936596883,2.164978757383452,335
coarse,Attacker,15,speed,1.8635097401151166,0.471846412656539,335
coarse,Attacker,15,acceleration,1.6939450314844853,0.6826314018853347,335
coarse,Attacker,15,distance,135.81093006843636,35.71244634092334,335
coarse,Attacker,15,jerk,3.2151976863883065,1.5044497892919853,335
coarse,Attacker,16,speed,1.8695369064281007,0.6014074268078315,335
coarse,Attacker,16,acceleration,1.76641955596029,0.8424849045313881,335
coarse,Attacker,16,distance,138.03547547739575,42.65577242665802,335
coarse,Attacker,16,jerk,3.3585957750286246,1.817895023231571,335
coarse,Attacker,17,speed,1.8037601414946165,0.6331595171791313,335
coarse,Attacker,17,acceleration,1.7294641875785963,0.902801639812608,335
coarse,Attacker,17,distance,135.82083152232053,41.6508593149594,335
coarse,Attacker,17,jerk,3.3027341633730947,1.950241772688849,335
coarse,Attacker,18,speed,1.8311548064393082,0.7042804834124842,335
coarse,Attacker,18,acceleration,1.7612473721290647,0.8802862031456623,335
coarse,Attacker,18,distance,135.12234140169022,44.44554744238166,335
coarse,Attacker,18,jerk,3.336460178652341,1.8706063269570625,335
coarse,Attacker,19,speed,1.9021972988216154,0.555144498027905,335
coarse,Attacker,19,acceleration,1.7876276804633502,0.8721226319606284,335
coarse,Attacker,19,distance,136.7475199789867,41.36131079652597,335
coarse,Attacker,19,jerk,3.408930724674769,1.9377884195912065,335
coarse,Attacker,20,speed,1.919734087406983,0.6446044801466603,335
coarse,Attacker,20,acceleration,1.8656056509823087,0.9515112348664819,335
coarse,Attacker,20,distance,141.3423363382182,45.66151530876002,335
coarse,Attacker,20,jerk,3.5693334052953647,2.0599436104061333,335
coarse,Attacker,21,speed,1.8957915844554993,0.5712848143653227,335
coarse,Attacker,21,acceleration,1.8106224371807342,0.9453462575071061,335
coarse,Attacker,21,distance,142.202689038459,44.41691404370733,335
coarse,Attacker,21,jerk,3.4599740438158326,2.014016954647677,335
coarse,Attacker,22,speed,1.91333099185509,0.5904980212600737,335
coarse,Attacker,22,acceleration,1.7874823744570911,0.8126433774555303,335
coarse,Attacker,22,distance,142.00841866150947,39.886421372791204,335
coarse,Attacker,22,jerk,3.4076949150177898,1.7722643051235403,335
coarse,Attacker,23,speed,1.9104587851331947,0.4931242941932597,335
coarse,Attacker,23,acceleration,1.7423938277997466,0.7521841589270547,335
coarse,Attacker,23,distance,139.8052647841783,39.63985702481109,335
coarse,Attacker,23,jerk,3.276797165893765,1.5995873060275585,335
coarse,Attacker,24,speed,1.8470727415949768,0.5483049788373969,335
coarse,Attacker,24,acceleration,1.7129571216013624,0.7588135582407896,335
coarse,Attacker,24,distance,136.67672785280257,36.694338560962464,335
coarse,Attacker,24,jerk,3.258929613143723,1.5784089167222803,335
coarse,Attacker,25,speed,1.7693468131395165,0.5338881800790694,335
coarse,Attacker,25,acceleration,1.7665675072318856,0.9893532716485861,335
coarse,Attacker,25,distance,135.622432428899,40.65709204991423,335
coarse,Attacker,25,jerk,3.4037886342338655,2.118979263543242,335
coarse,Attacker,26,speed,1.9178847696398234,0.5596383570020317,335
coarse,Attacker,26,acceleration,1.8876231834040875,0.9723642724930653,335
coarse,Attacker,26,distance,144.59595627945976,44.54324154583532,335
coarse,Attacker,26,jerk,3.636922652383359,2.132037369608003,335
coarse,Attacker,27,speed,1.8830657279899514,0.5543859956145715,335
coarse,Attacker,27,acceleration,1.8349403692334099,0.8737138566502624,335
coarse,Attacker,27,distance,142.20698980735966,40.396585767114246,335
coarse,Attacker,27,jerk,3.4999983673241046,1.8796023035934808,335
coarse,Attacker,28,speed,1.7967246758404267,0.5806764256164296,335
coarse,Attacker,28,acceleration,1.794734216323841,0.9772804365497413,335
coarse,Attacker,28,distance,138.08061324790432,43.90623993673796,335
coarse,Attacker,28,jerk,3.4401742135161797,2.1528687658338495,335
coarse,Attacker,29,speed,1.8454207299497596,0.5649048853641017,335
coarse,Attacker,29,acceleration,1.8480200294231892,0.9174449152301253,335
coarse,Attacker,29,distance,142.66853471949628,46.04674875669276,335
coarse,Attacker,29,jerk,3.5557292751671152,1.9815232313971904,335
coarse,Attacker,30,speed,1.8813116674883,0.5476787326419907,335
coarse,Attacker,30,acceleration,1.81935087488267,0.8245348402544741,335
coarse,Attacker,30,distance,138.5177024605764,39.10304401825946,335
coarse,Attacker,30,jerk,3.4681515606409516,1.8024332749825365,335
coarse,Attacker,31,speed,1.8961257448861393,0.560920241007839,335
coarse,Attacker,31,acceleration,1.7594343119224671,0.831508683193881,335
coarse,Attacker,31,distance,137.477618889954,40.041612789811225,335
coarse,Attacker,31,jerk,3.3350972043743092,1.7735301049653314,335
coarse,Attacker,32,speed,1.8871651226869406,0.6014133542495044,335
coarse,Attacker,32,acceleration,1.7823524438988505,0.8594340404897148,335
coarse,Attacker,32,distance,141.5385512440895,40.31035769149309,335
coarse,Attacker,32,jerk,3.421882893385266,1.8626280227813288,335
coarse,Attacker,33,speed,1.8086188583211298,0.581156514673802,335
coarse,Attacker,33,acceleration,1.7230741726525929,0.7367090869979247,335
coarse,Attacker,33,distance,136.6576779143057,37.11916195956356,335
coarse,Attacker,33,jerk,3.2952218933817723,1.5810612770244716,335
coarse,Attacker,34,speed,1.8470551763799652,0.643141583279454,335
coarse,Attacker,34,acceleration,1.777455222283765,0.9536120551622441,335
coarse,Attacker,34,distance,140.81716316199905,48.19284625879332,335
coarse,Attacker,34,jerk,3.406588574756763,2.051564483550158,335
coarse,Attacker,35,speed,1.822462902343276,0.5990916989344268,335
coarse,Attacker,35,acceleration,1.7710128675072352,0.8714075848468048,335
coarse,Attacker,35,distance,140.36300644952087,42.41235144379066,335
coarse,Attacker,35,jerk,3.434450687511818,1.9064300720399987,335
coarse,Attacker,36,speed,1.9076672986203154,0.6018163714315751,335
coarse,Attacker,36,acceleration,1.8919827230879942,0.9236413440133932,335
coarse,Attacker,36,distance,147.75311819354357,46.85942902756805,335
coarse,Attacker,36,jerk,3.670904342225766,2.023160765695135,335
coarse,Attacker,37,speed,1.820644307821037,0.6433162098661337,335
coarse,Attacker,37,acceleration,1.8171466971621082,1.0232361175108695,335
coarse,Attacker,37,distance,140.40523254646567,47.79017543823436,335
coarse,Attacker,37,jerk,3.527265190016838,2.2480435810960295,335
coarse,Attacker,38,speed,1.8860678258886463,0.545616399865973,335
coarse,Attacker,38,acceleration,1.7914231301750323,0.9712085566381206,335
coarse,Attacker,38,distance,137.75120808562278,45.40944101826272,335
coarse,Attacker,38,jerk,3.4155875512736413,2.1066865570944824,335
coarse,Attacker,39,speed,1.7972073086387208,0.5819351329742681,335
coarse,Attacker,39,acceleration,1.6884088772404784,0.6828806131563278,335
coarse,Attacker,39,distance,133.4979043746774,35.65570786186269,335
coarse,Attacker,39,jerk,3.2390453081787602,1.518077515374176,335
coarse,Attacker,40,speed,1.9215733534908148,0.5988736528542653,335
coarse,Attacker,40,acceleration,1.9003329313969717,1.107135437224695,335
coarse,Attacker,40,distance,143.95387483667034,47.18476218677005,335
coarse,Attacker,40,jerk,3.6516191481081677,2.368529138811749,335
coarse,Attacker,41,speed,1.8463612608565567,0.5975886766247888,334
coarse,Attacker,41,acceleration,1.7928197306500095,0.8813641222364849,334
coarse,Attacker,41,distance,140.4012887085127,42.53423278076811,334
coarse,Attacker,41,jerk,3.436185505759412,1.8839631497382707,334
coarse,Attacker,42,speed,1.7897330014862067,0.5727546053134882,335
coarse,Attacker,42,acceleration,1.6945762255677026,0.834827846530395,335
coarse,Attacker,42,distance,134.2270335094886,41.24074262171283,335
coarse,Attacker,42,jerk,3.227336616283875,1.8006333521189652,335
coarse,Attacker,43,speed,1.7592148232440825,0.6422927008628033,335
coarse,Attacker,43,acceleration,1.6914910651057378,0.8087199433109645,335
coarse,Attacker,43,distance,135.2787454857601,42.00370400093541,335
coarse,Attacker,43,jerk,3.2583329290547476,1.6998165279359234,335
coarse,Attacker,44,speed,1.8050651711082224,0.5875197311488454,335
coarse,Attacker,44,acceleration,1.8275545687764783,0.9923758498605381,335
coarse,Attacker,44,distance,140.49416718583396,42.476521081547986,335
coarse,Attacker,44,jerk,3.5485163949334324,2.126260442581744,335
coarse,Attacker,45,speed,1.8766142494906428,0.596506897039008,335
coarse,Attacker,45,acceleration,1.9291811900857718,1.16857948134165,335
coarse,Attacker,45,distance,144.47813957694416,47.233806488196244,335
coarse,Attacker,45,jerk,3.7512104186717266,2.543141019997655,335
coarse,Attacker,46,speed,2.100531313286064,0.49795795802103515,335
coarse,Attacker,46,acceleration,1.821622347870451,0.8762924569822323,335
coarse,Attacker,46,distance,147.0735479235901,44.40390743355257,335
coarse,Attacker,46,jerk,3.285874787529638,1.83330795689498,335
coarse,Attacker,47,speed,1.893722159103795,0.5818031808606792,335
coarse,Attacker,47,acceleration,1.705776966183659,0.7618797468867214,335
coarse,Attacker,47,distance,138.62127542917455,41.10777851248569,335
coarse,Attacker,47,jerk,3.230407276815507,1.6199835288210025,335
coarse,Attacker,48,speed,1.976398481173198,0.5543650111484527,335
coarse,Attacker,48,acceleration,1.8202777004557427,0.7441058876917502,335
coarse,Attacker,48,distance,144.78714448646625,40.26140740470445,335
coarse,Attacker,48,jerk,3.442924653929209,1.544377462635126,335
coarse,Attacker,49,speed,1.778013752946219,0.6421843587112277,335
coarse,Attacker,49,acceleration,1.7064980041625242,0.7682790357130632,335
coarse,Attacker,49,distance,139.5403836169492,41.49896882651278,335
coarse,Attacker,49,jerk,3.3211926329703214,1.6536050748432967,335
coarse,Attacker,50,speed,1.781863114967407,0.6338314402347613,334
coarse,Attacker,50,acceleration,1.6792227350696356,0.7105810156950112,334
coarse,Attacker,50,distance,135.64036740114665,36.94239832195051,334
coarse,Attacker,50,jerk,3.23348331416246,1.520047526660083,334
coarse,Attacker,51,speed,1.9297102055470896,0.5712749634177628,335
coarse,Attacker,51,acceleration,1.7907249644113226,0.7801762028032481,335
coarse,Attacker,51,distance,145.8477015679384,46.69607615896627,335
coarse,Attacker,51,jerk,3.4293118607565107,1.6438210849781612,335
coarse,Attacker,52,speed,1.7768296580636447,0.607367228118793,336
coarse,Attacker,52,acceleration,1.596988655739332,0.5837214374573922,336
coarse,Attacker,52,distance,133.42911397403248,35.662374221653344,336
coarse,Attacker,52,jerk,3.027901362117211,1.2229741351454781,336
coarse,Attacker,53,speed,1.79983204282533,0.6648486579056021,336
coarse,Attacker,53,acceleration,1.6505626195235925,0.6572780299658267,336
coarse,Attacker,53,distance,136.59190120243662,37.650798441106474,336
coarse,Attacker,53,jerk,3.1555544242813616,1.4350196804570465,336
coarse,Attacker,54,speed,1.78903048521492,0.6569497276637167,335
coarse,Attacker,54,acceleration,1.691447367095731,0.7507731166417123,335
coarse,Attacker,54,distance,135.11467366990556,43.680238993039175,335
coarse,Attacker,54,jerk,3.249486370664788,1.5631630707890787,335
coarse,Attacker,55,speed,1.8034484436925424,0.6016972989160928,338
coarse,Attacker,55,acceleration,1.6873726873865118,0.8479466489961704,338
coarse,Attacker,55,distance,140.42962902033474,50.144444615301424,338
coarse,Attacker,55,jerk,3.2160781013770463,1.8462680434634295,338
coarse,Attacker,56,speed,1.8272455014455462,0.6272779594238173,338
coarse,Attacker,56,acceleration,1.6660566906661491,0.6256454380949129,338
coarse,Attacker,56,distance,140.06072148259432,38.5455701923172,338
coarse,Attacker,56,jerk,3.194592442500586,1.3102070185779704,338
coarse,Attacker,57,speed,1.6866695623278458,0.592800987740226,336
coarse,Attacker,57,acceleration,1.5552024506152666,0.6034282606485819,336
coarse,Attacker,57,distance,130.96582880979173,36.19861181680049,336
coarse,Attacker,57,jerk,2.978862162974705,1.2341760170876563,336
coarse,Attacker,58,speed,1.6994965473185426,0.594830731163404,341
coarse,Attacker,58,acceleration,1.602759886638676,0.6547395256399065,341
coarse,Attacker,58,distance,133.3792349783241,37.70585281061354,341
coarse,Attacker,58,jerk,3.111837771209761,1.3966401830404687,341
coarse,Attacker,59,speed,1.8105703574549339,0.6938546631644652,340
coarse,Attacker,59,acceleration,1.6413647467794985,0.6420287479758677,340
coarse,Attacker,59,distance,134.99325517903944,36.97571298654223,340
coarse,Attacker,59,jerk,3.1129682007818054,1.329699589701964,340
coarse,Attacker,60,speed,1.8565943754844727,0.5806953191003854,343
coarse,Attacker,60,acceleration,1.760916381676528,0.7768722497037858,343
coarse,Attacker,60,distance,140.15670771004937,44.12405272405946,343
coarse,Attacker,60,jerk,3.3654836557302827,1.6857877458011867,343
coarse,Attacker,61,speed,1.754706725402381,0.5093473967429089,344
coarse,Attacker,61,acceleration,1.662478380605965,0.6518050451808641,344
coarse,Attacker,61,distance,138.55005642268196,50.104154613525026,344
coarse,Attacker,61,jerk,3.175158184667198,1.3524875266125025,344
coarse,Attacker,62,speed,1.8172011706680966,0.6014077143617707,340
coarse,Attacker,62,acceleration,1.6809059640481103,0.7645551102087359,340
coarse,Attacker,62,distance,136.8547140922423,43.20635950507413,340
coarse,Attacker,62,jerk,3.19249508818437,1.6405245883474717,340
coarse,Attacker,63,speed,1.7828056139536959,0.6082731730346534,345
coarse,Attacker,63,acceleration,1.6586840158858769,0.7427708110046362,345
coarse,Attacker,63,distance,138.87315412839652,47.98319339068205,345
coarse,Attacker,63,jerk,3.2140348208135703,1.6064402230960715,345
coarse,Attacker,64,speed,1.6334523426556826,0.583804952647802,340
coarse,Attacker,64,acceleration,1.5367352673306203,0.7338075293456627,340
coarse,Attacker,64,distance,129.22078749607928,39.56364325159102,340
coarse,Attacker,64,jerk,2.9962525926260555,1.5691956922943684,340
coarse,Attacker,65,speed,1.6227978638409282,0.608205177067828,343
coarse,Attacker,65,acceleration,1.5518732403193356,0.6515537953713543,343
coarse,Attacker,65,distance,129.24271869389062,45.24272437349722,343
coarse,Attacker,65,jerk,3.010476542678593,1.351732265791559,343
coarse,Attacker,66,speed,1.7938752735026153,0.587702619314321,344
coarse,Attacker,66,acceleration,1.5967301594834686,0.6063006725739843,344
coarse,Attacker,66,distance,135.82101293790245,41.609753009406,345
coarse,Attacker,66,jerk,3.0220780756131136,1.2536452175348571,344
coarse,Attacker,67,speed,1.7232329117485945,0.6403976087237719,346
coarse,Attacker,67,acceleration,1.603007778555746,0.7375298034453353,346
coarse,Attacker,67,distance,132.18061519933744,41.510239777466396,346
coarse,Attacker,67,jerk,3.0576829161211965,1.5491648273771517,346
coarse,Attacker,68,speed,1.6658246799364633,0.592277374448801,348
coarse,Attacker,68,acceleration,1.5352849377304014,0.5827233238494316,348
coarse,Attacker,68,distance,133.39375128648717,43.26125280131481,348
coarse,Attacker,68,jerk,2.9673128511693965,1.2141675584316978,348
coarse,Attacker,69,speed,1.7248119910933788,0.5772382744314628,345
coarse,Attacker,69,acceleration,1.6174376106716715,0.6779155375312809,345
coarse,Attacker,69,distance,135.72006117753003,41.933158058937366,345
coarse,Attacker,69,jerk,3.115534904336526,1.4050858361674894,345
coarse,Attacker,70,speed,1.9024921706759512,0.5406470581048657,348
coarse,Attacker,70,acceleration,1.7555529164108787,0.7338300674753654,348
coarse,Attacker,70,distance,145.955307404102,44.92155267604767,348
coarse,Attacker,70,jerk,3.36325305621469,1.582511760774388,348
coarse,Attacker,71,speed,1.6751319001191585,0.6661208503081675,348
coarse,Attacker,71,acceleration,1.6295947162078155,0.7473723952776621,348
coarse,Attacker,71,distance,133.99337536275758,40.54452315840671,348
coarse,Attacker,71,jerk,3.1642308410903977,1.5683284891145275,348
coarse,Attacker,72,speed,1.7746711437657234,0.633146128789297,349
coarse,Attacker,72,acceleration,1.6517552376416325,0.6940133549622385,349
coarse,Attacker,72,distance,142.52080562685757,45.96098795949012,349
coarse,Attacker,72,jerk,3.1998621709398116,1.4719280937659518,349
coarse,Attacker,73,speed,1.7279260408817902,0.6126780612446849,350
coarse,Attacker,73,acceleration,1.6740238436373875,0.6607100728375453,350
coarse,Attacker,73,distance,136.02031307491404,39.89198744065651,350
coarse,Attacker,73,jerk,3.265511334074491,1.4503980891114046,350
coarse,Attacker,74,speed,1.7105845296400144,0.6163137437856478,347
coarse,Attacker,74,acceleration,1.6579646780879052,0.6598485111785444,348
coarse,Attacker,74,distance,138.65287164980765,43.18811698670786,348
coarse,Attacker,74,jerk,3.2379508020434082,1.3894143173190885,347
coarse,Attacker,75,speed,1.819834335135181,0.595961799268405,351
coarse,Attacker,75,acceleration,1.7187389809462812,0.8130170093438325,351
coarse,Attacker,75,distance,140.34785995604398,43.57680387623081,351
coarse,Attacker,75,jerk,3.3054389483546696,1.7513586238209435,351
coarse,Attacker,76,speed,1.749049845031177,0.5503996021429863,347
coarse,Attacker,76,acceleration,1.6288829743331854,0.6769456094367948,347
coarse,Attacker,76,distance,139.81116541762552,49.47879305434893,347
coarse,Attacker,76,jerk,3.1478222557648357,1.495655380862849,347
coarse,Attacker,77,speed,1.8099171004686776,0.5807707307039603,348
coarse,Attacker,77,acceleration,1.6882001993833642,0.6875022117547313,348
coarse,Attacker,77,distance,140.1992719794513,42.05975522355776,348
coarse,Attacker,77,jerk,3.221963280399327,1.4631457820590963,348
coarse,Attacker,78,speed,1.6898400094261499,0.6173970175482439,352
coarse,Attacker,78,acceleration,1.6209864626316346,0.7094855466328778,352
coarse,Attacker,78,distance,135.35726484417785,44.601344574752744,352
coarse,Attacker,78,jerk,3.12682101860334,1.5360727885223364,352
coarse,Attacker,79,speed,1.7497528135919258,0.5423000862714735,350
coarse,Attacker,79,acceleration,1.6531432439103075,0.6690312680720424,350
coarse,Attacker,79,distance,138.0831840652073,43.32960213560847,351
coarse,Attacker,79,jerk,3.1904614963528455,1.4731805779913942,350
coarse,Attacker,80,speed,1.819379686900469,0.6269345919047843,354
coarse,Attacker,80,acceleration,1.7515304279414787,0.829205742830759,354
coarse,Attacker,80,distance,142.6056315170529,56.227955853744554,354
coarse,Attacker,80,jerk,3.3711751512091768,1.7660403497019705,354
coarse,Attacker,81,speed,1.6887598226929494,0.6081613114171135,356
coarse,Attacker,81,acceleration,1.6778201698452226,0.7916894898710328,356
coarse,Attacker,81,distance,137.68936020102456,43.355612838343454,356
coarse,Attacker,81,jerk,3.269670709771977,1.686384762367345,356
coarse,Attacker,82,speed,1.6323528449233455,0.6668506527369386,355
coarse,Attacker,82,acceleration,1.6863617036570515,0.8664737394504066,355
coarse,Attacker,82,distance,137.52580269844333,49.60946974602504,355
coarse,Attacker,82,jerk,3.3286253256582072,1.8858644537216087,354
coarse,Attacker,83,speed,1.8046243089699046,0.5793778974925818,352
coarse,Attacker,83,acceleration,1.765769113184878,0.7430794718818896,352
coarse,Attacker,83,distance,146.60053466024226,51.23700382354336,352
coarse,Attacker,83,jerk,3.4312811156517324,1.5723032031172461,352
coarse,Attacker,84,speed,1.6958645270586077,0.5549074649481218,350
coarse,Attacker,84,acceleration,1.6458213935302382,0.7060326519407942,350
coarse,Attacker,84,distance,138.30924111537428,45.481835823770645,350
coarse,Attacker,84,jerk,3.2190089094086294,1.5381109510267883,350
coarse,Attacker,85,speed,1.8109196767443219,0.5741965057914118,348
coarse,Attacker,85,acceleration,1.7487145630859708,0.8905562966987536,348
coarse,Attacker,85,distance,141.93900140805488,48.21057226552963,348
coarse,Attacker,85,jerk,3.3846872160010357,1.9432930494346754,348
coarse,Attacker,86,speed,1.9154140917989733,0.5248826102324148,350
coarse,Attacker,86,acceleration,1.846065121564988,0.875657982647984,350
coarse,Attacker,86,distance,147.75192154257047,51.403541436536486,350
coarse,Attacker,86,jerk,3.5452427500857993,1.9183422297230206,350
coarse,Attacker,87,speed,1.816815364438225,0.5457484323149746,352
coarse,Attacker,87,acceleration,1.6754100284568763,0.7924172918568589,352
coarse,Attacker,87,distance,141.36853259674913,42.75343327306274,352
coarse,Attacker,87,jerk,3.1989628140867286,1.7374635706072916,352
coarse,Attacker,88,speed,1.8854083559870638,0.5969382370777032,352
coarse,Attacker,88,acceleration,1.7574094007243546,0.8033692437704213,352
coarse,Attacker,88,distance,144.69349458598083,40.99748064725099,352
coarse,Attacker,88,jerk,3.3669840562461677,1.7082404864708203,352
coarse,Attacker,89,speed,1.8566700319406544,0.5980298175194015,353
coarse,Attacker,89,acceleration,1.79131975533924,0.7247443706533582,353
coarse,Attacker,89,distance,146.19006953146175,43.26967828436361,353
coarse,Attacker,89,jerk,3.483580083584704,1.5797126822468488,353
coarse,Attacker,90,speed,1.7180381996748924,0.6593745168605918,354
coarse,Attacker,90,acceleration,1.7063868234738218,0.9985830163405877,354
coarse,Attacker,90,distance,142.35469209308863,59.51458462168673,354
coarse,Attacker,90,jerk,3.3499007013589437,2.1313423366272013,354
detailed,AM,1,speed,2.419933227079118,0.4419162025889391,42
detailed,AM,1,acceleration,1.9700381449466842,0.5525612298572691,42
detailed,AM,1,distance,160.82715056946995,29.421785408530102,42
detailed,AM,1,jerk,3.468947473446162,1.2657271733496267,42
detailed,AM,2,speed,2.266264313217487,0.5459453904715883,42
detailed,AM,2,acceleration,1.9344475443965763,0.677732035344687,42
detailed,AM,2,distance,154.6304120110966,34.988580298279814,42
detailed,AM,2,jerk,3.5831592372038945,1.4978739667251533,42
detailed,AM,3,speed,2.1613281489058367,0.509567786164475,42
detailed,AM,3,acceleration,1.8456353779058143,0.7389942398892227,42
detailed,AM,3,distance,147.17144630043333,34.29561619921676,42
detailed,AM,3,jerk,3.4726151007610353,1.6510654108788994,42
detailed,AM,4,speed,2.2177567604337574,0.5226189149047147,42
detailed,AM,4,acceleration,1.799501744964169,0.5032621494161488,42
detailed,AM,4,distance,150.26705678013025,27.64523918683356,42
detailed,AM,4,jerk,3.250569360556657,0.9975245170404512,42
detailed,AM,5,speed,2.1323158933473416,0.5443454045951734,42
detailed,AM,5,acceleration,1.7271063676285971,0.544111259740927,42
detailed,AM,5,distance,146.54265720902404,29.314133071492833,42
detailed,AM,5,jerk,3.1637580350162104,1.066563104155998,42
detailed,AM,6,speed,1.9674503939078274,0.6652237681991482,42
detailed,AM,6,acceleration,1.6383647239384511,0.4955983269626189,42
detailed,AM,6,distance,140.9031088116351,31.651332531849572,42
detailed,AM,6,jerk,3.024243698894355,0.9933544154832603,42
detailed,AM,7,speed,1.9774127971349085,0.5351789152089765,42
detailed,AM,7,acceleration,1.7195311180346569,0.7334838981569939,42
detailed,AM,7,distance,140.12701990921477,37.277564098289176,42
detailed,AM,7,jerk,3.1570722269776015,1.622280554751808,42
detailed,AM,8,speed,2.009501091885873,0.5425595451702232,42
detailed,AM,8,acceleration,1.63339652317708,0.44347591351307847,42
detailed,AM,8,distance,143.35749831022665,36.020729307187,42
detailed,AM,8,jerk,3.0156107207766953,0.8286262512227941,42
detailed,AM,9,speed,2.0754756348813004,0.5791929537345624,42
detailed,AM,9,acceleration,1.7140902797905242,0.5130771693842877,42
detailed,AM,9,distance,144.2648911197654,27.349329885435804,42
detailed,AM,9,jerk,3.115279348486947,0.9864061450637801,42
detailed,AM,10,speed,2.043083239407874,0.6711906492382437,42
detailed,AM,10,acceleration,1.8282654695018867,0.6874510054012554,42
detailed,AM,10,distance,152.03485106345602,45.85882382352103,42
detailed,AM,10,jerk,3.4300680728093433,1.4328752009395598,42
detailed,AM,11,speed,1.901670225577974,0.7001543167430675,42
detailed,AM,11,acceleration,1.6785902638102002,0.590135320286391,42
detailed,AM,11,distance,144.45542928014692,38.94795950751614,42
detailed,AM,11,jerk,3.1733467504359822,1.1960297193686649,42
detailed,AM,12,speed,2.067795293928943,0.6476738766835174,42
detailed,AM,12,acceleration,1.7697330121593837,0.5332613501218404,42
detailed,AM,12,distance,142.16613719300526,33.00458550218587,42
detailed,AM,12,jerk,3.231275069078359,1.079129482921777,42
detailed,AM,13,speed,2.0846599393394185,0.6392804189845022,42
detailed,AM,13,acceleration,1.7024256693238584,0.5274174619625933,42
detailed,AM,13,distance,146.6709541191764,41.989461833906404,42
detailed,AM,13,jerk,3.153369423229868,1.111281161871726,42
detailed,AM,14,speed,2.155697304071357,0.604337569025098,42
detailed,AM,14,acceleration,1.7726357156890358,0.6598125288972881,42
detailed,AM,14,distance,148.67621474969016,30.602114386322125,42
detailed,AM,14,jerk,3.2723621752432606,1.3824987450440935,42
detailed,AM,15,speed,1.9555271535016088,0.5232179795576798,42
detailed,AM,15,acceleration,1.6533412561117844,0.5280391396728366,42
detailed,AM,15,distance,138.44390988678316,27.58708300559727,42
detailed,AM,15,jerk,3.0760605437439583,1.0558116178978694,42
detailed,AM,16,speed,1.9080536051024124,0.7157529741176182,42
detailed,AM,16,acceleration,1.6501874886021162,0.522927774585516,42
detailed,AM,16,distance,137.10684875242464,39.63375011946177,42
detailed,AM,16,jerk,3.102582041291281,1.0314130595217887,42
detailed,AM,17,speed,1.7842013496065245,0.6077901709836896,42
detailed,AM,17,acceleration,1.6153834866261607,0.7950676696959473,42
detailed,AM,17,distance,137.23632822459936,36.96671028743574,42
detailed,AM,17,jerk,3.084999323796582,1.6493201284094048,42
detailed,AM,18,speed,1.8461167264804084,0.7035856241958498,42
detailed,AM,18,acceleration,1.5411324728679023,0.4824935127510498,42
detailed,AM,18,distance,132.73412407578056,29.945944775493114,42
detailed,AM,18,jerk,2.8324488255076763,0.9861982004832816,42
detailed,AM,19,speed,1.9127286208311434,0.5747355014938037,42
detailed,AM,19,acceleration,1.7049543395093554,0.8549663841613918,42
detailed,AM,19,distance,139.58480166176747,39.461643955409606,42
detailed,AM,19,jerk,3.2252112716190746,1.8286504273490143,42
detailed,AM,20,speed,2.122355728541503,0.7415339852115679,42
detailed,AM,20,acceleration,2.014744882383901,1.0600578555564726,42
detailed,AM,20,distance,151.19030298172214,48.84272420466101,42
detailed,AM,20,jerk,3.800349192148881,2.2221291244533923,42
detailed,AM,21,speed,1.8900217079770796,0.6161041568455718,42
detailed,AM,21,acceleration,1.7457155313200499,0.9766229327742388,42
detailed,AM,21,distance,144.13874773874514,48.02286285178464,42
detailed,AM,21,jerk,3.2891728525748056,1.9797907656344331,42
detailed,AM,22,speed,1.9615754644762329,0.6338412776083011,43
detailed,AM,22,acceleration,1.6160511920594662,0.7050982513675609,43
detailed,AM,22,distance,140.94146144832905,38.074521046930805,43
detailed,AM,22,jerk,3.0185378085555943,1.4892179547101732,43
detailed,AM,23,speed,2.0499267656781512,0.6044726171059179,43
detailed,AM,23,acceleration,1.6912697094716886,0.6459162523997514,43
detailed,AM,23,distance,143.04199053462705,31.424048821448654,43
detailed,AM,23,jerk,3.084046867034734,1.3415776808212165,43
detailed,AM,24,speed,1.9393559246467076,0.5296288506742687,43
detailed,AM,24,acceleration,1.6169026576982095,0.46197219209513385,43
detailed,AM,24,distance,132.90957443007466,28.46147912770967,43
detailed,AM,24,jerk,2.95627771455071,0.9153591082544462,43
detailed,AM,25,speed,1.8314680617089876,0.6113818494806393,43
detailed,AM,25,acceleration,1.575768013961299,0.634014280833245,43
detailed,AM,25,distance,139.31749477003814,43.153826813157224,43
detailed,AM,25,jerk,2.9342635475624834,1.3360220381586767,43
detailed,AM,26,speed,2.069366968140733,0.6050743687184517,43
detailed,AM,26,acceleration,1.8045767465033997,0.7928790119572905,43
detailed,AM,26,distance,148.73994297666349,37.81458033331245,43
detailed,AM,26,jerk,3.335845212002994,1.697773787956071,43
detailed,AM,27,speed,1.8861152760251954,0.6038341217859144,43
detailed,AM,27,acceleration,1.731736588865782,0.5829760151499571,43
detailed,AM,27,distance,142.09102589916685,32.028721802486,43
detailed,AM,27,jerk,3.2814690137301294,1.1857330201225296,43
detailed,AM,28,speed,1.8180418239821563,0.5435484883718821,43
detailed,AM,28,acceleration,1.7500111590085312,0.8059280511766599,43
detailed,AM,28,distance,136.6279569718464,34.59365524181215,43
detailed,AM,28,jerk,3.355140982656841,1.7489233033334848,43
detailed,AM,29,speed,1.8696029307719606,0.5742092694011635,43
detailed,AM,29,acceleration,1.8252816701409462,0.693168787039344,43
detailed,AM,29,distance,140.07387643441487,31.98063148034814,43
detailed,AM,29,jerk,3.502706874117472,1.4984764631256535,43
detailed,AM,30,speed,2.0122959051775884,0.5916437254991437,43
detailed,AM,30,acceleration,1.7068235018713505,0.6375859439402667,43
detailed,AM,30,distance,140.35693645644912,38.06969897023254,43
detailed,AM,30,jerk,3.1167822183364904,1.2716873250366303,43
detailed,AM,31,speed,1.9977154376339759,0.6289569146380853,43
detailed,AM,31,acceleration,1.6830497712130716,0.7710445317359426,43
detailed,AM,31,distance,142.02241560861862,40.7048593500031,43
detailed,AM,31,jerk,3.0900126212176993,1.6405192613705075,43
detailed,AM,32,speed,1.8939944938715059,0.5757875574636839,43
detailed,AM,32,acceleration,1.6725562045173004,0.4534243434491476,43
detailed,AM,32,distance,140.66751565667704,33.64000848365475,43
detailed,AM,32,jerk,3.2167628644542807,0.9830216319994936,43
detailed,AM,33,speed,1.9305714616635299,0.6258937078824874,43
detailed,AM,33,acceleration,1.7604373408655674,0.7861951898256602,43
detailed,AM,33,distance,146.98644193276905,36.95349007267669,43
detailed,AM,33,jerk,3.364150901745104,1.7029368333943777,43
detailed,AM,34,speed,1.9220721285919595,0.534294074601455,43
detailed,AM,34,acceleration,1.6681168202394812,0.7015416987382141,43
detailed,AM,34,distance,137.95236819436454,38.39485084291775,43
detailed,AM,34,jerk,3.1274786509386314,1.5778148720026683,43
detailed,AM,35,speed,1.9104038653272575,0.5725648907457059,43
detailed,AM,35,acceleration,1.7652655364044967,0.5902858652477632,43
detailed,AM,35,distance,146.8385347260772,45.251850684240274,43
detailed,AM,35,jerk,3.356315042113982,1.2204285843876457,43
detailed,AM,36,speed,1.957896881282873,0.6417320842445966,43
detailed,AM,36,acceleration,1.7820386787971394,0.7179480164724292,43
detailed,AM,36,distance,145.57884567262346,37.4171660818625,43
detailed,AM,36,jerk,3.365321084244821,1.5367538625540285,43
detailed,AM,37,speed,1.897288407855581,0.4842539442730602,43
detailed,AM,37,acceleration,1.7860956055880104,0.725780849789803,43
detailed,AM,37,distance,140.61688804950788,37.253534476565875,43
detailed,AM,37,jerk,3.4140047071838953,1.7019044803724934,43
detailed,AM,38,speed,1.9758048163138622,0.47235192300041406,43
detailed,AM,38,acceleration,1.613716556522463,0.4516937932141003,43
detailed,AM,38,distance,133.396359077306,25.93890405877032,43
detailed,AM,38,jerk,2.9046044621124136,0.9308567500654396,43
detailed,AM,39,speed,1.770028682367749,0.5967803608727085,43
detailed,AM,39,acceleration,1.5224602827237852,0.44439636341369715,43
detailed,AM,39,distance,127.30047195585992,28.647452359424182,43
detailed,AM,39,jerk,2.8304059419037917,0.9377623361844017,43
detailed,AM,40,speed,1.9379074261246054,0.6599629342629947,43
detailed,AM,40,acceleration,1.8527991796193017,1.1132127624735768,43
detailed,AM,40,distance,143.0224826127295,45.01701530207523,43
detailed,AM,40,jerk,3.5696190812524766,2.377531747610984,43
detailed,AM,41,speed,1.8818538923264925,0.623753312990327,43
detailed,AM,41,acceleration,1.6668420466936043,0.5314756654826956,43
detailed,AM,41,distance,137.21613031524453,36.934361691646906,43
detailed,AM,41,jerk,3.1400625490425935,1.1319436807681695,43
detailed,AM,42,speed,1.8828716566402444,0.517716619350115,43
detailed,AM,42,acceleration,1.6235251150628964,0.6585476764977785,43
detailed,AM,42,distance,136.8664217359192,39.93647213913077,43
detailed,AM,42,jerk,3.0092671106125533,1.333753344694568,43
detailed,AM,43,speed,1.9744820293119032,0.6249612665923436,43
detailed,AM,43,acceleration,1.711774313383236,0.7293347244528235,43
detailed,AM,43,distance,140.74414745535404,37.70877557257543,43
detailed,AM,43,jerk,3.2131190866316324,1.6206717645199182,43
detailed,AM,44,speed,1.8773806783809353,0.5716851323283324,43
detailed,AM,44,acceleration,1.862591802564966,0.8744738530743361,43
detailed,AM,44,distance,139.4174185602607,39.12880355583001,43
detailed,AM,44,jerk,3.56674277494793,1.9288749464938069,43
detailed,AM,45,speed,1.960568124926681,0.5179459557020902,43
detailed,AM,45,acceleration,1.918413999942787,0.9744832856854961,43
detailed,AM,45,distance,148.52776269041834,39.668509716920966,43
detailed,AM,45,jerk,3.713470068495528,2.0760977463172603,43
detailed,AM,46,speed,2.2408120428979013,0.5169169961399067,48
detailed,AM,46,acceleration,1.81110206865572,1.2108397383672045,48
detailed,AM,46,distance,152.48484704783718,44.24292351254693,48
detailed,AM,46,jerk,3.2160826756597185,2.6075472046583625,48
detailed,AM,47,speed,2.036972197891941,0.6725598825735847,48
detailed,AM,47,acceleration,1.6145963267559462,0.5637098894366739,48
detailed,AM,47,distance,145.06027766709843,43.877137596876906,48
detailed,AM,47,jerk,2.9864547430993764,1.1481047842753496,48
detailed,AM,48,speed,2.1175239536069905,0.6150542683167707,48
detailed,AM,48,acceleration,1.922680328919256,0.8479713263357667,48
detailed,AM,48,distance,154.86331165127308,40.5878931501261,48
detailed,AM,48,jerk,3.5892491067081083,1.8411999608418657,48
detailed,AM,49,speed,1.839578372166556,0.6264584998781876,48
detailed,AM,49,acceleration,1.563460939184772,0.5148470655506412,48
detailed,AM,49,distance,140.0874197200537,39.11384410051988,48
detailed,AM,49,jerk,2.996628432870159,1.0725838790443336,48
detailed,AM,50,speed,1.8689059879549907,0.640798524926267,48
detailed,AM,50,acceleration,1.672351422691188,0.5061775734686156,48
detailed,AM,50,distance,139.37043015057193,31.587945837526785,48
detailed,AM,50,jerk,3.155837217762688,1.1098094797028375,48
detailed,AM,51,speed,2.061324110517281,0.5703322431062559,48
detailed,AM,51,acceleration,1.9961760905487977,1.3688818063831107,48
detailed,AM,51,distance,157.0949759598853,62.790899339075445,48
detailed,AM,51,jerk,3.8232797996434207,2.9367476372392205,48
detailed,AM,52,speed,1.8291790016062945,0.5750751127528679,48
detailed,AM,52,acceleration,1.629454470868912,0.49931631911363816,48
detailed,AM,52,distance,137.74172165677575,33.57895735905173,48
detailed,AM,52,jerk,3.103512315827317,1.1189037634871775,48
detailed,AM,53,speed,1.9886978654343193,0.5800706091043532,48
detailed,AM,53,acceleration,1.8200256111691793,0.754003401523239,48
detailed,AM,53,distance,147.57856870920722,33.99458671172322,48
detailed,AM,53,jerk,3.4805235178395666,1.6961403044134562,48
detailed,AM,54,speed,1.9139134133544633,0.6883179534522702,48
detailed,AM,54,acceleration,1.6606072583901457,0.5528784107918684,48
detailed,AM,54,distance,139.35416377034042,32.38609184282889,48
detailed,AM,54,jerk,3.1412930067831546,1.092565715585759,48
detailed,AM,55,speed,1.8444287541926971,0.5888763053785296,47
detailed,AM,55,acceleration,1.6450784805421683,0.7307811304931134,47
detailed,AM,55,distance,135.4972802619373,35.07389351114913,47
detailed,AM,55,jerk,3.0764068552741852,1.4857858576372776,47
detailed,AM,56,speed,2.0183177027877264,0.5307641773689903,47
detailed,AM,56,acceleration,1.6456850432166346,0.4634269894759565,47
detailed,AM,56,distance,141.06540459833138,33.26477851628788,47
detailed,AM,56,jerk,3.0082164307971127,0.9357202006511165,47
detailed,AM,57,speed,1.6453108449907334,0.5557943632294963,48
detailed,AM,57,acceleration,1.4998897011924246,0.5791997677125189,48
detailed,AM,57,distance,126.44621647037916,29.24376417171579,48
detailed,AM,57,jerk,2.879355975486209,1.272500158500772,48
detailed,AM,58,speed,1.8771568970719728,0.5719408569348517,48
detailed,AM,58,acceleration,1.6612510282476407,0.5365431683616102,48
detailed,AM,58,distance,142.0467502865071,45.31837411741448,48
detailed,AM,58,jerk,3.106529522181431,1.142650774019726,48
detailed,AM,59,speed,1.8448194366093074,0.66052053089671,48
detailed,AM,59,acceleration,1.5022887495841954,0.5046943580514948,48
detailed,AM,59,distance,134.93715291506138,38.5445356326075,48
detailed,AM,59,jerk,2.780612671497573,0.9704213717288452,48
detailed,AM,60,speed,1.8987894898847544,0.6392912875173921,47
detailed,AM,60,acceleration,1.6900450125535047,0.4919852400029521,47
detailed,AM,60,distance,145.3252646777295,46.1703055438365,47
detailed,AM,60,jerk,3.1786556363039367,1.0526929584018545,47
detailed,AM,61,speed,1.8057485546954128,0.5018576653140127,47
detailed,AM,61,acceleration,1.7575165943815125,1.0315243971088368,47
detailed,AM,61,distance,139.69734389723726,41.275243279916666,47
detailed,AM,61,jerk,3.4094687546977123,2.4147783356246086,47
detailed,AM,62,speed,1.858283504341992,0.6627954762906607,48
detailed,AM,62,acceleration,1.6042271798969086,0.567571440359169,48
detailed,AM,62,distance,137.61951931387733,39.92856525162455,48
detailed,AM,62,jerk,3.0471696948251528,1.1698882416230685,48
detailed,AM,63,speed,1.9314453205340048,0.5811391677132025,49
detailed,AM,63,acceleration,1.6376406567674842,0.6554476087287668,49
detailed,AM,63,distance,138.424896297612,38.42313350861291,49
detailed,AM,63,jerk,3.078301768667813,1.4311024819221956,49
detailed,AM,64,speed,1.6431631676919147,0.6366324862879006,50
detailed,AM,64,acceleration,1.3076353423962634,0.46750418458018034,50
detailed,AM,64,distance,121.88596469653118,33.12881024467057,50
detailed,AM,64,jerk,2.430033551072582,0.9139995959620847,50
detailed,AM,65,speed,1.7388886524710399,0.520623142307576,52
detailed,AM,65,acceleration,1.4405240118236475,0.4270233834448907,52
detailed,AM,65,distance,124.95861944075682,25.738091966837544,52
detailed,AM,65,jerk,2.6812103041431476,0.8267566742613426,52
detailed,AM,66,speed,1.8392540943574796,0.6172243723530437,54
detailed,AM,66,acceleration,1.5333515421423132,0.5547079521346057,54
detailed,AM,66,distance,133.55426738427875,36.44146484100631,54
detailed,AM,66,jerk,2.832615074157632,1.0402518199899546,54
detailed,AM,67,speed,1.7425804810994954,0.7211987239460095,57
detailed,AM,67,acceleration,1.569390386749684,0.7456649585584194,57
detailed,AM,67,distance,131.35534774020545,46.251262306680175,57
detailed,AM,67,jerk,2.982078317445254,1.599966759707409,57
detailed,AM,68,speed,1.82522134996252,0.6478622463348577,61
detailed,AM,68,acceleration,1.7984775169629499,0.9358521036101936,61
detailed,AM,68,distance,145.95712143578493,49.003236952624036,61
detailed,AM,68,jerk,3.488802438503852,2.0713447715611935,61
detailed,AM,69,speed,1.6852800772897114,0.5771390122234374,62
detailed,AM,69,acceleration,1.5343098349377162,0.5730411740124438,62
detailed,AM,69,distance,131.0480569605542,34.31235259626655,62
detailed,AM,69,jerk,2.9584750753907927,1.150263559885581,62
detailed,AM,70,speed,1.9049998150935572,0.6471197871954806,60
detailed,AM,70,acceleration,1.5801002410591767,0.508580108400548,60
detailed,AM,70,distance,140.43483621318202,36.04379585367595,60
detailed,AM,70,jerk,2.9239847718618974,0.9849030399367714,60
detailed,AM,71,speed,1.5131807669400354,0.6945624848623323,59
detailed,AM,71,acceleration,1.4179939930064536,0.5673131026738722,59
detailed,AM,71,distance,125.96242874787409,34.12032574351562,59
detailed,AM,71,jerk,2.756569538046644,1.1413208122661385,59
detailed,AM,72,speed,1.8416046074549584,0.6216382674414104,58
detailed,AM,72,acceleration,1.777806054695439,0.6282235986738989,58
detailed,AM,72,distance,148.5381845800129,42.23280314252604,58
detailed,AM,72,jerk,3.437644253198842,1.4084702997377525,58
detailed,AM,73,speed,1.943355118667449,0.7554107150320372,62
detailed,AM,73,acceleration,1.655834163668344,0.5439693451454057,62
detailed,AM,73,distance,145.62161433065134,37.427521931992736,62
detailed,AM,73,jerk,3.1215080010171077,1.1034836988601566,62
detailed,AM,74,speed,1.9336729198317726,0.660255265146057,62
detailed,AM,74,acceleration,1.7275931690634874,0.47674003841763085,62
detailed,AM,74,distance,150.80998980721134,48.02890224798367,62
detailed,AM,74,jerk,3.312210315118675,1.0466107853296145,62
detailed,AM,75,speed,1.7839451613762325,0.6371284093847382,66
detailed,AM,75,acceleration,1.6825917019505672,0.6697577321540357,66
detailed,AM,75,distance,140.9460492310568,43.42105227574282,66
detailed,AM,75,jerk,3.2546263848941344,1.425695485774497,66
detailed,AM,76,speed,1.7796031811347766,0.6134388223993633,65
detailed,AM,76,acceleration,1.5273504276047605,0.4496141594335996,65
detailed,AM,76,distance,138.27048613877926,34.93582237154257,65
detailed,AM,76,jerk,2.901434861610204,0.8685528175634737,65
detailed,AM,77,speed,1.8670865125926734,0.5693457022819781,66
detailed,AM,77,acceleration,1.6447166666338233,0.5419975795125367,66
detailed,AM,77,distance,144.17127786008373,38.661222833299526,66
detailed,AM,77,jerk,3.0899357269193772,1.0853475358450395,66
detailed,AM,78,speed,1.7466804094869253,0.658369598549098,65
detailed,AM,78,acceleration,1.659241587420519,0.6085573698875495,65
detailed,AM,78,distance,137.58614360717655,35.91083882033153,65
detailed,AM,78,jerk,3.20099445019436,1.2786811234807007,65
detailed,AM,79,speed,1.89862168808673,0.5279236198503857,68
detailed,AM,79,acceleration,1.677142076194927,0.5676674564828151,68
detailed,AM,79,distance,139.55936233618755,40.790954291810024,68
detailed,AM,79,jerk,3.16145978528957,1.238813553857946,68
detailed,AM,80,speed,1.948719981307849,0.6674258097186759,70
detailed,AM,80,acceleration,1.752848522017814,0.5333902314568629,70
detailed,AM,80,distance,143.45735018173548,36.835749035183824,70
detailed,AM,80,jerk,3.2997356000036477,1.1571792625194686,70
detailed,AM,81,speed,1.8513364829334016,0.5934995238911754,69
detailed,AM,81,acceleration,1.6797054782496206,0.597917433619606,69
detailed,AM,81,distance,137.7687922882125,35.050844585423306,69
detailed,AM,81,jerk,3.180351049594305,1.1899235897313098,69
detailed,AM,82,speed,1.6316080383498632,0.7081976966004612,73
detailed,AM,82,acceleration,1.586354993750669,0.5562632440012298,73
detailed,AM,82,distance,132.18220529963892,43.335030157947514,73
detailed,AM,82,jerk,3.0674619599442385,1.0979832827932976,73
detailed,AM,83,speed,1.8315624194227635,0.633719687351282,75
detailed,AM,83,acceleration,1.6021935715193967,0.47729916530485134,75
detailed,AM,83,distance,139.34042102953728,34.27209888671071,75
detailed,AM,83,jerk,3.0248878178707432,0.931376751055656,75
detailed,AM,84,speed,2.0013706241082723,0.6664816951289041,76
detailed,AM,84,acceleration,1.8080932543731423,0.7461267040232975,76
detailed,AM,84,distance,150.08393211077401,35.22789071661549,76
detailed,AM,84,jerk,3.442699822751807,1.5702436944470657,76
detailed,AM,85,speed,1.7759581076213384,0.6461647613204831,78
detailed,AM,85,acceleration,1.5725684219383527,0.5885436339446012,78
detailed,AM,85,distance,135.76091810712833,39.955854988503674,78
detailed,AM,85,jerk,2.942996528302206,1.1174393109162797,78
detailed,AM,86,speed,2.1068539511327957,0.6851906047089446,78
detailed,AM,86,acceleration,1.8539412752260558,0.9310312760757758,78
detailed,AM,86,distance,153.72355001683437,49.40073970898359,78
detailed,AM,86,jerk,3.4484744474352635,1.9069537086230055,78
detailed,AM,87,speed,2.0059946057325075,0.5841999562281807,80
detailed,AM,87,acceleration,1.706057541923408,0.7217853371977522,80
detailed,AM,87,distance,146.7420321110672,44.69743389320239,80
detailed,AM,87,jerk,3.1748124930278356,1.6025794405590392,80
detailed,AM,88,speed,1.9833898587900998,0.5836104991894427,80
detailed,AM,88,acceleration,1.6481229037412342,0.46448165603662817,80
detailed,AM,88,distance,144.6592537063674,41.262990530810455,80
detailed,AM,88,jerk,3.026248674450431,0.9479800466907103,80
detailed,AM,89,speed,1.8948856795132698,0.630460479914371,79
detailed,AM,89,acceleration,1.6980718465861717,0.5804582110989337,79
detailed,AM,89,distance,146.77312800176142,51.486026161036065,79
detailed,AM,89,jerk,3.201844503940983,1.3038429518777193,79
detailed,AM,90,speed,1.9650072064896784,0.754928733816982,79
detailed,AM,90,acceleration,1.6572422789691168,0.6975507882701332,79
detailed,AM,90,distance,145.6693521518454,42.178081172779684,79
detailed,AM,90,jerk,3.125330841343116,1.4493512282759873,79
detailed,DM,1,speed,2.2876633034426406,0.6334410792019549,7
detailed,DM,1,acceleration,1.6757910433935028,0.3324582951420913,7
detailed,DM,1,distance,144.76767464401487,33.7174032434944,7
detailed,DM,1,jerk,2.8707552952063558,0.5996110834951728,7
detailed,DM,2,speed,2.1453290590523424,0.5094518472943735,7
detailed,DM,2,acceleration,1.9427166663329138,0.9130483195781719,7
detailed,DM,2,distance,143.7534084376523,40.1429927395538,7
detailed,DM,2,jerk,3.6327260162325268,2.0467843710199527,7
detailed,DM,3,speed,2.0094921582728484,0.43719957807578386,7
detailed,DM,3,acceleration,1.4271451971962057,0.2550645391035286,7
detailed,DM,3,distance,132.1643310064982,24.337342459769882,7
detailed,DM,3,jerk,2.5298318187355235,0.6171935566069412,7
detailed,DM,4,speed,1.7491372560937695,0.5436105696322251,7
detailed,DM,4,acceleration,1.4903461459154503,0.6962563902628773,7
detailed,DM,4,distance,123.8856588958512,31.846438407774905,7
detailed,DM,4,jerk,2.8015971589325486,1.426763925743147,7
detailed,DM,5,speed,2.4749592279989416,0.45158349526220976,7
detailed,DM,5,acceleration,1.8321300462789947,0.5117305824084195,7
detailed,DM,5,distance,156.78637140543177,26.99741618796236,7
detailed,DM,5,jerk,3.2694928324798824,1.262794837092966,7
detailed,DM,6,speed,2.021836250721793,0.5040140511884693,7
detailed,DM,6,acceleration,1.4524813263864262,0.46147774456329516,7
detailed,DM,6,distance,133.27954918344662,30.691541686912647,7
detailed,DM,6,jerk,2.6087629351559594,0.9021800793736701,7
detailed,DM,7,speed,1.8255900978555497,0.767409046291335,7
detailed,DM,7,acceleration,1.5141543915446218,0.5625322270700084,7
detailed,DM,7,distance,126.38573235589344,39.1360302271393,7
detailed,DM,7,jerk,2.766252582345671,0.8764717129667113,7
detailed,DM,8,speed,1.85935095934545,0.7999594757101037,7
detailed,DM,8,acceleration,1.991613131675437,0.7293838782428159,7
detailed,DM,8,distance,147.35022169122652,33.25018985459846,7
detailed,DM,8,jerk,3.920814437544905,1.7387337295809397,7
detailed,DM,9,speed,1.6662189584084828,0.7388434450795397,7
detailed,DM,9,acceleration,1.5323113133197932,0.5914155263053703,7
detailed,DM,9,distance,123.00898004112284,43.34940941885972,7
detailed,DM,9,jerk,2.9725794022451986,1.2247945618597662,7
detailed,DM,10,speed,1.7622493882000236,0.8997507781790792,7
detailed,DM,10,acceleration,1.5804670837227401,0.769841965891461,7
detailed,DM,10,distance,126.32219229428843,48.83850144760776,7
detailed,DM,10,jerk,3.11992951698319,1.5199308530955127,7
detailed,DM,11,speed,1.6903013533411129,0.45035534024985396,7
detailed,DM,11,acceleration,1.5996669329017266,0.3352001380336955,7
detailed,DM,11,distance,126.03076493629952,17.250019542429285,7
detailed,DM,11,jerk,3.1147654430529212,0.7850284926055303,7
detailed,DM,12,speed,2.0923833110947423,0.5101691019687072,7
detailed,DM,12,acceleration,1.9618756179739851,0.6545417798578009,7
detailed,DM,12,distance,141.79804049615458,31.695540327117392,7
detailed,DM,12,jerk,3.6424959554695953,1.2897086033590002,7
detailed,DM,13,speed,1.7411415128122996,0.46561375646634207,7
detailed,DM,13,acceleration,1.5851221916177416,0.4971257617783737,7
detailed,DM,13,distance,118.61692325124679,23.121269397984562,7
detailed,DM,13,jerk,2.9121892107664467,0.9722898032085482,7
detailed,DM,14,speed,2.4058723468074015,0.43025795778914727,7
detailed,DM,14,acceleration,1.8248965407137308,0.3624473125822759,7
detailed,DM,14,distance,153.68744469995661,20.139774861987238,7
detailed,DM,14,jerk,3.1671532838640006,0.6510748629143316,7
detailed,DM,15,speed,2.0145949008684543,0.71054773794473,7
detailed,DM,15,acceleration,1.5745391620790454,0.7311769708214134,7
detailed,DM,15,distance,131.82949634058636,44.65938556319022,7
detailed,DM,15,jerk,2.8918174043875102,1.6256553427534666,7
detailed,DM,16,speed,1.8942028267424014,0.4136456770318908,7
detailed,DM,16,acceleration,1.6004970878002467,0.2595660555037155,7
detailed,DM,16,distance,129.29404307922624,20.345594779369684,7
detailed,DM,16,jerk,2.9948866374774816,0.5173672027170649,7
detailed,DM,17,speed,1.7947410250531546,0.5904089094662999,7
detailed,DM,17,acceleration,1.4452242696620168,0.35898198767246337,7
detailed,DM,17,distance,129.2538062200937,33.55724161474568,7
detailed,DM,17,jerk,2.6513711548742704,0.752405414015371,7
detailed,DM,18,speed,1.9821237961854814,1.096395638517145,7
detailed,DM,18,acceleration,1.674967095888351,0.7460263837529609,7
detailed,DM,18,distance,139.6884125227927,54.81136366082071,7
detailed,DM,18,jerk,3.108353358632629,1.1899393651885843,7
detailed,DM,19,speed,1.811034632635505,0.47700338844109247,7
detailed,DM,19,acceleration,1.5950652316465825,0.2632091588204544,7
detailed,DM,19,distance,125.42341740325737,27.325601523383153,7
detailed,DM,19,jerk,2.988426995756488,0.6183088718768756,7
detailed,DM,20,speed,1.9052014634361711,0.5228789156103507,7
detailed,DM,20,acceleration,1.348910048129128,0.30983004559034055,7
detailed,DM,20,distance,127.18964860113395,20.996409406934774,7
detailed,DM,20,jerk,2.446779010113835,0.5627380776119719,7
detailed,DM,21,speed,1.878085024515744,0.6421373219900439,7
detailed,DM,21,acceleration,1.447582726964841,0.5024505926124128,7
detailed,DM,21,distance,132.12448642489284,26.82578153456743,7
detailed,DM,21,jerk,2.605194614309724,1.0956461559934623,7
detailed,DM,22,speed,2.3294905846472056,0.48355451937728994,7
detailed,DM,22,acceleration,1.7787031613263078,0.622725528561762,7
detailed,DM,22,distance,151.85106807017002,30.074036472112816,7
detailed,DM,22,jerk,3.277058740641116,1.3192237370242672,7
detailed,DM,23,speed,2.004875622165109,0.3552113063703938,7
detailed,DM,23,acceleration,1.5969884361212183,0.24600975848105236,7
detailed,DM,23,distance,131.92591737704143,19.000872684978713,7
detailed,DM,23,jerk,2.8899078113276437,0.6218329575548855,7
detailed,DM,24,speed,2.2160240795749413,0.24654328296320185,7
detailed,DM,24,acceleration,1.8023036477736551,0.7172101595935687,7
detailed,DM,24,distance,143.73939533884388,19.545681797070024,7
detailed,DM,24,jerk,3.260498013348502,1.670120165876918,7
detailed,DM,25,speed,1.8329172448581894,0.7374060994069448,7
detailed,DM,25,acceleration,1.6456659821188147,0.6946562143186789,7
detailed,DM,25,distance,126.52752991839004,33.5930016716289,7
detailed,DM,25,jerk,3.066520411935159,1.3136923235452957,7
detailed,DM,26,speed,1.914198673113205,0.5612286633048794,7
detailed,DM,26,acceleration,1.4739228811157825,0.469506871903003,7
detailed,DM,26,distance,129.30883544008933,33.98991241004276,7
detailed,DM,26,jerk,2.657887688735741,0.8964240286928193,7
detailed,DM,27,speed,1.8890083184279198,0.7468163240483553,7
detailed,DM,27,acceleration,1.6094289931650596,0.7969083216712488,7
detailed,DM,27,distance,130.58557077284988,38.7361535857915,7
detailed,DM,27,jerk,2.8414161447476802,1.366931636762416,7
detailed,DM,28,speed,1.696188676859872,0.5383696132830234,7
detailed,DM,28,acceleration,1.5334937802994695,0.2911920375610701,7
detailed,DM,28,distance,125.78686278601474,14.131937931515125,7
detailed,DM,28,jerk,2.9069940916667707,0.9112384834516971,7
detailed,DM,29,speed,1.5609267037785366,0.5268602361343147,7
detailed,DM,29,acceleration,1.363012581941194,0.31461793365639046,7
detailed,DM,29,distance,112.84905128208422,20.424431939691463,7
detailed,DM,29,jerk,2.4824607997206023,0.5397394156990232,7
detailed,DM,30,speed,1.7809005925014578,0.7976103945845158,7
detailed,DM,30,acceleration,1.7810239035704936,0.9310204790070868,7
detailed,DM,30,distance,135.31376151244527,47.16262059189326,7
detailed,DM,30,jerk,3.581567499941142,2.114270684600072,7
detailed,DM,31,speed,2.0386624127052473,0.38782932609804976,7
detailed,DM,31,acceleration,1.5069223148348496,0.27929968528676924,7
detailed,DM,31,distance,133.88796883532927,17.55017479922887,7
detailed,DM,31,jerk,2.6589941555388696,0.5158133913853289,7
detailed,DM,32,speed,2.0996882291892986,0.6884948218377585,7
detailed,DM,32,acceleration,1.7813957517231909,0.6935184368573536,7
detailed,DM,32,distance,148.00802940532637,27.994562970326204,7
detailed,DM,32,jerk,3.297095793919017,1.284260333801949,7
detailed,DM,33,speed,1.585168626549282,0.7235411027331122,7
detailed,DM,33,acceleration,1.3008515507030876,0.6050964148926777,7
detailed,DM,33,distance,117.85175980324922,39.98830323395,7
detailed,DM,33,jerk,2.4487217649800206,1.055313387432896,7
detailed,DM,34,speed,1.9962382412263169,0.5756834947393095,7
detailed,DM,34,acceleration,1.5542754086179367,0.4825472048727245,7
detailed,DM,34,distance,140.64049886572974,18.690444670075397,7
detailed,DM,34,jerk,2.903998528296193,0.8865827926388756,7
detailed,DM,35,speed,2.088244645942375,0.8749174641024393,7
detailed,DM,35,acceleration,1.5131475433596902,0.6156661130370802,7
detailed,DM,35,distance,136.8835332874743,49.76257264466537,7
detailed,DM,35,jerk,2.5933560720651427,1.0816873896527568,7
detailed,DM,36,speed,1.6030545277103945,0.7628504609590107,7
detailed,DM,36,acceleration,1.370773692080485,0.3145610862216358,7
detailed,DM,36,distance,116.31930126200707,31.190428774520434,7
detailed,DM,36,jerk,2.5745526473239444,0.7333796733809385,7
detailed,DM,37,speed,1.7046688729979145,0.7162516109496848,8
detailed,DM,37,acceleration,1.6248095191487568,0.6020755165614905,8
detailed,DM,37,distance,134.82013337521568,36.22116187622889,8
detailed,DM,37,jerk,3.1456257002233547,1.365406921414294,8
detailed,DM,38,speed,1.8482195171270706,0.6126193202688928,8
detailed,DM,38,acceleration,1.4107636328978324,0.42198182404364887,8
detailed,DM,38,distance,126.9278041071237,31.369852420039734,8
detailed,DM,38,jerk,2.709054432614346,0.8132341441642014,8
detailed,DM,39,speed,1.877503719169278,0.69553165577343,8
detailed,DM,39,acceleration,1.5352953063104497,0.6389806574855881,8
detailed,DM,39,distance,127.26626592172042,41.31696576081678,8
detailed,DM,39,jerk,2.7608955184585913,1.2972648041379276,8
detailed,DM,40,speed,1.8247781593766967,0.6115863975332102,8
detailed,DM,40,acceleration,1.53573952661434,0.3919816293535627,8
detailed,DM,40,distance,131.47761856368055,25.84645699453241,8
detailed,DM,40,jerk,2.877831057101355,0.9259536969473877,8
detailed,DM,41,speed,1.6997628623012861,0.689310297865395,8
detailed,DM,41,acceleration,1.601552730599609,0.44212061491523447,8
detailed,DM,41,distance,133.4541092069424,38.90145995488885,8
detailed,DM,41,jerk,3.064391112612349,0.8780797113818706,8
detailed,DM,42,speed,1.7611199037277205,0.668410898406345,8
detailed,DM,42,acceleration,1.612822021469617,0.5223719934542104,8
detailed,DM,42,distance,123.85337920459155,33.05647746698598,8
detailed,DM,42,jerk,2.933313290444439,0.9320024799593055,8
detailed,DM,43,speed,1.761452838139964,0.41881389878541037,8
detailed,DM,43,acceleration,1.3926076840095503,0.39060578073356705,8
detailed,DM,43,distance,116.74520138934135,23.520405920729115,8
detailed,DM,43,jerk,2.543421311704888,0.6564594685153832,8
detailed,DM,44,speed,1.9069541796571188,0.7226934562091025,8
detailed,DM,44,acceleration,1.4717040474298817,0.3827623900350458,8
detailed,DM,44,distance,133.6609096448975,24.03444133108815,8
detailed,DM,44,jerk,2.60055154129523,0.6222810705166469,8
detailed,DM,45,speed,1.8747087426760851,0.952708511676941,8
detailed,DM,45,acceleration,1.6439060158439194,0.5221473257914869,8
detailed,DM,45,distance,140.30585972621498,39.35451164946775,8
detailed,DM,45,jerk,2.9915821271766845,0.9300885971861625,8
detailed,DM,46,speed,2.1426677366740203,0.577903789005421,16
detailed,DM,46,acceleration,1.6547243837676255,0.5079583706157877,16
detailed,DM,46,distance,137.8605841088187,31.479842544814947,16
detailed,DM,46,jerk,2.780012484296619,0.8888884747851817,16
detailed,DM,47,speed,1.8681996628604947,0.5796854216477219,16
detailed,DM,47,acceleration,1.6243085627071578,0.6836342664204402,16
detailed,DM,47,distance,130.17578674834672,36.097174215902974,16
detailed,DM,47,jerk,3.012200940333184,1.4450198634288347,16
detailed,DM,48,speed,1.9027083279569632,0.5601434736753745,16
detailed,DM,48,acceleration,1.5716036630961034,0.431998940596717,16
detailed,DM,48,distance,133.01535419092244,30.909084814202085,16
detailed,DM,48,jerk,2.9229116276400156,0.8532451659570893,16
detailed,DM,49,speed,1.7678966639428395,0.84378921374366,16
detailed,DM,49,acceleration,1.5027592782365273,0.5406396051730401,16
detailed,DM,49,distance,127.54254869682109,40.0349215765524,16
detailed,DM,49,jerk,2.7971629045814734,0.9361181527722036,16
detailed,DM,50,speed,2.0028064466722872,0.842377033821359,16
detailed,DM,50,acceleration,1.6493964113339499,0.5233493653448322,16
detailed,DM,50,distance,140.8092859714365,38.69414993548833,16
detailed,DM,50,jerk,3.0331407892565236,1.034928807400685,16
detailed,DM,51,speed,2.042375100541184,0.5573209217618672,16
detailed,DM,51,acceleration,1.6023940964389154,0.38693741123097164,16
detailed,DM,51,distance,138.38010294491363,23.17565993394372,16
detailed,DM,51,jerk,2.8988590600974367,0.7208560831473512,16
detailed,DM,52,speed,1.8459690477770194,0.6022639693691684,16
detailed,DM,52,acceleration,1.4712612633534752,0.39756413897908466,16
detailed,DM,52,distance,126.81436783179389,29.395381978874667,16
detailed,DM,52,jerk,2.6601627372752814,0.7194365568715962,16
detailed,DM,53,speed,2.0148582537738573,0.5180962731973286,16
detailed,DM,53,acceleration,1.580564824854495,0.3755850914784392,16
detailed,DM,53,distance,140.8872194995779,34.65474175016606,16
detailed,DM,53,jerk,2.929903257661705,0.750490008421418,16
detailed,DM,54,speed,1.9096769519762016,0.8582893175335242,16
detailed,DM,54,acceleration,1.6484594442551677,0.6918602657150211,16
detailed,DM,54,distance,135.93390555001315,46.609851555231465,16
detailed,DM,54,jerk,3.0834943679855558,1.2729235516985753,16
detailed,DM,55,speed,1.8192026758827298,0.6698836300672237,19
detailed,DM,55,acceleration,1.5514842174070131,0.5266096199022403,19
detailed,DM,55,distance,129.0603927525241,37.37203332929977,19
detailed,DM,55,jerk,2.86601120089662,1.0524560922124464,19
detailed,DM,56,speed,1.799498535317928,0.7681491753837144,19
detailed,DM,56,acceleration,1.444110679050827,0.5477314808705365,19
detailed,DM,56,distance,129.77838216967703,38.27670816867116,19
detailed,DM,56,jerk,2.6021861937241724,1.028951111513236,19
detailed,DM,57,speed,1.9075690501811615,0.7547864430291559,20
detailed,DM,57,acceleration,1.5680560818854352,0.5401213523914593,20
detailed,DM,57,distance,133.67296211593944,40.16430725663089,20
detailed,DM,57,jerk,2.885965205024562,0.9962545379838917,20
detailed,DM,58,speed,1.4582774362383173,0.753926081948171,21
detailed,DM,58,acceleration,1.368211469151742,0.5216225167371893,21
detailed,DM,58,distance,117.150188565128,39.450132933355285,21
detailed,DM,58,jerk,2.6446398349610956,1.0643087903080022,21
detailed,DM,59,speed,1.841910617847161,0.8123557918311749,22
detailed,DM,59,acceleration,1.5766058707266355,0.511838575219576,22
detailed,DM,59,distance,134.54065539804898,39.2100207269149,22
detailed,DM,59,jerk,2.9725056865674926,0.9327910518596568,22
detailed,DM,60,speed,2.1373516019578465,0.6837661669904098,23
detailed,DM,60,acceleration,1.8602220585479363,0.8431363097722391,23
detailed,DM,60,distance,147.2161907503664,42.35854892297602,23
detailed,DM,60,jerk,3.4304186173074642,1.7487302854401439,23
detailed,DM,61,speed,1.9047455898301566,0.4645338250924686,23
detailed,DM,61,acceleration,1.6403943582321545,0.5212142331692822,23
detailed,DM,61,distance,142.0122724792294,54.49729349869206,23
detailed,DM,61,jerk,3.070871533843817,1.0694362448178039,23
detailed,DM,62,speed,1.7938240657089655,0.7231198374801002,23
detailed,DM,62,acceleration,1.3898605522351901,0.48772440319846583,23
detailed,DM,62,distance,127.65327276335412,35.160069641845645,23
detailed,DM,62,jerk,2.524774641844519,0.88285092073793,23
detailed,DM,63,speed,1.863378886003898,0.7110151810681878,23
detailed,DM,63,acceleration,1.5118052299066405,0.4984602900921916,23
detailed,DM,63,distance,129.59529713062528,36.4025991524873,23
detailed,DM,63,jerk,2.8071534530086053,0.9064351842806438,23
detailed,DM,64,speed,1.7613573985303703,0.5800838909395934,23
detailed,DM,64,acceleration,1.430491379479051,0.3911192588770452,23
detailed,DM,64,distance,125.67325445367933,34.2965960325467,23
detailed,DM,64,jerk,2.655708417755585,0.7881892535048879,23
detailed,DM,65,speed,1.729550434707954,0.6973069128133103,24
detailed,DM,65,acceleration,1.4549784764733813,0.4203509112710311,24
detailed,DM,65,distance,127.11381883246476,30.356413326694113,24
detailed,DM,65,jerk,2.6841312458805695,0.686548576404761,24
detailed,DM,66,speed,1.7037260622861772,0.6759540931334215,26
detailed,DM,66,acceleration,1.473111416552134,0.6610273986516981,26
detailed,DM,66,distance,122.506435246312,36.51175745489855,26
detailed,DM,66,jerk,2.756172807036691,1.3124631672909008,26
detailed,DM,67,speed,2.005506802868416,0.8135163438192027,27
detailed,DM,67,acceleration,1.6747087927818096,0.7887285391583942,27
detailed,DM,67,distance,140.65608546430627,45.698688322132924,27
detailed,DM,67,jerk,3.1233969179169487,1.6243040303219873,27
detailed,DM,68,speed,1.6583390802665026,0.6616053203354375,29
detailed,DM,68,acceleration,1.4386353362946347,0.5972933182199914,29
detailed,DM,68,distance,124.46535929702652,31.80104420959587,29
detailed,DM,68,jerk,2.7513037160739655,1.1745105211956401,29
detailed,DM,69,speed,1.6958229465162427,0.6037525734092883,31
detailed,DM,69,acceleration,1.5142794246149174,0.6860259752982201,31
detailed,DM,69,distance,127.93065512168543,33.097193543613606,31
detailed,DM,69,jerk,2.9128586594843418,1.505895846812562,31
detailed,DM,70,speed,2.0004644845062542,0.6564941910969974,30
detailed,DM,70,acceleration,1.662662194820303,0.5992678277134303,30
detailed,DM,70,distance,140.89958725394936,35.33261951639617,30
detailed,DM,70,jerk,3.0900954892075867,1.2279977024470756,30
detailed,DM,71,speed,1.8354884832509366,0.8012266477634962,30
detailed,DM,71,acceleration,1.5169512028107797,0.5991101157491384,30
detailed,DM,71,distance,135.52753012186136,40.54719415153546,30
detailed,DM,71,jerk,2.8160644859697084,1.094828174427447,30
detailed,DM,72,speed,1.7415148293637432,0.6959657302456288,31
detailed,DM,72,acceleration,1.472530335569387,0.49357645632842184,31
detailed,DM,72,distance,132.48239010369232,36.48092632323953,31
detailed,DM,72,jerk,2.7498008486546808,0.9451841662830573,31
detailed,DM,73,speed,1.839491702895944,0.7146183217576291,31
detailed,DM,73,acceleration,1.5837397145262182,0.6148527886423153,31
detailed,DM,73,distance,134.16582408739617,36.662695668379406,31
detailed,DM,73,jerk,2.952841481222671,1.1826488247607783,31
detailed,DM,74,speed,1.7137890542929965,0.5336990981500681,32
detailed,DM,74,acceleration,1.565281872026738,0.4633407452612371,32
detailed,DM,74,distance,137.9833035965459,37.45357881241849,32
detailed,DM,74,jerk,2.965769366820705,1.0036899269511412,32
detailed,DM,75,speed,1.9612151039318384,0.5392432783446796,35
detailed,DM,75,acceleration,1.6406158733785416,0.38266159358616597,35
detailed,DM,75,distance,138.54038764641714,28.539529853665492,35
detailed,DM,75,jerk,3.002229770151,0.7691951629285447,35
detailed,DM,76,speed,1.6731679693690036,0.5264819425010985,35
detailed,DM,76,acceleration,1.3835831039653552,0.3845300229924869,35
detailed,DM,76,distance,127.25721169189944,27.855506829608565,35
detailed,DM,76,jerk,2.569371173946708,0.8245233422339164,35
detailed,DM,77,speed,1.822429661535193,0.6196050415249695,35
detailed,DM,77,acceleration,1.4423943551206468,0.3396399414380038,35
detailed,DM,77,distance,134.45617720619924,37.35571481023758,35
detailed,DM,77,jerk,2.611249101743488,0.551850848021547,35
detailed,DM,78,speed,1.787734523305791,0.6273215730302346,36
detailed,DM,78,acceleration,1.5650996416336076,0.49738873850937076,36
detailed,DM,78,distance,135.8280159987768,40.166260621872446,36
detailed,DM,78,jerk,2.896045837480091,1.0401252081225847,36
detailed,DM,79,speed,1.9574613612796308,0.6603479886439821,37
detailed,DM,79,acceleration,1.5478423825535261,0.368969460323466,37
detailed,DM,79,distance,133.751792520225,33.08957676791259,37
detailed,DM,79,jerk,2.8217124571778056,0.6560380578418941,37
detailed,DM,80,speed,1.9536524696752806,0.6502593165707737,38
detailed,DM,80,acceleration,1.7307044790623465,0.7071273818058276,38
detailed,DM,80,distance,139.78827542709828,43.43708623332029,38
detailed,DM,80,jerk,3.2223540868593474,1.5187858102976242,38
detailed,DM,81,speed,1.6561924250403646,0.6919853361916959,38
detailed,DM,81,acceleration,1.4422152020663508,0.4761472409054416,38
detailed,DM,81,distance,128.10756891488515,36.003169209543714,38
detailed,DM,81,jerk,2.7140035609737017,0.922216453732685,38
detailed,DM,82,speed,1.7418777039071365,0.7867829363329938,44
detailed,DM,82,acceleration,1.5691007143141187,0.5462080847067713,44
detailed,DM,82,distance,129.018580930422,39.2577819944094,44
detailed,DM,82,jerk,2.9854242752690308,1.0921625573503688,44
detailed,DM,83,speed,1.9372660176557464,0.6239725502249025,47
detailed,DM,83,acceleration,1.851544082264044,0.7693227398298411,47
detailed,DM,83,distance,145.8849016283637,44.69626359285922,47
detailed,DM,83,jerk,3.5435198477950256,1.574264421921016,47
detailed,DM,84,speed,1.842156689592211,0.6651739132018629,48
detailed,DM,84,acceleration,1.5622363384898563,0.5318713756056171,48
detailed,DM,84,distance,135.0734130082431,44.987041649294966,48
detailed,DM,84,jerk,2.8696258403013544,0.9853081024801943,48
detailed,DM,85,speed,1.9455628825460336,0.5644093348320954,49
detailed,DM,85,acceleration,1.5736911020338125,0.4767013685313098,49
detailed,DM,85,distance,141.3205861987879,30.77490357544753,49
detailed,DM,85,jerk,2.8797116480151335,0.9474839224625545,49
detailed,DM,86,speed,2.0436519964928905,0.5394917633208076,51
detailed,DM,86,acceleration,1.6423179277403679,0.48317536702433106,51
detailed,DM,86,distance,141.46785018897634,28.390492086374703,51
detailed,DM,86,jerk,2.9816441451718996,0.9581251964743983,51
detailed,DM,87,speed,2.061495629698864,0.6007822679167646,52
detailed,DM,87,acceleration,1.6285455191315685,0.4835910435209173,52
detailed,DM,87,distance,142.3506841684685,32.00814340599862,52
detailed,DM,87,jerk,2.9258429696446027,0.9436145781034881,52
detailed,DM,88,speed,1.9656587253844535,0.617425685811102,53
detailed,DM,88,acceleration,1.6551595996599322,0.5510020082116907,53
detailed,DM,88,distance,138.9605080856594,34.404271026631825,53
detailed,DM,88,jerk,3.038156007924819,1.1145618505171493,53
detailed,DM,89,speed,1.944720001016581,0.6595933456679928,54
detailed,DM,89,acceleration,1.5669758692184554,0.4396584817215802,54
detailed,DM,89,distance,141.29037693333635,32.93442821507152,54
detailed,DM,89,jerk,2.9000311208283707,0.8230198056763438,54
detailed,DM,90,speed,1.7662181527470862,0.6729185006646637,56
detailed,DM,90,acceleration,1.4642451613293743,0.5554615872980465,56
detailed,DM,90,distance,129.2252184088851,35.62908695194168,56
detailed,DM,90,jerk,2.7451752385671035,1.050325009798874,56
detailed,MCB,1,speed,2.0534258207250193,0.39455211510284505,32
detailed,MCB,1,acceleration,1.8915863578962402,0.513341841956846,32
detailed,MCB,1,distance,136.5913715102194,23.812935753297143,32
detailed,MCB,1,jerk,3.480780368182837,1.0518447759012142,32
detailed,MCB,2,speed,1.9134896500751075,0.4637955609209671,32
detailed,MCB,2,acceleration,1.6506753285289704,0.5080056579511097,32
detailed,MCB,2,distance,128.7390465947088,28.246680397532575,32
detailed,MCB,2,jerk,3.0311924847876046,0.9542146396174604,32
detailed,MCB,3,speed,1.758714680664088,0.48051692046278727,32
detailed,MCB,3,acceleration,1.80661155951258,0.7523894589364805,32
detailed,MCB,3,distance,134.23338787733152,53.45895795812392,32
detailed,MCB,3,jerk,3.476666441229077,1.5540571966045673,32
detailed,MCB,4,speed,1.6644515212630304,0.5641914119419178,32
detailed,MCB,4,acceleration,1.6535063550120248,0.6481271869307891,32
detailed,MCB,4,distance,124.02369822761666,33.274202017778286,32
detailed,MCB,4,jerk,3.1791235474388952,1.3743308121098996,32
detailed,MCB,5,speed,1.9321173106038476,0.5815541823315779,32
detailed,MCB,5,acceleration,1.8706395794593207,0.7795725835383042,32
detailed,MCB,5,distance,139.0701654037051,33.80806814478136,32
detailed,MCB,5,jerk,3.5745438245374377,1.6110700213140468,32
detailed,MCB,6,speed,1.6932707986665247,0.5748029760727703,32
detailed,MCB,6,acceleration,1.6428525283810649,0.8867327290078094,32
detailed,MCB,6,distance,127.32775443587332,35.62436073669512,32
detailed,MCB,6,jerk,3.162647075218009,1.790075807706146,32
detailed,MCB,7,speed,1.718878848214226,0.41649418808930344,32
detailed,MCB,7,acceleration,1.5516328293589259,0.3760697946111767,32
detailed,MCB,7,distance,117.91447893512525,22.869268039230434,32
detailed,MCB,7,jerk,2.844688343364413,0.7071000358710968,32
detailed,MCB,8,speed,1.8673254498134264,0.4927864669679646,32
detailed,MCB,8,acceleration,1.705144411154921,0.7388351910744816,32
detailed,MCB,8,distance,135.18330213583013,30.414921048453877,32
detailed,MCB,8,jerk,3.265579618274638,1.648345458639269,32
detailed,MCB,9,speed,1.771056711635584,0.693144941443227,32
detailed,MCB,9,acceleration,2.2604248131085276,1.2789489268284473,32
detailed,MCB,9,distance,145.87283408490717,55.566315912261516,32
detailed,MCB,9,jerk,4.501896303090007,2.838104389757298,32
detailed,MCB,10,speed,1.6454121164936886,0.5857176770874661,32
detailed,MCB,10,acceleration,1.645688545178837,0.7684126917098615,32
detailed,MCB,10,distance,121.44561052608854,35.89044599341622,32
detailed,MCB,10,jerk,3.1370441815407792,1.5160498066265287,32
detailed,MCB,11,speed,1.6381298730318767,0.5719917791418023,32
detailed,MCB,11,acceleration,1.5669589037373342,0.5221837566007097,32
detailed,MCB,11,distance,122.5952566473363,30.91217881495298,32
detailed,MCB,11,jerk,3.017847689144026,1.049799677324577,32
detailed,MCB,12,speed,1.6648528023584184,0.5811621839821678,32
detailed,MCB,12,acceleration,1.6442219233840139,0.6992068134810177,32
detailed,MCB,12,distance,122.09074508462665,33.9858380686887,32
detailed,MCB,12,jerk,3.1288224126972706,1.3093518693766284,32
detailed,MCB,13,speed,1.611159019086987,0.6361730932906832,32
detailed,MCB,13,acceleration,1.572120622655874,0.7629892666728142,32
detailed,MCB,13,distance,123.12602318638443,40.299340841519154,32
detailed,MCB,13,jerk,3.0199951621124193,1.6432875261261652,32
detailed,MCB,14,speed,1.5420559688892306,0.5129807212206662,32
detailed,MCB,14,acceleration,1.44141577183647,0.6011334247957668,32
detailed,MCB,14,distance,112.98688044068504,28.82725208670042,32
detailed,MCB,14,jerk,2.718761686024289,1.303908276374459,32
detailed,MCB,15,speed,1.7401786532213002,0.45634037525661414,32
detailed,MCB,15,acceleration,1.6485967228450915,0.6598244054684799,32
detailed,MCB,15,distance,124.8450794519022,29.041033811624757,32
detailed,MCB,15,jerk,3.147335313298448,1.3959816873388415,32
detailed,MCB,16,speed,1.6082692069597462,0.43455650742276186,32
detailed,MCB,16,acceleration,1.4682804891732617,0.36313862918752304,32
detailed,MCB,16,distance,112.03999856426515,20.81475906489992,32
detailed,MCB,16,jerk,2.78427705408987,0.660057659000899,32
detailed,MCB,17,speed,1.6833665926178136,0.5989069162483147,32
detailed,MCB,17,acceleration,1.6851292981756063,0.8932149618076157,32
detailed,MCB,17,distance,123.66180288705519,40.48296496886708,32
detailed,MCB,17,jerk,3.252787813036179,1.9362610985509945,32
detailed,MCB,18,speed,1.5871011214858348,0.6124146704296017,32
detailed,MCB,18,acceleration,1.500484733606314,0.6938397183494478,32
detailed,MCB,18,distance,114.06480422044368,32.54640211358521,32
detailed,MCB,18,jerk,2.836550410165376,1.4632659573629738,32
detailed,MCB,19,speed,1.5235796663300376,0.45563523908010606,32
detailed,MCB,19,acceleration,1.4282222157469269,0.4826667760653326,32
detailed,MCB,19,distance,108.82569659435153,26.33586725803656,32
detailed,MCB,19,jerk,2.733582059931871,0.9854355159530642,32
detailed,MCB,20,speed,1.7654709524843253,0.5069948490026129,32
detailed,MCB,20,acceleration,1.6348615230620402,0.6383272062872105,32
detailed,MCB,20,distance,127.29723412573044,35.20846413791927,32
detailed,MCB,20,jerk,3.090711636959558,1.378028695919268,32
detailed,MCB,21,speed,1.675066936377368,0.5115591190192009,31
detailed,MCB,21,acceleration,1.5527929929160267,0.592494063916694,31
detailed,MCB,21,distance,123.21230835792427,33.98291392650854,31
detailed,MCB,21,jerk,3.01605705811675,1.2903654368050619,31
detailed,MCB,22,speed,1.5673343946292129,0.49048039645766117,31
detailed,MCB,22,acceleration,1.6798771709649183,0.8440673541844955,31
detailed,MCB,22,distance,116.75833557656291,32.82883145006801,31
detailed,MCB,22,jerk,3.2911754933345994,1.942087612912189,31
detailed,MCB,23,speed,1.797372344236204,0.48334674268751193,31
detailed,MCB,23,acceleration,1.6009176040502888,0.5528581265645328,31
detailed,MCB,23,distance,126.40654607578794,30.292245979761873,31
detailed,MCB,23,jerk,2.9968371994029197,1.2139512358806248,31
detailed,MCB,24,speed,1.670198231983917,0.5323459082638066,31
detailed,MCB,24,acceleration,1.7635070244795923,1.2065231726803114,31
detailed,MCB,24,distance,126.47337338903297,46.85226161398998,31
detailed,MCB,24,jerk,3.4201963453706243,2.485191522516981,31
detailed,MCB,25,speed,1.5900101380744298,0.3487268548460718,31
detailed,MCB,25,acceleration,1.5333047419209516,0.6903326011914949,31
detailed,MCB,25,distance,118.51409286936898,24.840055985858257,31
detailed,MCB,25,jerk,2.949184236822318,1.600126695003826,31
detailed,MCB,26,speed,1.858842572791967,0.5024430754151774,31
detailed,MCB,26,acceleration,1.7456524732043677,0.8039925853592889,31
detailed,MCB,26,distance,129.78557874573457,35.178688611248,31
detailed,MCB,26,jerk,3.3108151833094364,1.768607359642079,31
detailed,MCB,27,speed,1.6876022158120068,0.49461066068099657,31
detailed,MCB,27,acceleration,1.7648441789829712,1.0484407337124328,31
detailed,MCB,27,distance,130.01811418885555,41.78415466043496,31
detailed,MCB,27,jerk,3.422412844780222,2.03206213065499,31
detailed,MCB,28,speed,1.5948327681899985,0.5302371281192603,31
detailed,MCB,28,acceleration,1.673663569391675,0.8973571482387982,31
detailed,MCB,28,distance,122.80482779733445,42.163738800972304,31
detailed,MCB,28,jerk,3.166703050468831,1.7038252647591274,31
detailed,MCB,29,speed,1.7832327179151863,0.4170533412452435,31
detailed,MCB,29,acceleration,1.7006441013527616,0.5165239298380355,31
detailed,MCB,29,distance,127.9019027210093,33.43099678511877,31
detailed,MCB,29,jerk,3.2732582801639505,1.1314703317455646,31
detailed,MCB,30,speed,1.686073658846216,0.46973086294960037,31
detailed,MCB,30,acceleration,1.6930899121117386,0.7444645805801617,31
detailed,MCB,30,distance,122.70894523420172,33.10313546088596,31
detailed,MCB,30,jerk,3.2064166713094475,1.579958470415013,31
detailed,MCB,31,speed,1.6492588441651,0.4138675464021085,31
detailed,MCB,31,acceleration,1.5474281459713655,0.7479288935301708,31
detailed,MCB,31,distance,119.09705360523104,27.754222473954773,31
detailed,MCB,31,jerk,2.9904739546420083,1.750798620476603,31
detailed,MCB,32,speed,1.6792746531589555,0.5681728779603616,31
detailed,MCB,32,acceleration,1.5347636231702486,0.6146232831084372,31
detailed,MCB,32,distance,121.62423936864424,32.25215575472714,31
detailed,MCB,32,jerk,2.949905369551563,1.2647322837033264,31
detailed,MCB,33,speed,1.4113843451601074,0.5512350951165323,31
detailed,MCB,33,acceleration,1.4028584275421052,0.6130648426079773,31
detailed,MCB,33,distance,106.5526897647287,34.049333091125,31
detailed,MCB,33,jerk,2.6716760825690673,1.1685505946605286,31
detailed,MCB,34,speed,1.6414073235135491,0.5435001989124982,31
detailed,MCB,34,acceleration,1.6110057197319034,0.5295452309414359,31
detailed,MCB,34,distance,118.16903592556187,32.342588610602036,31
detailed,MCB,34,jerk,3.1279133258432537,1.0610281185694623,31
detailed,MCB,35,speed,1.660517943916906,0.413269575676858,31
detailed,MCB,35,acceleration,1.688304126773145,0.7245422953959496,31
detailed,MCB,35,distance,125.93052653891594,32.45277100747721,31
detailed,MCB,35,jerk,3.3439416371028896,1.6348921513367938,31
detailed,MCB,36,speed,1.6735443030352661,0.4377726810851821,31
detailed,MCB,36,acceleration,1.6713331234344997,0.5682675962992734,31
detailed,MCB,36,distance,126.06238025716497,30.865205483586006,31
detailed,MCB,36,jerk,3.2454286675198682,1.2800538517079842,31
detailed,MCB,37,speed,1.6474317634857227,0.495548801809113,31
detailed,MCB,37,acceleration,1.7518406000717417,0.8032363532010586,31
detailed,MCB,37,distance,120.70576259511806,28.74484852561692,31
detailed,MCB,37,jerk,3.467646480105236,1.739381371322645,31
detailed,MCB,38,speed,1.6258847868762445,0.46791767170772686,31
detailed,MCB,38,acceleration,1.498184490602826,0.5538282981850539,31
detailed,MCB,38,distance,118.73396839325363,29.863751146188395,31
detailed,MCB,38,jerk,2.8765147365664263,1.165562572365734,31
detailed,MCB,39,speed,1.4767741644217318,0.5034041947592169,31
detailed,MCB,39,acceleration,1.3799215578448454,0.4262947334782926,31
detailed,MCB,39,distance,109.21605263719368,30.562882618125915,31
detailed,MCB,39,jerk,2.638036171814215,0.8895404272362704,31
detailed,MCB,40,speed,1.8325934281660674,0.4450613797822556,31
detailed,MCB,40,acceleration,1.6658512235949046,0.560299218874631,31
detailed,MCB,40,distance,127.28789036439488,27.612846419164505,31
detailed,MCB,40,jerk,3.15116403350247,1.1615364426110044,31
detailed,MCB,41,speed,1.6260912916934112,0.5402697711247687,31
detailed,MCB,41,acceleration,1.6740149800460962,0.7415678223580954,31
detailed,MCB,41,distance,121.26256220077133,32.23127016443205,31
detailed,MCB,41,jerk,3.226770188759848,1.4519769044304625,31
detailed,MCB,42,speed,1.6248514659610294,0.4252642966923395,31
detailed,MCB,42,acceleration,1.5270001954681367,0.6522534240378004,31
detailed,MCB,42,distance,120.18137565573893,28.137015808304167,31
detailed,MCB,42,jerk,2.9272895456135064,1.4461529717507324,31
detailed,MCB,43,speed,1.5762943107600886,0.5688107782356338,31
detailed,MCB,43,acceleration,1.714466184494555,1.3743210300364412,31
detailed,MCB,43,distance,125.06223279219624,48.723058841711975,31
detailed,MCB,43,jerk,3.341758788824963,2.8362798695939784,31
detailed,MCB,44,speed,1.4872096273788522,0.5249756831117053,31
detailed,MCB,44,acceleration,1.536871066421829,0.7146263703333651,31
detailed,MCB,44,distance,129.14467605078914,60.25838832463157,31
detailed,MCB,44,jerk,3.061582927023511,1.547746961518901,31
detailed,MCB,45,speed,1.5842754438520552,0.48554173393465794,31
detailed,MCB,45,acceleration,1.556718212261429,0.7347884993840303,31
detailed,MCB,45,distance,124.16340823577401,37.6618047798024,31
detailed,MCB,45,jerk,3.068271140428942,1.56942770330013,31
detailed,MCB,46,speed,1.6783059079542253,0.3550508648065402,29
detailed,MCB,46,acceleration,1.4724498398127637,0.43107355699784927,29
detailed,MCB,46,distance,116.37074040793782,24.31861120045768,29
detailed,MCB,46,jerk,2.663355029819451,0.8931879705002057,29
detailed,MCB,47,speed,1.7276285645596097,0.30326411205548026,29
detailed,MCB,47,acceleration,1.6357244463960512,0.785358397564464,29
detailed,MCB,47,distance,121.1323894762212,30.766334076486046,29
detailed,MCB,47,jerk,3.0014822683307485,1.4137690935649831,29
detailed,MCB,48,speed,1.7733873803699935,0.3831473284491459,29
detailed,MCB,48,acceleration,1.8243811305338804,1.0554606518004273,29
detailed,MCB,48,distance,130.51991583337525,41.91918076204779,29
detailed,MCB,48,jerk,3.4496041787463927,2.1078731684758076,29
detailed,MCB,49,speed,1.4964105720774679,0.5388176039189797,29
detailed,MCB,49,acceleration,1.5278673748913902,1.13284099057811,29
detailed,MCB,49,distance,121.01260639822299,48.89460006464449,29
detailed,MCB,49,jerk,3.0414233328758744,2.4606831008151584,29
detailed,MCB,50,speed,1.5830476860027387,0.6391445498100551,29
detailed,MCB,50,acceleration,1.5585703879978643,0.7472131578718326,29
detailed,MCB,50,distance,132.6210374853291,41.32598402882969,29
detailed,MCB,50,jerk,3.094407186592301,1.6583321523185097,29
detailed,MCB,51,speed,1.7476110660427908,0.5496031839531443,29
detailed,MCB,51,acceleration,1.7292829292628444,0.6663683978933915,29
detailed,MCB,51,distance,133.28943331260575,43.738318087599545,29
detailed,MCB,51,jerk,3.3891027822610633,1.448098656238237,29
detailed,MCB,52,speed,1.7231044189700044,0.5839064944171214,29
detailed,MCB,52,acceleration,1.55466199646954,0.5877436154289757,29
detailed,MCB,52,distance,129.09316965861302,33.054771421919014,29
detailed,MCB,52,jerk,2.9484052731529222,1.2574034381334829,29
detailed,MCB,53,speed,1.5952880766234967,0.47023692123690464,29
detailed,MCB,53,acceleration,1.558710114509401,0.4959527318767976,29
detailed,MCB,53,distance,123.75964402017672,32.51068827128131,29
detailed,MCB,53,jerk,3.0527027686715034,1.0919581623880763,29
detailed,MCB,54,speed,1.7423609382785485,0.5844012099928544,29
detailed,MCB,54,acceleration,1.8325895588368843,1.625493915376687,29
detailed,MCB,54,distance,130.3590135389932,57.61897741305535,29
detailed,MCB,54,jerk,3.5694443420888295,3.560171402875845,29
detailed,MCB,55,speed,1.5681570239072253,0.5083477950246867,28
detailed,MCB,55,acceleration,1.3491789027413836,0.4853861485330832,28
detailed,MCB,55,distance,114.30092876794177,29.16144625705995,28
detailed,MCB,55,jerk,2.5524776710175736,0.9754896837508168,28
detailed,MCB,56,speed,1.612264464234361,0.6180913150693271,28
detailed,MCB,56,acceleration,2.0727839673319006,2.127300089584107,28
detailed,MCB,56,distance,136.27276378752464,74.88891116400254,28
detailed,MCB,56,jerk,4.1680874753323405,4.535286978902646,28
detailed,MCB,57,speed,1.4899308299976657,0.3734950633851903,28
detailed,MCB,57,acceleration,1.679678751973786,1.1073878810286268,28
detailed,MCB,57,distance,120.11329780296948,43.78089137345153,28
detailed,MCB,57,jerk,3.3331132366774905,2.442552869451308,28
detailed,MCB,58,speed,1.6753180420947076,0.5569301624699429,28
detailed,MCB,58,acceleration,1.4973616265227925,0.6135966840325281,28
detailed,MCB,58,distance,125.47636666125412,33.812806942625436,28
detailed,MCB,58,jerk,2.8516582975806863,1.2075027519154966,28
detailed,MCB,59,speed,1.6676763419584781,0.5640607383379199,28
detailed,MCB,59,acceleration,1.6593811286473206,0.6280186475837742,28
detailed,MCB,59,distance,125.82357049536175,29.679847116160783,28
detailed,MCB,59,jerk,3.184827242796658,1.3736026876787686,28
detailed,MCB,60,speed,1.772793360710063,0.5562572507907302,28
detailed,MCB,60,acceleration,1.6119729738066748,0.6494268815815235,28
detailed,MCB,60,distance,133.27652339904424,57.62700919925094,28
detailed,MCB,60,jerk,3.035678234842598,1.3123822598564576,28
detailed,MCB,61,speed,1.487462223642271,0.4627556022623603,28
detailed,MCB,61,acceleration,1.4461544519693021,0.529860416700988,28
detailed,MCB,61,distance,119.91148210979506,38.642453726564185,28
detailed,MCB,61,jerk,2.8079689703587403,1.176250614153366,28
detailed,MCB,62,speed,1.492761990899892,0.682637106382124,28
detailed,MCB,62,acceleration,1.5580292787681465,0.8012826753522472,28
detailed,MCB,62,distance,121.06346528104105,43.836063445726836,28
detailed,MCB,62,jerk,3.0869385725478273,1.6867923551315234,28
detailed,MCB,63,speed,1.4788258687147748,0.5287040335926144,27
detailed,MCB,63,acceleration,1.3047486122806833,0.45251036944075923,27
detailed,MCB,63,distance,112.89114833269998,29.419301360061322,27
detailed,MCB,63,jerk,2.4724272435296832,0.9186813249238258,27
detailed,MCB,64,speed,1.334241887367563,0.4649803976211658,27
detailed,MCB,64,acceleration,1.3933713024151106,0.8618512189184583,27
detailed,MCB,64,distance,111.11820990769168,32.022145248726474,27
detailed,MCB,64,jerk,2.755394623127778,1.6442571731412456,27
detailed,MCB,65,speed,1.4462344592453606,0.5421711852800913,26
detailed,MCB,65,acceleration,1.3215505657242166,0.4544251377408485,26
detailed,MCB,65,distance,109.35182041787321,27.604547581748246,26
detailed,MCB,65,jerk,2.531343557979444,0.9236121957184805,26
detailed,MCB,66,speed,1.4612292058555372,0.5168064876687397,26
detailed,MCB,66,acceleration,1.4085311430522025,0.9621762153574711,26
detailed,MCB,66,distance,112.33820434618971,44.077731900311946,26
detailed,MCB,66,jerk,2.7486552947573557,2.1122535982164843,26
detailed,MCB,67,speed,1.4853902000788157,0.507672865691434,26
detailed,MCB,67,acceleration,1.3895760682553493,0.6543342569831376,26
detailed,MCB,67,distance,114.94121440845366,34.629682251992165,26
detailed,MCB,67,jerk,2.6689111940374395,1.4086361447667413,26
detailed,MCB,68,speed,1.5386879283677584,0.510265987776411,26
detailed,MCB,68,acceleration,1.504884761293979,0.49011433157937667,26
detailed,MCB,68,distance,121.0453165503991,29.910486448585143,26
detailed,MCB,68,jerk,2.9443181783877614,0.9718212671131504,26
detailed,MCB,69,speed,1.4195099128092965,0.46914099657473385,26
detailed,MCB,69,acceleration,1.4284188184863278,0.6864781978525687,26
detailed,MCB,69,distance,113.9653009221969,30.806633004889857,26
detailed,MCB,69,jerk,2.825521026396505,1.5372990765417838,26
detailed,MCB,70,speed,1.675897938473637,0.42268577848223343,26
detailed,MCB,70,acceleration,1.6114330980066631,0.5433145091911328,26
detailed,MCB,70,distance,125.93099946320652,32.54319240591263,26
detailed,MCB,70,jerk,3.0370413908024596,1.0690319170071327,26
detailed,MCB,71,speed,1.5524644771680243,0.6005110465051233,26
detailed,MCB,71,acceleration,1.4734467793495045,0.7191900482489875,26
detailed,MCB,71,distance,120.20382113301622,35.58888091818011,26
detailed,MCB,71,jerk,2.868911619248993,1.484663522369313,26
detailed,MCB,72,speed,1.6486177017022425,0.43893181018382643,26
detailed,MCB,72,acceleration,1.548815868260912,0.4445710807566869,26
detailed,MCB,72,distance,125.0545051481833,35.30794946452375,26
detailed,MCB,72,jerk,2.9716222253687077,1.100703313883003,26
detailed,MCB,73,speed,1.5017088434134511,0.5216374848723799,26
detailed,MCB,73,acceleration,1.3739550465268549,0.45568735595595933,26
detailed,MCB,73,distance,120.2188444658748,31.70814042039882,26
detailed,MCB,73,jerk,2.6842485692885183,1.035851944333694,26
detailed,MCB,74,speed,1.3851028767444145,0.4613905897714089,26
detailed,MCB,74,acceleration,1.4161162124812552,0.6159077407710261,26
detailed,MCB,74,distance,132.63204557767259,72.29328859099736,26
detailed,MCB,74,jerk,2.8676675778419116,1.4565821505696261,26
detailed,MCB,75,speed,1.6512697419329814,0.5330524365049968,26
detailed,MCB,75,acceleration,1.5525630494697007,0.6336720544815077,26
detailed,MCB,75,distance,131.72851748211605,59.635534457834275,26
detailed,MCB,75,jerk,2.98949612208957,1.3581692181834384,26
detailed,MCB,76,speed,1.5059007855592197,0.3849842520801423,26
detailed,MCB,76,acceleration,1.603713368422246,1.174033311347317,26
detailed,MCB,76,distance,123.65614981877187,46.77605407176819,26
detailed,MCB,76,jerk,3.177452971224371,2.760144990324946,26
detailed,MCB,77,speed,1.7366113731769406,0.5152996455606363,26
detailed,MCB,77,acceleration,1.7727699252132112,0.8981830960936916,26
detailed,MCB,77,distance,129.65110373123443,39.113570358205315,26
detailed,MCB,77,jerk,3.4039514896603214,1.9327168097450445,26
detailed,MCB,78,speed,1.254049483619795,0.41375276559973984,25
detailed,MCB,78,acceleration,1.2496279515018598,0.37037043541246895,25
detailed,MCB,78,distance,104.94419009198744,32.02226681892067,26
detailed,MCB,78,jerk,2.4538677524710346,0.8243806275308856,25
detailed,MCB,79,speed,1.5371354598535842,0.4552025012853284,25
detailed,MCB,79,acceleration,1.5145732457962446,0.8503799672996686,25
detailed,MCB,79,distance,120.34542882126735,41.249764476803605,25
detailed,MCB,79,jerk,2.94413691182996,1.8363127327019408,25
detailed,MCB,80,speed,1.5952239509177508,0.49792088330892387,25
detailed,MCB,80,acceleration,1.5461223262793247,0.53889849272719,25
detailed,MCB,80,distance,120.62143130559949,26.88388241543531,25
detailed,MCB,80,jerk,2.986490021886766,1.1940039279154613,25
detailed,MCB,81,speed,1.530853697056472,0.5685610705444581,25
detailed,MCB,81,acceleration,1.5726291128973802,0.7387486239634509,25
detailed,MCB,81,distance,119.53430678383424,38.59673873524322,25
detailed,MCB,81,jerk,3.0883446200314837,1.5514655561810502,25
detailed,MCB,82,speed,1.4602966427563495,0.5038655264598075,25
detailed,MCB,82,acceleration,1.538581485617928,0.5512562638318094,25
detailed,MCB,82,distance,129.61566761868764,44.55026101206666,25
detailed,MCB,82,jerk,3.062230955552197,1.1308873930520014,25
detailed,MCB,83,speed,1.685166302425133,0.35837149931379764,25
detailed,MCB,83,acceleration,1.759871466945714,0.7652678948306374,25
detailed,MCB,83,distance,149.880156720977,68.84988481175937,25
detailed,MCB,83,jerk,3.5288212021433325,1.7424040436472688,25
detailed,MCB,84,speed,1.4455452905224424,0.5790927136556118,25
detailed,MCB,84,acceleration,1.307907482107586,0.5271232587480852,25
detailed,MCB,84,distance,114.90008395634763,35.35324344143653,25
detailed,MCB,84,jerk,2.5289369938268877,1.0325741147011342,25
detailed,MCB,85,speed,1.5308319707901277,0.46742376237409755,25
detailed,MCB,85,acceleration,1.511270936879833,0.7414301176517774,25
detailed,MCB,85,distance,124.13727347454245,34.70838897956989,25
detailed,MCB,85,jerk,2.9404132760739237,1.6093300014294987,25
detailed,MCB,86,speed,1.6564683452155224,0.5392305345165331,25
detailed,MCB,86,acceleration,1.7534953169063408,1.12744057810406,25
detailed,MCB,86,distance,126.78515191319228,43.230180525098305,25
detailed,MCB,86,jerk,3.363808567680556,2.272451386869246,25
detailed,MCB,87,speed,1.4905451066631445,0.4625556099546973,25
detailed,MCB,87,acceleration,1.3528229501468751,0.3736491298655267,25
detailed,MCB,87,distance,115.80589092735751,34.75250867384521,25
detailed,MCB,87,jerk,2.56127282532391,0.6914348793820095,25
detailed,MCB,88,speed,1.450785470318187,0.4767106550626627,25
detailed,MCB,88,acceleration,1.4416540755813947,0.5043041053358988,25
detailed,MCB,88,distance,121.30009867842116,40.1671393676865,25
detailed,MCB,88,jerk,2.853940473464577,1.141364813651321,25
detailed,MCB,89,speed,1.5994720635063158,0.6073201257044843,25
detailed,MCB,89,acceleration,1.455747533531268,0.6034537759630849,25
detailed,MCB,89,distance,136.0738305945685,48.97620419837299,25
detailed,MCB,89,jerk,2.8137448759057833,1.2720268503457126,25
detailed,MCB,90,speed,1.478037946437758,0.6811211102096894,25
detailed,MCB,90,acceleration,1.3632987559999816,0.6874675585698282,25
detailed,MCB,90,distance,124.181348636289,47.982368983134585,25
detailed,MCB,90,jerk,2.657858862192798,1.384643345755803,25
detailed,RB,1,speed,2.0945671899214022,0.4205759417337162,96
detailed,RB,1,acceleration,2.060936134069589,1.8103909483781853,96
detailed,RB,1,distance,145.36471643990086,58.09786187640258,96
detailed,RB,1,jerk,3.815313154300156,3.9420280689032916,96
detailed,RB,2,speed,2.0256057710505013,0.5119681849900201,96
detailed,RB,2,acceleration,1.997041915840386,1.0158855860018756,96
detailed,RB,2,distance,145.82272207570324,44.53877585207064,96
detailed,RB,2,jerk,3.7613966408005584,2.1771751190928654,96
detailed,RB,3,speed,1.9722431098836877,0.5044115110614916,96
detailed,RB,3,acceleration,1.945922876592805,1.0778409308025212,96
detailed,RB,3,distance,144.3000092161639,46.85528359683921,96
detailed,RB,3,jerk,3.748114415868502,2.325899727707394,96
detailed,RB,4,speed,1.939500103275348,0.491528399156606,96
detailed,RB,4,acceleration,1.8910474993942985,0.7824992603494031,96
detailed,RB,4,distance,141.5689563601198,34.50149638725985,96
detailed,RB,4,jerk,3.607520595839942,1.682305736801806,96
detailed,RB,5,speed,2.0849899943218984,0.5499560128283466,96
detailed,RB,5,acceleration,2.0690955201551176,1.0144808601319684,96
detailed,RB,5,distance,150.3167487729264,42.54699214433114,96
detailed,RB,5,jerk,3.981742633713889,2.282132424072909,96
detailed,RB,6,speed,1.8658817283115585,0.555518208362674,96
detailed,RB,6,acceleration,1.8424966247357453,0.866342277133875,96
detailed,RB,6,distance,139.2898876083484,37.80272921286352,96
detailed,RB,6,jerk,3.531552980226954,1.9117589526929955,96
detailed,RB,7,speed,1.8328172640394211,0.5402936000978394,96
detailed,RB,7,acceleration,1.9564309066849548,1.1426665981366766,96
detailed,RB,7,distance,137.79374992085334,45.4913083155446,96
detailed,RB,7,jerk,3.7880799651637465,2.491457883672797,96
detailed,RB,8,speed,1.897052562429035,0.5504856205566693,96
detailed,RB,8,acceleration,1.8802915136490208,0.9038196649658481,96
detailed,RB,8,distance,143.01896418955482,41.159689374377784,96
detailed,RB,8,jerk,3.63528423091169,2.0098114453162044,96
detailed,RB,9,speed,1.871581456511648,0.5550085218346916,96
detailed,RB,9,acceleration,1.7728657588325083,0.8180995499986277,96
detailed,RB,9,distance,136.6511024689946,39.12941685691394,96
detailed,RB,9,jerk,3.3790297270956167,1.8097281522344326,96
detailed,RB,10,speed,1.8105401276704016,0.6193912477042646,96
detailed,RB,10,acceleration,1.6897255378341935,0.7182694251543981,96
detailed,RB,10,distance,136.64487884133897,37.955740991736235,96
detailed,RB,10,jerk,3.217806520830832,1.4889239405761843,96
detailed,RB,11,speed,1.8660192043907804,0.6483384945339135,96
detailed,RB,11,acceleration,1.8298254455288652,1.0850284589910513,96
detailed,RB,11,distance,140.76746001198532,41.8984422238969,96
detailed,RB,11,jerk,3.4913640444797553,2.2807611587215932,96
detailed,RB,12,speed,1.8538038211557062,0.5605228315710643,96
detailed,RB,12,acceleration,1.8078473271204132,0.6679576775131039,96
detailed,RB,12,distance,135.71627378479658,32.19698672520845,96
detailed,RB,12,jerk,3.4480344885200247,1.4454796669496268,96
detailed,RB,13,speed,1.9003279249010927,0.6027400719641752,96
detailed,RB,13,acceleration,1.721719150257262,0.7871846678611522,96
detailed,RB,13,distance,136.40296800245451,35.73123329614542,96
detailed,RB,13,jerk,3.235608525787191,1.5921529672708408,96
detailed,RB,14,speed,1.9538227363259193,0.5425374874040361,96
detailed,RB,14,acceleration,1.904620175554843,1.1026521868753876,96
detailed,RB,14,distance,140.16734844413887,42.93309332133848,96
detailed,RB,14,jerk,3.648353167109143,2.412411470138591,96
detailed,RB,15,speed,1.8181847051222393,0.5108976196712507,96
detailed,RB,15,acceleration,1.7385062947399756,0.7961442383030704,96
detailed,RB,15,distance,133.17258227493377,37.65330614048794,96
detailed,RB,15,jerk,3.3369260668654435,1.6940810884724247,96
detailed,RB,16,speed,1.7654418331929798,0.5839210417052851,96
detailed,RB,16,acceleration,1.7401652084674109,0.8221945785917003,96
detailed,RB,16,distance,133.7499668946482,44.94241247095461,96
detailed,RB,16,jerk,3.3369940795176944,1.7703572850003222,96
detailed,RB,17,speed,1.735789938744638,0.5791660850190461,96
detailed,RB,17,acceleration,1.72236943401695,1.0966780274640164,96
detailed,RB,17,distance,136.20939970219055,57.92218043336523,96
detailed,RB,17,jerk,3.3085935476394437,2.4390936807622707,96
detailed,RB,18,speed,1.8326135925984006,0.7294783983155038,96
detailed,RB,18,acceleration,1.7360351703722694,0.8327872837391159,96
detailed,RB,18,distance,133.0805554604778,45.06996605318708,96
detailed,RB,18,jerk,3.29609063533892,1.7813575879182535,96
detailed,RB,19,speed,1.900083629919539,0.5337582117362163,96
detailed,RB,19,acceleration,1.868305917985447,0.8968569575282924,96
detailed,RB,19,distance,136.80833873699794,37.55945465700176,96
detailed,RB,19,jerk,3.5851859437632947,1.9661973433275632,96
detailed,RB,20,speed,1.851221853097065,0.6877397888631308,96
detailed,RB,20,acceleration,1.7347132001755992,0.6994036652710697,96
detailed,RB,20,distance,133.18891200031516,39.5317027340921,96
detailed,RB,20,jerk,3.308037680649438,1.4628461968883923,96
detailed,RB,21,speed,1.8335108334758552,0.5103297629804736,96
detailed,RB,21,acceleration,1.7132734367669642,0.7445886548933197,96
detailed,RB,21,distance,134.4488558273461,34.300606011372125,96
detailed,RB,21,jerk,3.260070144563105,1.6282536676463941,96
detailed,RB,22,speed,1.8296852567361304,0.5297332880540571,96
detailed,RB,22,acceleration,1.7963242471257772,1.2301125530025763,96
detailed,RB,22,distance,136.17522584613337,47.45222678181996,96
detailed,RB,22,jerk,3.4651634946787158,2.76504750281589,96
detailed,RB,23,speed,1.8190669288466836,0.517047240508786,96
detailed,RB,23,acceleration,1.7017100250091248,0.7614354649273203,96
detailed,RB,23,distance,131.6804487404736,37.80300834187154,96
detailed,RB,23,jerk,3.260873144520566,1.6532925213605674,96
detailed,RB,24,speed,1.7554976538798723,0.5363794825744873,96
detailed,RB,24,acceleration,1.7581892521830855,1.0599565386542689,96
detailed,RB,24,distance,131.74487944289007,41.47068591249108,96
detailed,RB,24,jerk,3.381498873286345,2.32981706239807,96
detailed,RB,25,speed,1.72330737499723,0.53603234594792,96
detailed,RB,25,acceleration,1.6405097755095397,0.6518308763447093,96
detailed,RB,25,distance,128.45445404364975,31.034292685180073,96
detailed,RB,25,jerk,3.1587252709862272,1.368279798109277,96
detailed,RB,26,speed,1.8303736957634102,0.5705425547712377,96
detailed,RB,26,acceleration,1.6923947055665896,0.6824247547306704,96
detailed,RB,26,distance,133.17680261143303,35.75866064545284,96
detailed,RB,26,jerk,3.196625165872265,1.4595189335975864,96
detailed,RB,27,speed,1.819070831796199,0.5585158002900817,96
detailed,RB,27,acceleration,1.8228595329897457,0.9615518680074375,96
detailed,RB,27,distance,135.80741782553682,41.95525743044547,96
detailed,RB,27,jerk,3.4983294028145893,2.030457654500706,96
detailed,RB,28,speed,1.7131415916809145,0.5187483155336354,96
detailed,RB,28,acceleration,1.6887207866493403,0.6580972770281166,96
detailed,RB,28,distance,128.66965199372217,33.64071905346638,96
detailed,RB,28,jerk,3.2436150672576276,1.4119494615032933,96
detailed,RB,29,speed,1.7052587871035643,0.5514866329944789,96
detailed,RB,29,acceleration,1.764161096024184,0.815481680988165,96
detailed,RB,29,distance,133.49560995042955,49.535059536725065,96
detailed,RB,29,jerk,3.4090947781306595,1.7184096623904193,96
detailed,RB,30,speed,1.8647055176244984,0.5783008752340535,96
detailed,RB,30,acceleration,1.7504452746598842,0.8374066840491518,96
detailed,RB,30,distance,136.33532462355748,42.3980273696724,96
detailed,RB,30,jerk,3.3448431890136754,1.8423438968610248,96
detailed,RB,31,speed,1.8142092785793584,0.6095060744520944,96
detailed,RB,31,acceleration,1.694319248123134,0.8446560315446995,96
detailed,RB,31,distance,130.6382209581179,41.85131675136903,96
detailed,RB,31,jerk,3.2199049412633465,1.7540434368057765,96
detailed,RB,32,speed,1.7700085623937076,0.5449351435594375,96
detailed,RB,32,acceleration,1.7206330847213351,0.865058432157458,96
detailed,RB,32,distance,136.65265971056957,43.82277365272924,96
detailed,RB,32,jerk,3.3469077778055163,1.9148955377829673,96
detailed,RB,33,speed,1.7733662293584906,0.5671315215232141,96
detailed,RB,33,acceleration,1.6513320632186523,0.6533919082705706,96
detailed,RB,33,distance,130.5653081737745,28.857577085498036,96
detailed,RB,33,jerk,3.1471776225886194,1.4211443695787749,96
detailed,RB,34,speed,1.8568459785450393,0.6413640579124229,96
detailed,RB,34,acceleration,1.8185724506970493,0.8976134546797159,96
detailed,RB,34,distance,139.85142264079278,41.581859787320994,96
detailed,RB,34,jerk,3.513084579437939,1.951785366748528,96
detailed,RB,35,speed,1.7702854118100355,0.6133455723950147,96
detailed,RB,35,acceleration,1.6871308180714293,0.8577912293182484,96
detailed,RB,35,distance,133.7244099661525,40.8926762687899,96
detailed,RB,35,jerk,3.237089010549136,1.8136442423661172,96
detailed,RB,36,speed,1.7413624833593409,0.5834189651579376,96
detailed,RB,36,acceleration,1.7556565291289192,0.977122063778127,96
detailed,RB,36,distance,136.12841424576263,43.43197166958771,96
detailed,RB,36,jerk,3.3812549930418068,1.9858257755681725,96
detailed,RB,37,speed,1.6493949379497541,0.6031715922675439,96
detailed,RB,37,acceleration,1.6613547520546759,0.8845188313900199,96
detailed,RB,37,distance,127.74211295365772,40.84996142179279,96
detailed,RB,37,jerk,3.236159432077661,1.9220905680257385,96
detailed,RB,38,speed,1.8181505634525301,0.5276831424197552,96
detailed,RB,38,acceleration,1.6718371717082758,0.6401363218685494,96
detailed,RB,38,distance,128.67315241607994,30.652783774778413,96
detailed,RB,38,jerk,3.1868521176941886,1.3308036316198228,96
detailed,RB,39,speed,1.7756426815793194,0.5713773834802648,96
detailed,RB,39,acceleration,1.6810682211226,0.6846347678392859,96
detailed,RB,39,distance,131.03493567848037,36.126201823666534,96
detailed,RB,39,jerk,3.2289830664897003,1.5380120979227427,96
detailed,RB,40,speed,1.861764040325518,0.5885317479252239,96
detailed,RB,40,acceleration,1.7883838246738668,0.8596910409385907,96
detailed,RB,40,distance,137.43793776677703,37.0434973397228,96
detailed,RB,40,jerk,3.427325982557939,1.828047603644179,96
detailed,RB,41,speed,1.7353975281049054,0.5878142563220528,96
detailed,RB,41,acceleration,1.7305694885676068,0.8679445647501604,96
detailed,RB,41,distance,132.2248478922567,39.95613696854436,96
detailed,RB,41,jerk,3.320667407033207,1.8697701900317942,96
detailed,RB,42,speed,1.7115890949322525,0.5764637243292168,96
detailed,RB,42,acceleration,1.6201134511487867,0.6690193285624177,96
detailed,RB,42,distance,128.59561192438167,40.33157198770596,96
detailed,RB,42,jerk,3.064884316703143,1.397359229340356,96
detailed,RB,43,speed,1.6656795342599093,0.6081946088861541,96
detailed,RB,43,acceleration,1.5746920135174547,0.5637599305256584,96
detailed,RB,43,distance,126.31227216843433,34.06855775891018,96
detailed,RB,43,jerk,3.0406041122170264,1.200880448835631,96
detailed,RB,44,speed,1.7669042082164788,0.5953311176467457,96
detailed,RB,44,acceleration,1.7248116285833461,0.8743739122643513,96
detailed,RB,44,distance,132.64310919441724,38.260542365485634,96
detailed,RB,44,jerk,3.325743488000828,1.921604261817683,96
detailed,RB,45,speed,1.8443277103418456,0.6121472694437369,96
detailed,RB,45,acceleration,1.8128778100870058,0.9433308735408762,96
detailed,RB,45,distance,137.27608701801236,42.414732255397844,96
detailed,RB,45,jerk,3.505133106316082,2.002660501028083,96
detailed,RB,46,speed,1.9323793397740847,0.4174470673184516,97
detailed,RB,46,acceleration,1.7627291677181018,0.7335034321765808,97
detailed,RB,46,distance,142.43512277129096,41.9728123186064,97
detailed,RB,46,jerk,3.257877494611565,1.5460001689913299,97
detailed,RB,47,speed,1.7986322462815787,0.5548847896940964,97
detailed,RB,47,acceleration,1.7035002532635553,0.7422613394685599,97
detailed,RB,47,distance,139.03047863994354,38.775365914094714,97
detailed,RB,47,jerk,3.287084332599331,1.6141555777068535,97
detailed,RB,48,speed,1.8905086657163397,0.5676719596495213,97
detailed,RB,48,acceleration,1.8028821012020848,0.7407493135158274,97
detailed,RB,48,distance,143.1496967987559,43.65538361390542,97
detailed,RB,48,jerk,3.4546901104547456,1.5776451446661348,97
detailed,RB,49,speed,1.8116462800183428,0.6097816785288547,97
detailed,RB,49,acceleration,1.7044833889999782,0.6808275362778123,97
detailed,RB,49,distance,144.4635220099921,52.904491821066934,97
detailed,RB,49,jerk,3.321993342588439,1.4697873684060496,97
detailed,RB,50,speed,1.8524780392981426,0.5980467271012768,97
detailed,RB,50,acceleration,1.7717488644625619,0.6483479519376253,97
detailed,RB,50,distance,142.69617897055542,41.345142369343044,97
detailed,RB,50,jerk,3.372724436308248,1.3722552676287534,97
detailed,RB,51,speed,1.9518905902656662,0.5936438376643964,97
detailed,RB,51,acceleration,1.7425876139348873,0.7389414445393454,97
detailed,RB,51,distance,145.02893659073894,41.69145852680397,97
detailed,RB,51,jerk,3.303119825664797,1.5148039878271127,97
detailed,RB,52,speed,1.7381215560633172,0.5262136671844572,98
detailed,RB,52,acceleration,1.5969118746346092,0.4867415829708733,98
detailed,RB,52,distance,137.35365467236318,46.82374736458391,98
detailed,RB,52,jerk,3.061382381239882,1.0354068814865338,98
detailed,RB,53,speed,1.8038123672180502,0.5859073694362399,98
detailed,RB,53,acceleration,1.67166621918005,0.5768639964168625,98
detailed,RB,53,distance,144.2096255836469,49.75823650086014,98
detailed,RB,53,jerk,3.235829333608298,1.319181567560194,98
detailed,RB,54,speed,1.7511569536271676,0.6720192267041235,98
detailed,RB,54,acceleration,1.7044701414653618,0.7535808046393603,98
detailed,RB,54,distance,137.10790983147191,43.8457357139243,98
detailed,RB,54,jerk,3.334918544502355,1.5627893719973396,98
detailed,RB,55,speed,1.7851275573155436,0.6226728255223158,98
detailed,RB,55,acceleration,1.6807688271755419,0.6425595102604563,98
detailed,RB,55,distance,138.626988540214,41.33743562666308,98
detailed,RB,55,jerk,3.211413288185656,1.3100599666678758,98
detailed,RB,56,speed,1.816299463328809,0.6082980872630566,98
detailed,RB,56,acceleration,1.7511019877612553,0.785406723380164,98
detailed,RB,56,distance,150.55649030764602,56.48950371012255,98
detailed,RB,56,jerk,3.385193088380904,1.658542147659351,98
detailed,RB,57,speed,1.605633947200701,0.5961155138034946,98
detailed,RB,57,acceleration,1.6034879147972119,0.7429610582118107,98
detailed,RB,57,distance,133.66363198262277,44.9431249759061,98
detailed,RB,57,jerk,3.123568241466237,1.5819642423523141,98
detailed,RB,58,speed,1.6661596900505327,0.605388648945188,98
detailed,RB,58,acceleration,1.6798521620778557,0.7098714077114533,98
detailed,RB,58,distance,136.20286169441218,50.1353411633397,98
detailed,RB,58,jerk,3.272717643870939,1.4616454930848723,98
detailed,RB,59,speed,1.773374923029321,0.7118721343240081,98
detailed,RB,59,acceleration,1.660711035018045,0.6288351275993604,98
detailed,RB,59,distance,136.65361513782526,41.952109849337305,98
detailed,RB,59,jerk,3.185314415311753,1.2509349573972528,98
detailed,RB,60,speed,1.801526908748491,0.5969851920770061,98
detailed,RB,60,acceleration,1.6447713108741973,0.6221202875269726,98
detailed,RB,60,distance,136.666540772353,40.288662393108076,98
detailed,RB,60,jerk,3.140987502178153,1.371942070954034,98
detailed,RB,61,speed,1.734061614373863,0.4901084568833203,98
detailed,RB,61,acceleration,1.668633257113184,0.6795762963977713,98
detailed,RB,61,distance,135.96424926233638,41.8205638418746,98
detailed,RB,61,jerk,3.215622426469171,1.5338505405331495,98
detailed,RB,62,speed,1.8365729396988903,0.4770133212262843,97
detailed,RB,62,acceleration,1.7363655333070656,0.7009254411052493,97
detailed,RB,62,distance,139.2890858168834,35.983977107640776,97
detailed,RB,62,jerk,3.3454774981542816,1.535021933939159,97
detailed,RB,63,speed,1.7219034652102676,0.5938151427321479,95
detailed,RB,63,acceleration,1.6231342013628818,0.6665398102801265,95
detailed,RB,63,distance,137.67505007569088,53.49369549148624,95
detailed,RB,63,jerk,3.1572308623855396,1.4069227511077045,95
detailed,RB,64,speed,1.5493640734626317,0.5689080941299582,97
detailed,RB,64,acceleration,1.3804844945743633,0.48597767402734837,97
detailed,RB,64,distance,124.99447084360342,42.52765320336768,97
detailed,RB,64,jerk,2.638493508207903,0.9743165772052075,97
detailed,RB,65,speed,1.5628240293399907,0.5418520285124484,97
detailed,RB,65,acceleration,1.5518229753396986,0.6184729860513335,97
detailed,RB,65,distance,124.61114881349768,34.12141557962292,97
detailed,RB,65,jerk,3.027373001355876,1.3192718776784855,97
detailed,RB,66,speed,1.7909222981210187,0.4964735842000078,100
detailed,RB,66,acceleration,1.685136128649061,0.6653881523576453,100
detailed,RB,66,distance,141.46264272145288,48.116813411067305,100
detailed,RB,66,jerk,3.24329715643068,1.3727680127065889,100
detailed,RB,67,speed,1.7275423937191943,0.5624812592892726,101
detailed,RB,67,acceleration,1.6471755583380099,0.7117765560215816,101
detailed,RB,67,distance,137.8252966964092,49.057679052256994,101
detailed,RB,67,jerk,3.1944514640385893,1.5416097176898653,101
detailed,RB,68,speed,1.5980867677178077,0.5764932746263165,100
detailed,RB,68,acceleration,1.5103566072950323,0.565128377747554,100
detailed,RB,68,distance,127.40967958758264,38.04081775805701,100
detailed,RB,68,jerk,2.9438619070629413,1.1179655064675735,100
detailed,RB,69,speed,1.7143161154954956,0.5589097151934137,100
detailed,RB,69,acceleration,1.6844427740678927,0.7439880919562306,100
detailed,RB,69,distance,136.40487720092676,42.57697449154927,100
detailed,RB,69,jerk,3.2696909014091773,1.5158209389068138,100
detailed,RB,70,speed,1.7852274763775369,0.5338870706378571,100
detailed,RB,70,acceleration,1.660138063307861,0.6388576932866037,100
detailed,RB,70,distance,135.607326010284,46.860840097171454,100
detailed,RB,70,jerk,3.176221648710682,1.3165453150970898,100
detailed,RB,71,speed,1.5406741256640835,0.605965890336756,100
detailed,RB,71,acceleration,1.4630649310250776,0.4561056813224532,100
detailed,RB,71,distance,127.15413116919164,38.35220571425073,100
detailed,RB,71,jerk,2.842911230551492,0.874677731934758,100
detailed,RB,72,speed,1.6820753804506188,0.5985520464619856,99
detailed,RB,72,acceleration,1.6026013387698472,0.7672059489237063,99
detailed,RB,72,distance,136.9767727682807,41.93361420814906,100
detailed,RB,72,jerk,3.1090282248906482,1.5754207596304206,99
detailed,RB,73,speed,1.770626124591853,0.5873640677951745,100
detailed,RB,73,acceleration,1.6996896884031956,0.6347642194126931,100
detailed,RB,73,distance,135.32226487131717,35.167520294337095,100
detailed,RB,73,jerk,3.2886342082805187,1.294069018387792,100
detailed,RB,74,speed,1.65834038535958,0.5804695526192586,99
detailed,RB,74,acceleration,1.5335053779704426,0.4589815881632661,99
detailed,RB,74,distance,132.44573242462107,36.93504607258647,99
detailed,RB,74,jerk,2.9423383981762714,0.9429019032039053,99
detailed,RB,75,speed,1.7293495440835047,0.5592204862697301,100
detailed,RB,75,acceleration,1.6350304976995502,0.6700174573455291,100
detailed,RB,75,distance,135.6829305402543,42.05201656275017,100
detailed,RB,75,jerk,3.144105536812705,1.434509487554824,100
detailed,RB,76,speed,1.616432740396614,0.5248750902057285,99
detailed,RB,76,acceleration,1.4684897692475896,0.47958860789499225,99
detailed,RB,76,distance,130.08369388588778,41.37132748673129,99
detailed,RB,76,jerk,2.81556642645013,1.0080564520326996,99
detailed,RB,77,speed,1.7251893689160291,0.5314441243837956,99
detailed,RB,77,acceleration,1.5869645431049895,0.5891762526498517,99
detailed,RB,77,distance,134.5761677107551,38.93531085708099,99
detailed,RB,77,jerk,3.045642965917335,1.2152035723891395,99
detailed,RB,78,speed,1.663318451895141,0.5476936848503422,99
detailed,RB,78,acceleration,1.5525919697157653,0.4820748638377209,99
detailed,RB,78,distance,131.16124301258697,34.23527548105508,99
detailed,RB,78,jerk,2.985669884294264,0.9797961667547329,99
detailed,RB,79,speed,1.6592282152618978,0.57121231726354,100
detailed,RB,79,acceleration,1.4994674171652786,0.4506647701251008,100
detailed,RB,79,distance,130.2121280499855,41.320218603209796,100
detailed,RB,79,jerk,2.8604608779088676,0.9036088040856637,100
detailed,RB,80,speed,1.7659023575307171,0.6694791945651077,98
detailed,RB,80,acceleration,1.680505151145737,0.6804059185876974,98
detailed,RB,80,distance,136.19035644906188,44.77680691787436,98
detailed,RB,80,jerk,3.2057400790753308,1.408693317286831,98
detailed,RB,81,speed,1.65276829090034,0.5364600170935053,99
detailed,RB,81,acceleration,1.5487823797321192,0.5358310688045201,99
detailed,RB,81,distance,131.75705007554376,34.23866108504477,99
detailed,RB,81,jerk,2.9957366583786618,1.168185640142579,99
detailed,RB,82,speed,1.6637136826064713,0.647022511407076,98
detailed,RB,82,acceleration,1.7739605909323404,0.9901515153979725,98
detailed,RB,82,distance,138.9257378322155,51.45396770933157,98
detailed,RB,82,jerk,3.502694823031967,2.1872305298660275,98
detailed,RB,83,speed,1.6356656000142324,0.5577946307312008,98
detailed,RB,83,acceleration,1.5663288546384169,0.6578453918197995,98
detailed,RB,83,distance,134.33200147503177,43.706870913945366,98
detailed,RB,83,jerk,3.066731489292901,1.4108305081968746,98
detailed,RB,84,speed,1.7079700849633073,0.5872101362963569,98
detailed,RB,84,acceleration,1.6457363429824257,0.6742919925832467,98
detailed,RB,84,distance,136.3731674388753,45.38063805474548,98
detailed,RB,84,jerk,3.189544529624993,1.3887081407288762,98
detailed,RB,85,speed,1.7049898819889344,0.5211699815865057,97
detailed,RB,85,acceleration,1.5597531557208522,0.6918826065963798,97
detailed,RB,85,distance,127.89355076178622,34.27669721680437,97
detailed,RB,85,jerk,2.9862151076646173,1.5192840065057267,97
detailed,RB,86,speed,1.8277550287956112,0.45524791564490025,95
detailed,RB,86,acceleration,1.6645596076614217,0.6334253828449462,95
detailed,RB,86,distance,133.82607039628294,31.735046061682816,95
detailed,RB,86,jerk,3.2026369826658003,1.3382688321874612,95
detailed,RB,87,speed,1.7684703987769081,0.5775716951270018,94
detailed,RB,87,acceleration,1.736090884368989,1.0497687729009708,94
detailed,RB,87,distance,138.31629240900182,51.7160679134778,94
detailed,RB,87,jerk,3.369510783074857,2.2844296095349357,94
detailed,RB,88,speed,1.7958627385685935,0.5360343242774015,93
detailed,RB,88,acceleration,1.6703291964207936,0.6716497631443501,93
detailed,RB,88,distance,135.88635782326332,38.11736929832642,93
detailed,RB,88,jerk,3.2021693236992683,1.4214285332042416,93
detailed,RB,89,speed,1.8267328915754675,0.5258571374792305,93
detailed,RB,89,acceleration,1.7011865874228493,0.5830471945830846,93
detailed,RB,89,distance,138.2845148862829,32.404879750159765,93
detailed,RB,89,jerk,3.282048894359013,1.3023760291811424,93
detailed,RB,90,speed,1.691430862795308,0.5994556574795485,93
detailed,RB,90,acceleration,1.6480451649208823,0.8430367824446771,93
detailed,RB,90,distance,134.25229332244373,46.55863095422329,93
detailed,RB,90,jerk,3.233964407303779,1.831448004401743,93
detailed,RCB,1,speed,2.1712535216926647,0.5245074627759316,128
detailed,RCB,1,acceleration,2.215701023924263,1.3842654720601093,128
detailed,RCB,1,distance,153.79748973846628,51.65313481240822,128
detailed,RCB,1,jerk,4.177455577172682,3.1062699899154906,128
detailed,RCB,2,speed,2.005671571474904,0.49017559951703427,128
detailed,RCB,2,acceleration,1.9220750440922671,0.9721522793500483,128
detailed,RCB,2,distance,141.0249401950045,37.25805522899531,128
detailed,RCB,2,jerk,3.6507833439928503,2.0867217335727237,128
detailed,RCB,3,speed,1.8769895509740921,0.4994866220472578,128
detailed,RCB,3,acceleration,1.8231400592081337,0.9814602318387852,128
detailed,RCB,3,distance,135.64077581513553,39.99150779670775,128
detailed,RCB,3,jerk,3.511524009784508,2.182522187042792,128
detailed,RCB,4,speed,1.829495809190646,0.49358905216531074,128
detailed,RCB,4,acceleration,1.8581250226608308,0.879947732126664,128
detailed,RCB,4,distance,135.30680468062658,36.49819099632597,128
detailed,RCB,4,jerk,3.5911734936579016,1.872393702012676,128
detailed,RCB,5,speed,1.9156161169085408,0.5051787204446797,128
detailed,RCB,5,acceleration,1.8923427660672074,1.0316144093398278,128
detailed,RCB,5,distance,138.80971372760737,38.144248116108024,128
detailed,RCB,5,jerk,3.649229157512949,2.317032287385735,128
detailed,RCB,6,speed,1.7962157650149055,0.5476087923873884,128
detailed,RCB,6,acceleration,1.700159628064568,0.6991813468445115,128
detailed,RCB,6,distance,131.82471669879152,33.19043103516112,128
detailed,RCB,6,jerk,3.282567306984615,1.529178691967003,128
detailed,RCB,7,speed,1.739432424557772,0.48951193831944856,128
detailed,RCB,7,acceleration,1.7641298519038635,1.035754421357687,128
detailed,RCB,7,distance,127.5501528523924,41.41441459878915,128
detailed,RCB,7,jerk,3.3903460260128706,2.3097899291438346,128
detailed,RCB,8,speed,1.8165703478423034,0.5466074951197804,128
detailed,RCB,8,acceleration,1.9047232873910729,1.0442378950014646,128
detailed,RCB,8,distance,138.79660306060498,43.13541198019799,128
detailed,RCB,8,jerk,3.7124273640401158,2.290726147308723,128
detailed,RCB,9,speed,1.7982204961352901,0.6077745329573803,128
detailed,RCB,9,acceleration,1.8198803705620807,0.9579697012846263,128
detailed,RCB,9,distance,135.27554474526312,45.00498008302181,128
detailed,RCB,9,jerk,3.5337626150866224,2.1272012845922084,128
detailed,RCB,10,speed,1.6964403272841746,0.5615561608113664,128
detailed,RCB,10,acceleration,1.6424594215302437,0.7905893296772191,128
detailed,RCB,10,distance,128.74522247209438,41.38746930795428,128
detailed,RCB,10,jerk,3.1618320693036064,1.6912140401779936,128
detailed,RCB,11,speed,1.7605124577322762,0.5782190120286964,128
detailed,RCB,11,acceleration,1.874302707174435,1.129111978822768,128
detailed,RCB,11,distance,137.3962843575588,46.852231109434555,128
detailed,RCB,11,jerk,3.68383726038105,2.4678887762376673,128
detailed,RCB,12,speed,1.7640828283924441,0.6007051823071895,128
detailed,RCB,12,acceleration,1.8885552584441674,1.0816698545778698,128
detailed,RCB,12,distance,133.6623251234917,49.79681897179906,128
detailed,RCB,12,jerk,3.6585582941780883,2.337862410510267,128
detailed,RCB,13,speed,1.798047585785043,0.6045804489437961,128
detailed,RCB,13,acceleration,1.8126758318792349,0.9908133769578862,128
detailed,RCB,13,distance,133.9742469440966,43.38496909378329,128
detailed,RCB,13,jerk,3.500506411203381,2.0701226139642204,128
detailed,RCB,14,speed,1.8179008037651292,0.5100626996431262,128
detailed,RCB,14,acceleration,1.925024427718605,1.2584330965404849,128
detailed,RCB,14,distance,135.51725954089204,48.612575486080196,128
detailed,RCB,14,jerk,3.7376881926931596,2.8133726766712153,128
detailed,RCB,15,speed,1.714972108811031,0.47027284969430844,128
detailed,RCB,15,acceleration,1.7386040884933454,1.1941743576764416,128
detailed,RCB,15,distance,127.12265520774503,44.22428104820089,128
detailed,RCB,15,jerk,3.352132075813801,2.5767116160298276,128
detailed,RCB,16,speed,1.7209801022932396,0.49381822410868065,128
detailed,RCB,16,acceleration,1.7598814640526597,1.0708734174317716,128
detailed,RCB,16,distance,128.074664794119,40.23800004657961,128
detailed,RCB,16,jerk,3.4221861113668908,2.429564346153934,128
detailed,RCB,17,speed,1.6277082719243403,0.5518316159898329,128
detailed,RCB,17,acceleration,1.7185966314821703,1.089885537050906,128
detailed,RCB,17,distance,125.3223805000977,46.40923983892961,128
detailed,RCB,17,jerk,3.3474060520588313,2.3829386198046727,128
detailed,RCB,18,speed,1.6730238573979817,0.6130148280179831,128
detailed,RCB,18,acceleration,1.7524488444198822,1.1711133788810995,128
detailed,RCB,18,distance,126.24555612336573,49.505298303277115,128
detailed,RCB,18,jerk,3.3692161970879275,2.4998718357913137,128
detailed,RCB,19,speed,1.765407882751439,0.5620354777064888,128
detailed,RCB,19,acceleration,1.8174380854253955,1.1219337086612915,128
detailed,RCB,19,distance,128.85054591928258,46.083542600166,128
detailed,RCB,19,jerk,3.5216958084634875,2.4532988794963915,128
detailed,RCB,20,speed,1.776364306889831,0.592298754516897,128
detailed,RCB,20,acceleration,1.8424640790262992,0.9478777861957237,128
detailed,RCB,20,distance,132.83046925506727,43.25477684207763,128
detailed,RCB,20,jerk,3.5674240855051984,2.007003635802811,128
detailed,RCB,21,speed,1.8013205819383729,0.5623294275323865,128
detailed,RCB,21,acceleration,1.953284082881168,1.3042690550299445,128
detailed,RCB,21,distance,140.84623114317324,52.57360105350809,128
detailed,RCB,21,jerk,3.842187603463401,2.860830602375899,128
detailed,RCB,22,speed,1.745970833408728,0.5475378406072472,128
detailed,RCB,22,acceleration,1.75581117433153,0.9219062272371247,128
detailed,RCB,22,distance,130.09859350912532,42.04296395296203,128
detailed,RCB,22,jerk,3.4127383513748,2.032267342601782,128
detailed,RCB,23,speed,1.7479685831524612,0.4704298918270086,128
detailed,RCB,23,acceleration,1.7281468717019173,0.8065773491593395,128
detailed,RCB,23,distance,128.64151597348274,36.765021401113216,128
detailed,RCB,23,jerk,3.296461475986376,1.676590792769241,128
detailed,RCB,24,speed,1.713033045499693,0.5330504906440255,128
detailed,RCB,24,acceleration,1.7195530945578965,0.8506402726546299,128
detailed,RCB,24,distance,128.32363872855336,41.97826306934533,128
detailed,RCB,24,jerk,3.337892190239082,1.8412325064369552,128
detailed,RCB,25,speed,1.6742166283899622,0.5037223451067874,128
detailed,RCB,25,acceleration,1.6891724779692794,0.8335131741524666,128
detailed,RCB,25,distance,126.66840863650873,39.04785778516397,128
detailed,RCB,25,jerk,3.268596029471295,1.8111538271866565,128
detailed,RCB,26,speed,1.7955982560924053,0.5472014746592396,128
detailed,RCB,26,acceleration,1.8594564747190223,1.0392069031782836,128
detailed,RCB,26,distance,135.13363879081714,44.10575333470523,128
detailed,RCB,26,jerk,3.6037947867083315,2.2587947569873466,128
detailed,RCB,27,speed,1.7043298163645082,0.4871186743957286,128
detailed,RCB,27,acceleration,1.770227061377864,0.9889754865981438,128
detailed,RCB,27,distance,131.81175983190192,43.229498617278935,128
detailed,RCB,27,jerk,3.4599318551362783,2.163386548267092,128
detailed,RCB,28,speed,1.6268646008672647,0.5251521254132742,128
detailed,RCB,28,acceleration,1.676352013089814,1.0437083261566187,128
detailed,RCB,28,distance,124.98369366358563,42.284350048102354,128
detailed,RCB,28,jerk,3.2325479721953676,2.2073915981433228,128
detailed,RCB,29,speed,1.6981527141294666,0.5520385851891338,128
detailed,RCB,29,acceleration,1.7668191135794342,0.9391545453203726,128
detailed,RCB,29,distance,130.45240226739065,46.396552220404345,128
detailed,RCB,29,jerk,3.4462983694836695,2.0532800522144576,128
detailed,RCB,30,speed,1.7623457444857942,0.523546288290255,128
detailed,RCB,30,acceleration,1.7919574317343032,0.9742543768624118,128
detailed,RCB,30,distance,130.70869211973186,44.907891006201545,128
detailed,RCB,30,jerk,3.4721073507784626,2.189510181450016,128
detailed,RCB,31,speed,1.6678032820674318,0.5043966227504506,128
detailed,RCB,31,acceleration,1.6597511518718775,0.862751706035558,128
detailed,RCB,31,distance,122.89090946707421,37.400494088294565,128
detailed,RCB,31,jerk,3.2031253939062676,1.826496230579513,128
detailed,RCB,32,speed,1.7532717400869429,0.5319904633870208,128
detailed,RCB,32,acceleration,1.8307407420689734,1.1739391949242937,128
detailed,RCB,32,distance,136.15787339671755,50.879972774082866,128
detailed,RCB,32,jerk,3.609208786105181,2.581138189970723,128
detailed,RCB,33,speed,1.6524437361300504,0.518530548270238,128
detailed,RCB,33,acceleration,1.6949564466679878,0.9580152236514617,128
detailed,RCB,33,distance,127.21046442935315,39.1528630391572,128
detailed,RCB,33,jerk,3.283582556954197,2.031500243382129,128
detailed,RCB,34,speed,1.7619465644032468,0.6397136657058574,128
detailed,RCB,34,acceleration,1.815068955141069,1.1401053190630797,128
detailed,RCB,34,distance,134.3172533645418,47.21439788554365,128
detailed,RCB,34,jerk,3.530922285733421,2.464893786831204,128
detailed,RCB,35,speed,1.6641750615844435,0.539077279560958,128
detailed,RCB,35,acceleration,1.700490546518865,1.0150522825359414,128
detailed,RCB,35,distance,128.59712694270715,45.709369423284585,128
detailed,RCB,35,jerk,3.3263713286557266,2.1556299088012976,128
detailed,RCB,36,speed,1.653647164500563,0.5246265624029003,128
detailed,RCB,36,acceleration,1.689751416425015,0.8906515072261499,128
detailed,RCB,36,distance,127.53718695224211,40.39086513609857,128
detailed,RCB,36,jerk,3.3064247839447867,1.9313355538639168,128
detailed,RCB,37,speed,1.6436015143546903,0.601580740425846,128
detailed,RCB,37,acceleration,1.688937944003944,0.9040137398356864,128
detailed,RCB,37,distance,126.91126761775564,45.987730789234774,128
detailed,RCB,37,jerk,3.3195853541473075,1.9696722563948224,128
detailed,RCB,38,speed,1.7376680678189091,0.49550283784914007,128
detailed,RCB,38,acceleration,1.7116194293458842,0.8828822010106318,128
detailed,RCB,38,distance,126.73630823727943,35.67028388291081,128
detailed,RCB,38,jerk,3.319191628438525,1.9176432258443217,128
detailed,RCB,39,speed,1.658984014025131,0.5125389350280194,128
detailed,RCB,39,acceleration,1.652409496683308,0.7561357691632493,128
detailed,RCB,39,distance,124.63412550462395,36.519819165544035,128
detailed,RCB,39,jerk,3.203027874130541,1.6498754971395126,128
detailed,RCB,40,speed,1.7710518255999026,0.6014042105699794,128
detailed,RCB,40,acceleration,1.7714551463291441,1.1065387746973345,128
detailed,RCB,40,distance,132.30732166932407,46.35369013397805,128
detailed,RCB,40,jerk,3.4494860907666847,2.425809188627894,128
detailed,RCB,41,speed,1.6361608718516154,0.509995805004485,128
detailed,RCB,41,acceleration,1.6217348970887953,0.7805125832903902,128
detailed,RCB,41,distance,124.41829724792852,37.76480327761325,128
detailed,RCB,41,jerk,3.141064107741862,1.714140823821047,128
detailed,RCB,42,speed,1.6007160705852166,0.4916050035634528,128
detailed,RCB,42,acceleration,1.6180684505464353,0.7449250535830975,128
detailed,RCB,42,distance,120.7111524628929,35.15007290748704,128
detailed,RCB,42,jerk,3.1224149972654347,1.616083446715091,128
detailed,RCB,43,speed,1.5860335063493955,0.584312068491728,128
detailed,RCB,43,acceleration,1.579047404902387,0.7185895511805348,128
detailed,RCB,43,distance,121.69756186191664,35.62355784459281,128
detailed,RCB,43,jerk,3.073768655935447,1.5641933454258459,128
detailed,RCB,44,speed,1.6357558513625354,0.5765676081144312,128
detailed,RCB,44,acceleration,1.8024298972419308,1.1718164980449797,128
detailed,RCB,44,distance,129.78933849187337,46.52301940555108,128
detailed,RCB,44,jerk,3.54975430860515,2.5053746766950673,128
detailed,RCB,45,speed,1.7012180260643235,0.5610363183332421,128
detailed,RCB,45,acceleration,1.8506028095906053,1.3138814233891698,128
detailed,RCB,45,distance,133.86583005852634,51.917847990824775,128
detailed,RCB,45,jerk,3.6386365273652452,2.8135277795444287,128
detailed,RCB,46,speed,1.9154119282220672,0.4487414317030589,132
detailed,RCB,46,acceleration,1.7559255454363656,0.7215816664329848,132
detailed,RCB,46,distance,135.0784794124881,44.08864801439728,132
detailed,RCB,46,jerk,3.258395704822057,1.5831985072570933,132
detailed,RCB,47,speed,1.7460237362315572,0.4911012850486477,132
detailed,RCB,47,acceleration,1.6891415358607014,0.8175548757777173,132
detailed,RCB,47,distance,132.30987763602266,54.41355997761828,132
detailed,RCB,47,jerk,3.2411004601338433,1.7174460294873224,132
detailed,RCB,48,speed,1.8006223237384174,0.5187909423905733,132
detailed,RCB,48,acceleration,1.6528613509455,0.5639612023270838,132
detailed,RCB,48,distance,132.77076245138883,43.13217006539385,132
detailed,RCB,48,jerk,3.1457765914281577,1.1858762770699824,132
detailed,RCB,49,speed,1.642214894931886,0.5500724112249307,132
detailed,RCB,49,acceleration,1.572365432909734,0.6034286719810278,132
detailed,RCB,49,distance,134.27246493133012,60.955734611315236,132
detailed,RCB,49,jerk,3.0762478225988,1.2827342773409223,132
detailed,RCB,50,speed,1.653901806337328,0.5730963257351561,132
detailed,RCB,50,acceleration,1.5890692291245456,0.6177750032770057,132
detailed,RCB,50,distance,129.99907218861708,63.81126619460897,132
detailed,RCB,50,jerk,3.0708821596336016,1.3178540722103085,132
detailed,RCB,51,speed,1.7828010506542107,0.5104186914603019,132
detailed,RCB,51,acceleration,1.704284657397013,0.8708710725259534,132
detailed,RCB,51,distance,136.16174634870478,57.251349028411,132
detailed,RCB,51,jerk,3.2834814333849662,1.8817135928425972,132
detailed,RCB,52,speed,1.6100149578035499,0.5247149145906931,132
detailed,RCB,52,acceleration,1.530507549151655,0.6346290475895098,132
detailed,RCB,52,distance,125.38545815732168,54.21261372863668,132
detailed,RCB,52,jerk,2.945463932490301,1.3468858339970748,132
detailed,RCB,53,speed,1.6501278492089786,0.5250764511059848,132
detailed,RCB,53,acceleration,1.5450576572574113,0.5313915437365229,132
detailed,RCB,53,distance,126.09993386761298,43.67080042774713,132
detailed,RCB,53,jerk,2.9770351999734515,1.1706652732810638,132
detailed,RCB,54,speed,1.6257634311067872,0.6154457977028412,132
detailed,RCB,54,acceleration,1.5994979222763133,0.7938807000284602,132
detailed,RCB,54,distance,124.6569749971894,42.5627939512746,132
detailed,RCB,54,jerk,3.1166990328305237,1.7010523267533264,132
detailed,RCB,55,speed,1.628320959164786,0.5528806935954582,133
detailed,RCB,55,acceleration,1.5231803173678689,0.6061472121837033,133
detailed,RCB,55,distance,125.44433798128733,47.24562017143564,133
detailed,RCB,55,jerk,2.915106190557727,1.2586408382694205,132
detailed,RCB,56,speed,1.672566875075093,0.5701014445490888,133
detailed,RCB,56,acceleration,1.6093891542640124,0.6837398618584614,133
detailed,RCB,56,distance,128.20632437520354,42.10114126287139,133
detailed,RCB,56,jerk,3.141229415538666,1.4526886318097045,133
detailed,RCB,57,speed,1.5340089886956247,0.47819697145879997,134
detailed,RCB,57,acceleration,1.5164331279553604,0.6561559446404415,134
detailed,RCB,57,distance,121.96817396134475,41.07340876593877,134
detailed,RCB,57,jerk,2.9745751885269227,1.4056272698611658,134
detailed,RCB,58,speed,1.6011757974857497,0.582360162458271,135
detailed,RCB,58,acceleration,1.520529016362904,0.5534266146231094,135
detailed,RCB,58,distance,126.55876977907033,45.002332955356344,135
detailed,RCB,58,jerk,2.959454801263968,1.1621058120312537,135
detailed,RCB,59,speed,1.6026506414418624,0.5975968178968318,134
detailed,RCB,59,acceleration,1.4908294987304889,0.5314108205134928,134
detailed,RCB,59,distance,120.84773400787897,36.935344092400776,134
detailed,RCB,59,jerk,2.8489583350191965,1.0628646974509046,134
detailed,RCB,60,speed,1.7005614876703539,0.5104832802930906,134
detailed,RCB,60,acceleration,1.6385362499031708,0.6418472482870623,134
detailed,RCB,60,distance,129.07175954714552,45.76853265851762,134
detailed,RCB,60,jerk,3.161174346560455,1.3910645521471017,134
detailed,RCB,61,speed,1.6144455988877395,0.4521740429758063,134
detailed,RCB,61,acceleration,1.642076820365041,0.7132888398244126,134
detailed,RCB,61,distance,128.79701701514963,48.20919941767971,134
detailed,RCB,61,jerk,3.209044714491848,1.5597824430932183,134
detailed,RCB,62,speed,1.667033585221178,0.5131981520498107,134
detailed,RCB,62,acceleration,1.6549042130579013,1.0428530694638045,134
detailed,RCB,62,distance,130.8703734895182,60.38308635703435,134
detailed,RCB,62,jerk,3.221308619979212,2.299018938019599,134
detailed,RCB,63,speed,1.6229269694196569,0.556842447220393,133
detailed,RCB,63,acceleration,1.5193215663428892,0.6577699052774557,133
detailed,RCB,63,distance,125.48364685414424,48.338506844770315,133
detailed,RCB,63,jerk,2.948918364694891,1.4171756512554652,133
detailed,RCB,64,speed,1.507868488718177,0.5547651943897609,134
detailed,RCB,64,acceleration,1.4654951420267366,0.7828339762875276,134
detailed,RCB,64,distance,123.1907810430025,47.21970046929533,134
detailed,RCB,64,jerk,2.8643504671888635,1.664654992106053,134
detailed,RCB,65,speed,1.505167576705638,0.5573372253900143,135
detailed,RCB,65,acceleration,1.473323162850061,0.6792128478383278,135
detailed,RCB,65,distance,121.16659816669396,57.0311856903314,135
detailed,RCB,65,jerk,2.858642075117629,1.399018839187955,135
detailed,RCB,66,speed,1.5783720826157186,0.5001173473272995,136
detailed,RCB,66,acceleration,1.4452279804382349,0.5138864366629183,136
detailed,RCB,66,distance,123.77518345734534,41.74279345090138,136
detailed,RCB,66,jerk,2.7668098585207415,1.0583989836447103,136
detailed,RCB,67,speed,1.5690822657280372,0.5791710620598757,136
detailed,RCB,67,acceleration,1.4781609295634748,0.619046209011052,136
detailed,RCB,67,distance,120.91355720865155,48.327827093962746,136
detailed,RCB,67,jerk,2.832903052819074,1.2996898911282908,136
detailed,RCB,68,speed,1.4854969249302656,0.5030514169665578,135
detailed,RCB,68,acceleration,1.3870772206334425,0.46741797919626993,135
detailed,RCB,68,distance,120.06096880295375,44.3346222383395,135
detailed,RCB,68,jerk,2.698105089504653,0.962533103156311,135
detailed,RCB,69,speed,1.5416158968124087,0.5117539586853811,136
detailed,RCB,69,acceleration,1.4742193454601762,0.631223983000422,136
detailed,RCB,69,distance,122.89859876311132,47.07037390636417,136
detailed,RCB,69,jerk,2.8612130247002856,1.3497265188758414,136
detailed,RCB,70,speed,1.7082221305168288,0.5151783441717862,137
detailed,RCB,70,acceleration,1.560090135829395,0.6166757494002175,137
detailed,RCB,70,distance,128.22503958889055,43.806879747269065,137
detailed,RCB,70,jerk,2.997204296573204,1.333056595472176,137
detailed,RCB,71,speed,1.5017945386618627,0.6166516911497176,138
detailed,RCB,71,acceleration,1.4479792574972477,0.6229361117261096,138
detailed,RCB,71,distance,120.88267664082741,39.0934414155786,138
detailed,RCB,71,jerk,2.8150015030825184,1.2718553328448854,138
detailed,RCB,72,speed,1.551092759242108,0.529297993365104,138
detailed,RCB,72,acceleration,1.4724992860743087,0.49438366991013377,138
detailed,RCB,72,distance,126.01052062059985,35.69198094801376,138
detailed,RCB,72,jerk,2.8733880720271285,1.0208925844515337,138
detailed,RCB,73,speed,1.6214964508721448,0.5746084873885985,140
detailed,RCB,73,acceleration,1.5871604015521694,0.6510526024881867,140
detailed,RCB,73,distance,125.70996065353324,38.3384370815359,140
detailed,RCB,73,jerk,3.088072424189517,1.3535531801491356,140
detailed,RCB,74,speed,1.5715450874305092,0.5810498523466587,140
detailed,RCB,74,acceleration,1.628152560598335,0.8502464761709414,140
detailed,RCB,74,distance,130.99481577927287,47.50895265947372,140
detailed,RCB,74,jerk,3.21654290413408,1.8544610572379148,140
detailed,RCB,75,speed,1.6369393647842152,0.5417391739372658,140
detailed,RCB,75,acceleration,1.5857148746736158,0.7870613658155786,140
detailed,RCB,75,distance,126.12357581998634,41.039793476820634,140
detailed,RCB,75,jerk,3.074833372701094,1.661843827103128,140
detailed,RCB,76,speed,1.5663266865388425,0.4964488750019723,141
detailed,RCB,76,acceleration,1.5325469741980822,0.6707350087672941,141
detailed,RCB,76,distance,124.56402911119298,42.08541406600494,141
detailed,RCB,76,jerk,2.9803747548041444,1.4336749684643781,141
detailed,RCB,77,speed,1.6109635711658183,0.4934609386340648,142
detailed,RCB,77,acceleration,1.596211998667764,0.7209040242613656,142
detailed,RCB,77,distance,127.6975800167388,48.07805644983214,142
detailed,RCB,77,jerk,3.0970867919218135,1.5492542499573707,142
detailed,RCB,78,speed,1.5655584855221434,0.5095716486336884,143
detailed,RCB,78,acceleration,1.580445284226723,0.5903078686159802,143
detailed,RCB,78,distance,127.99547730336852,44.767658663895595,143
detailed,RCB,78,jerk,3.109902955621752,1.2617645763126315,143
detailed,RCB,79,speed,1.6298822011578702,0.5250550343338543,144
detailed,RCB,79,acceleration,1.5773988650127806,0.6149078291317467,144
detailed,RCB,79,distance,130.02441457607867,42.246042770762216,144
detailed,RCB,79,jerk,3.071844935856615,1.2995820553767747,144
detailed,RCB,80,speed,1.6358074280139423,0.5155393718316443,145
detailed,RCB,80,acceleration,1.5746050771342721,0.531621355131873,145
detailed,RCB,80,distance,129.5105282870313,51.6700703133064,145
detailed,RCB,80,jerk,3.052920695805763,1.151791384541458,145
detailed,RCB,81,speed,1.5152465534759614,0.5313406979443532,145
detailed,RCB,81,acceleration,1.5052712486275583,0.651699093933706,145
detailed,RCB,81,distance,123.11731761264808,37.62359924032848,145
detailed,RCB,81,jerk,2.9651676410635526,1.401562660763892,145
detailed,RCB,82,speed,1.4912092664349856,0.5602799392660255,146
detailed,RCB,82,acceleration,1.5931166040580313,0.6348816116308625,146
detailed,RCB,82,distance,124.30367452777857,44.11381225490605,146
detailed,RCB,82,jerk,3.16822856883368,1.36334041058313,146
detailed,RCB,83,speed,1.6642979188927887,0.5756994950390371,146
detailed,RCB,83,acceleration,1.6307078228101153,0.743623962427908,146
detailed,RCB,83,distance,131.52029980648686,48.316489874262366,146
detailed,RCB,83,jerk,3.179816926233718,1.5889055125898246,146
detailed,RCB,84,speed,1.5412273303279291,0.5109188726876251,147
detailed,RCB,84,acceleration,1.518904668490379,0.5994743697808471,147
detailed,RCB,84,distance,124.95761852531263,39.06557285850995,147
detailed,RCB,84,jerk,2.985342327453676,1.2557435414938785,147
detailed,RCB,85,speed,1.6042888555745916,0.49604896970295204,147
detailed,RCB,85,acceleration,1.5849543599031828,0.7778104338465611,147
detailed,RCB,85,distance,125.43092583794774,46.769171552362494,147
detailed,RCB,85,jerk,3.106785817718423,1.6779237831583582,147
detailed,RCB,86,speed,1.7594280940228666,0.44221963465852726,149
detailed,RCB,86,acceleration,1.696711488651481,0.7217696570961741,149
detailed,RCB,86,distance,131.8261799723142,45.789381782486764,149
detailed,RCB,86,jerk,3.278827191848213,1.5364603646179213,149
detailed,RCB,87,speed,1.6434121989120352,0.4756079798143675,150
detailed,RCB,87,acceleration,1.555665184534201,0.6995296861134118,150
detailed,RCB,87,distance,128.0780808981767,48.27032885019259,150
detailed,RCB,87,jerk,3.0012963784861246,1.5372276780117793,150
detailed,RCB,88,speed,1.6784341079169414,0.4951668527728651,150
detailed,RCB,88,acceleration,1.567502372798264,0.5871510267643817,150
detailed,RCB,88,distance,127.66614785292764,33.92923336959122,150
detailed,RCB,88,jerk,3.0026761476718633,1.222522520467629,150
detailed,RCB,89,speed,1.6384626049810953,0.5427086763631604,151
detailed,RCB,89,acceleration,1.6227969605163073,0.6811302083808816,151
detailed,RCB,89,distance,132.74042331352862,52.52393697698337,151
detailed,RCB,89,jerk,3.1875088719934377,1.4623514531534254,151
detailed,RCB,90,speed,1.5721552976663535,0.5957922561559743,152
detailed,RCB,90,acceleration,1.5000649318757178,0.7128689540855069,152
detailed,RCB,90,distance,129.34329532695392,54.65674504852579,152
detailed,RCB,90,jerk,2.92958820355408,1.4905584966978132,152
detailed,CF,1,speed,2.5449855592553483,0.5389761773552201,163
detailed,CF,1,acceleration,2.3696473728635046,1.128508415417064,163
detailed,CF,1,distance,177.08286324581005,47.03386839926062,163
detailed,CF,1,jerk,4.3790145104257805,2.6038105547128993,163
detailed,CF,2,speed,2.2078997964060356,0.5062531406457647,163
detailed,CF,2,acceleration,2.0371191448754113,0.9158533478164657,163
detailed,CF,2,distance,154.86834564403858,41.50462458849386,163
detailed,CF,2,jerk,3.810685480114175,1.993585979234799,163
detailed,CF,3,speed,2.0476082508134734,0.5974832323175429,163
detailed,CF,3,acceleration,1.9304624901295522,0.8623645571430959,163
detailed,CF,3,distance,146.46343225108856,40.47844428610475,163
detailed,CF,3,jerk,3.6714209624789986,1.8451674115832684,163
detailed,CF,4,speed,1.9932785406795528,0.6001702160718133,163
detailed,CF,4,acceleration,1.9252074336707552,0.8765083605646076,163
detailed,CF,4,distance,146.29451201959924,37.97979422509138,163
detailed,CF,4,jerk,3.6536376980490957,1.8867295028213527,163
detailed,CF,5,speed,2.110506989324225,0.5859773656055097,163
detailed,CF,5,acceleration,2.0647981713714203,1.1845294640430544,163
detailed,CF,5,distance,155.65508006001332,44.91104717117314,163
detailed,CF,5,jerk,3.9246973333522166,2.525353817621151,163
detailed,CF,6,speed,1.9648559054416506,0.6681340197015221,163
detailed,CF,6,acceleration,1.8012722904524263,0.8634432114183246,163
detailed,CF,6,distance,145.1749406661811,40.51872796774425,163
detailed,CF,6,jerk,3.4209654977119706,1.8444163669412985,163
detailed,CF,7,speed,1.928758958869497,0.5362074830756541,163
detailed,CF,7,acceleration,1.9439115819706512,1.130405249442215,163
detailed,CF,7,distance,142.2330097392942,46.83068355655122,163
detailed,CF,7,jerk,3.7239829131859508,2.503581058445996,163
detailed,CF,8,speed,1.994938003532331,0.585487707213646,163
detailed,CF,8,acceleration,1.8903714362110078,0.7177520512672105,163
detailed,CF,8,distance,146.0116269169573,34.91052647635287,163
detailed,CF,8,jerk,3.596847842658685,1.526379165695613,163
detailed,CF,9,speed,1.9863947856807591,0.6738662281041607,163
detailed,CF,9,acceleration,1.9226147432400642,1.0329921068290957,163
detailed,CF,9,distance,146.63604269986627,48.30356787483799,163
detailed,CF,9,jerk,3.6467035137681476,2.1822042601600913,163
detailed,CF,10,speed,1.8392075322778954,0.5774591771319562,163
detailed,CF,10,acceleration,1.72717685389248,0.7071416897837169,163
detailed,CF,10,distance,134.8183078701513,37.71162437007306,163
detailed,CF,10,jerk,3.282895188055096,1.5257147768811679,163
detailed,CF,11,speed,1.9237243899292877,0.6361442789724385,163
detailed,CF,11,acceleration,1.8909042992786642,1.1185694137452895,163
detailed,CF,11,distance,146.0314631868054,47.05809292978222,163
detailed,CF,11,jerk,3.6331655949022,2.2990793887971996,163
detailed,CF,12,speed,1.8960236732006581,0.6472180461953714,163
detailed,CF,12,acceleration,1.9064161226895444,1.0396451460041318,163
detailed,CF,12,distance,140.98611062048644,45.512357100025454,163
detailed,CF,12,jerk,3.6789296385527135,2.2816285285814066,163
detailed,CF,13,speed,1.8952252524028956,0.6332059028500824,163
detailed,CF,13,acceleration,1.7866363949496329,0.9133658832002443,163
detailed,CF,13,distance,137.77863932056982,41.22857050611669,163
detailed,CF,13,jerk,3.3947650175886674,1.9477488918848214,163
detailed,CF,14,speed,2.000438456911304,0.5659352424399965,163
detailed,CF,14,acceleration,1.8877403097806684,1.0814576139030083,163
detailed,CF,14,distance,143.0855334071313,42.60035343494445,163
detailed,CF,14,jerk,3.547796578369471,2.3236221336523064,163
detailed,CF,15,speed,1.8566864051596128,0.46462437032769033,163
detailed,CF,15,acceleration,1.7139746980547317,0.7477252277235831,163
detailed,CF,15,distance,134.6419540273874,36.19845676349921,163
detailed,CF,15,jerk,3.263106370293878,1.67746384194302,163
detailed,CF,16,speed,1.872315151469685,0.6155280687141613,163
detailed,CF,16,acceleration,1.793594613441379,0.8661554515300308,163
detailed,CF,16,distance,139.15108150550122,42.55268020760366,163
detailed,CF,16,jerk,3.4155714028696824,1.8607197791280712,163
detailed,CF,17,speed,1.733324071099688,0.647297865410394,163
detailed,CF,17,acceleration,1.7316327429389824,0.9789528160484166,163
detailed,CF,17,distance,133.0413099486773,43.96058524573097,163
detailed,CF,17,jerk,3.3334419862173466,2.126148249350183,163
detailed,CF,18,speed,1.8284183586364315,0.7193773629862653,163
detailed,CF,18,acceleration,1.7803060650675877,0.9628601994160756,163
detailed,CF,18,distance,136.35235022482186,47.254743325237264,163
detailed,CF,18,jerk,3.380291167058948,2.0559620225348985,163
detailed,CF,19,speed,1.8773256577074442,0.5423512436159396,163
detailed,CF,19,acceleration,1.769971931689004,0.9049666476305557,163
detailed,CF,19,distance,134.5468287121552,40.9021536007518,163
detailed,CF,19,jerk,3.3775198819699517,2.062619297563145,163
detailed,CF,20,speed,1.938840790018198,0.6396545348640823,163
detailed,CF,20,acceleration,1.9667730334703666,1.1144129135162792,163
detailed,CF,20,distance,144.5665317509114,48.59010302312456,163
detailed,CF,20,jerk,3.807028606704118,2.4377811620642564,163
detailed,CF,21,speed,1.874330710277575,0.5744307570723028,163
detailed,CF,21,acceleration,1.8319455604329609,1.0607220104529016,163
detailed,CF,21,distance,141.86388108933284,48.090457758390144,163
detailed,CF,21,jerk,3.517028567234118,2.290378287298791,163
detailed,CF,22,speed,1.9152512092283402,0.6013968867245151,163
detailed,CF,22,acceleration,1.85840793400639,0.9642469408183608,163
detailed,CF,22,distance,142.1833031401018,42.92795294522466,163
detailed,CF,22,jerk,3.564246240260045,2.1084246163329277,163
detailed,CF,23,speed,1.9387262924587305,0.5029546192725698,163
detailed,CF,23,acceleration,1.789789612979983,0.8800848722485463,163
detailed,CF,23,distance,141.6470816437223,45.08473440624004,163
detailed,CF,23,jerk,3.376507202730913,1.8657666173708485,163
detailed,CF,24,speed,1.8477811327500933,0.5547039467640835,163
detailed,CF,24,acceleration,1.7009683087994083,0.670041898791229,163
detailed,CF,24,distance,134.13491195381425,32.561020701333476,163
detailed,CF,24,jerk,3.2277996926194237,1.3985132028473375,163
detailed,CF,25,speed,1.7904062188473124,0.5485064722674783,163
detailed,CF,25,acceleration,1.8582403564581376,1.226948558386861,163
detailed,CF,25,distance,136.69328643735898,45.68730817989604,163
detailed,CF,25,jerk,3.5962266796014646,2.643601621191556,163
detailed,CF,26,speed,1.970107110246447,0.5765431707899707,163
detailed,CF,26,acceleration,1.9484237689622403,1.0264003580037926,163
detailed,CF,26,distance,145.53839950450947,45.1015010135655,163
detailed,CF,26,jerk,3.748776396486543,2.2318491883940754,163
detailed,CF,27,speed,1.9140335026350705,0.6002123372333511,163
detailed,CF,27,acceleration,1.9599728309392466,1.0198339008328294,163
detailed,CF,27,distance,146.0124497546944,41.73237052696739,163
detailed,CF,27,jerk,3.7766210310399972,2.1855732657861697,163
detailed,CF,28,speed,1.7923332478604461,0.6109455701118531,163
detailed,CF,28,acceleration,1.7731063304923789,0.8698995642956024,163
detailed,CF,28,distance,135.37933613963216,40.87893243726566,163
detailed,CF,28,jerk,3.3968362215547714,1.8715673586159702,163
detailed,CF,29,speed,1.8401910987527739,0.5619576796484518,163
detailed,CF,29,acceleration,1.8662429389470054,0.8902607341281872,163
detailed,CF,29,distance,140.52389131327666,39.23618386280402,163
detailed,CF,29,jerk,3.5959839240494467,1.8795938340858251,163
detailed,CF,30,speed,1.861975295345174,0.5379303861747844,163
detailed,CF,30,acceleration,1.856626589760745,0.8887307190213093,163
detailed,CF,30,distance,137.74799080005246,39.72546947585051,163
detailed,CF,30,jerk,3.552829099706898,1.9428115908527406,163
detailed,CF,31,speed,1.8051593875195993,0.5597997314431317,163
detailed,CF,31,acceleration,1.702002227800345,0.7930839963060904,163
detailed,CF,31,distance,133.34852267724258,39.10591020547162,163
detailed,CF,31,jerk,3.238503141741108,1.7030403654870458,163
detailed,CF,32,speed,1.880806815789725,0.6190713457648265,163
detailed,CF,32,acceleration,1.8051687879727187,0.937372119791641,163
detailed,CF,32,distance,141.46402143735924,42.740369594257174,163
detailed,CF,32,jerk,3.497820745089448,2.073530033343927,163
detailed,CF,33,speed,1.7387753645569555,0.5841368162633236,163
detailed,CF,33,acceleration,1.6618860184184066,0.7794814592115483,163
detailed,CF,33,distance,132.58974093418126,40.22396011257901,163
detailed,CF,33,jerk,3.1969733312044206,1.6992317169650966,163
detailed,CF,34,speed,1.8237538620143148,0.6732115268595467,163
detailed,CF,34,acceleration,1.792858686536398,1.0134035007719338,163
detailed,CF,34,distance,141.43651010158845,54.41002310354126,163
detailed,CF,34,jerk,3.4465787357025413,2.19367925442461,163
detailed,CF,35,speed,1.8297825387665012,0.5875020302652244,163
detailed,CF,35,acceleration,1.804470116705077,0.9443490859418378,163
detailed,CF,35,distance,141.03104024047076,43.311380823284274,163
detailed,CF,35,jerk,3.5130957323375185,2.0980643220173634,163
detailed,CF,36,speed,1.8602489791911094,0.644230941162435,163
detailed,CF,36,acceleration,1.9369616144699433,0.9811719172812983,163
detailed,CF,36,distance,146.5885971429493,45.15276534638761,163
detailed,CF,36,jerk,3.8051622165196806,2.1404252391058067,163
detailed,CF,37,speed,1.7813134485291378,0.6871748465378866,163
detailed,CF,37,acceleration,1.844664266952535,1.1583492175198844,163
detailed,CF,37,distance,138.87389321448424,49.00024962800038,163
detailed,CF,37,jerk,3.614271709851022,2.5357688303135255,163
detailed,CF,38,speed,1.8195558347436163,0.5816534995265994,163
detailed,CF,38,acceleration,1.7672310599295247,1.0528518462279615,163
detailed,CF,38,distance,132.89334875360944,42.43729121853034,163
detailed,CF,38,jerk,3.393054926467868,2.2758512095573464,163
detailed,CF,39,speed,1.792790698538358,0.5878472185647462,163
detailed,CF,39,acceleration,1.6162444326830592,0.5664290517373972,163
detailed,CF,39,distance,129.50139775062038,34.162589549456214,163
detailed,CF,39,jerk,3.0644999303253875,1.2175504120913223,163
detailed,CF,40,speed,1.9198866063956332,0.6021795419968284,163
detailed,CF,40,acceleration,1.997837761438642,1.273245461033674,163
detailed,CF,40,distance,145.51400462759062,50.57704858093952,163
detailed,CF,40,jerk,3.8662104598466507,2.715269056816537,163
detailed,CF,41,speed,1.8066466169742563,0.6224135438603032,163
detailed,CF,41,acceleration,1.794651955012076,0.953671610936085,163
detailed,CF,41,distance,138.60747698607338,42.39626261477361,163
detailed,CF,41,jerk,3.452911482601945,2.0825371694203136,163
detailed,CF,42,speed,1.7498365930412023,0.5892204754795213,163
detailed,CF,42,acceleration,1.7078741360862022,0.8906895620495977,163
detailed,CF,42,distance,131.96287542414092,41.31173092412783,163
detailed,CF,42,jerk,3.290244845067616,1.9376435211363734,163
detailed,CF,43,speed,1.7533094810032899,0.6354244349421376,163
detailed,CF,43,acceleration,1.7489331273007438,0.9779507430657874,163
detailed,CF,43,distance,136.3838954598108,44.96876825463391,163
detailed,CF,43,jerk,3.3797479171018483,2.0813335334814793,163
detailed,CF,44,speed,1.8051253089924646,0.6264782759439173,163
detailed,CF,44,acceleration,1.8872444288398764,1.1091990279819683,163
detailed,CF,44,distance,143.04534044408788,44.34932794703092,163
detailed,CF,44,jerk,3.694405412575635,2.3784455346976996,163
detailed,CF,45,speed,1.8935929515692906,0.6412033663526344,163
detailed,CF,45,acceleration,2.0249250486967343,1.2462119937618568,163
detailed,CF,45,distance,146.66598715146523,48.26787865724251,163
detailed,CF,45,jerk,3.954312052381297,2.687331664143397,163
detailed,CF,46,speed,2.1601193966744607,0.5234578865021767,160
detailed,CF,46,acceleration,1.8233199077425746,0.6854708892719725,160
detailed,CF,46,distance,149.9056875447623,35.263361185330034,160
detailed,CF,46,jerk,3.2685430404892863,1.4972710382906285,160
detailed,CF,47,speed,1.841715654735157,0.5692632012076224,160
detailed,CF,47,acceleration,1.6352272843895157,0.615516748123618,160
detailed,CF,47,distance,132.9908663190879,33.08066089496926,160
detailed,CF,47,jerk,3.0898324556362122,1.2717697868421343,160
detailed,CF,48,speed,1.9274880624652364,0.5204339971095707,160
detailed,CF,48,acceleration,1.7536149013091482,0.6527825824524289,160
detailed,CF,48,distance,138.8624045014286,34.75759543526598,160
detailed,CF,48,jerk,3.3249214119868618,1.382898821768082,160
detailed,CF,49,speed,1.737446432264677,0.6408310796429567,160
detailed,CF,49,acceleration,1.5971788953013495,0.6270978329683662,160
detailed,CF,49,distance,132.36409809434795,37.33639233684544,160
detailed,CF,49,jerk,3.0776105722873086,1.2852924507583332,160
detailed,CF,50,speed,1.728716562145469,0.6224032562006698,160
detailed,CF,50,acceleration,1.6217278847489383,0.7064440412492025,160
detailed,CF,50,distance,131.87941998271054,36.34628027221529,160
detailed,CF,50,jerk,3.129299495999115,1.5133759863840945,160
detailed,CF,51,speed,1.8629322187910122,0.5520088806330559,161
detailed,CF,51,acceleration,1.7231117912117906,0.7568631586579029,161
detailed,CF,51,distance,138.7153171475474,45.79356292155305,161
detailed,CF,51,jerk,3.2815227024869666,1.583788741962112,161
detailed,CF,52,speed,1.7773296320662693,0.5796661122324351,162
detailed,CF,52,acceleration,1.5929801060909314,0.6111940047143161,162
detailed,CF,52,distance,130.35160086769113,32.23446470567693,162
detailed,CF,52,jerk,3.023388399451869,1.3007522272266097,162
detailed,CF,53,speed,1.750205655850136,0.6033229280775941,162
detailed,CF,53,acceleration,1.626326359815849,0.6983641790967148,162
detailed,CF,53,distance,131.07078413769,35.98771787458685,162
detailed,CF,53,jerk,3.107849795899928,1.5338893120585608,162
detailed,CF,54,speed,1.7750099390759813,0.6561573712237788,162
detailed,CF,54,acceleration,1.6509992907274522,0.7343454983508664,162
detailed,CF,54,distance,131.33511527997163,39.07617829465883,162
detailed,CF,54,jerk,3.1630780265114833,1.5367157219341852,162
detailed,CF,55,speed,1.7907391239217794,0.6016107624472375,165
detailed,CF,55,acceleration,1.6209304412412948,0.6865117007125157,165
detailed,CF,55,distance,133.68610024730705,37.71119291630821,165
detailed,CF,55,jerk,3.0677839718474775,1.4405151913216907,165
detailed,CF,56,speed,1.765508323810743,0.6191134810382068,165
detailed,CF,56,acceleration,1.5913194013638352,0.5738575015797155,165
detailed,CF,56,distance,134.21508407275616,37.155682414850745,165
detailed,CF,56,jerk,3.057140229524524,1.1607246730864949,165
detailed,CF,57,speed,1.6520486777367331,0.5745356190556197,164
detailed,CF,57,acceleration,1.5166653670873684,0.5984631915992402,164
detailed,CF,57,distance,127.77791555212526,37.06359161463257,164
detailed,CF,57,jerk,2.9150857290690495,1.236411478292561,164
detailed,CF,58,speed,1.6717935984561672,0.5910397228841502,166
detailed,CF,58,acceleration,1.594697584331087,0.6906872842590112,166
detailed,CF,58,distance,129.1854306636899,36.71242028349038,166
detailed,CF,58,jerk,3.0996420375651748,1.4670371396182156,166
detailed,CF,59,speed,1.7894457082568584,0.7151835409424984,164
detailed,CF,59,acceleration,1.6139842269805251,0.65353308327772,164
detailed,CF,59,distance,133.355024775167,37.818276706341024,164
detailed,CF,59,jerk,3.0537163775412894,1.3405440254174152,164
detailed,CF,60,speed,1.8211020692134696,0.5482304388464927,166
detailed,CF,60,acceleration,1.6839097150368931,0.6735735927210875,166
detailed,CF,60,distance,134.38132707264353,35.996582769890125,166
detailed,CF,60,jerk,3.196180979224367,1.4416979426689196,166
detailed,CF,61,speed,1.6536463722397496,0.4712560933966694,167
detailed,CF,61,acceleration,1.6108124564104196,0.5827960118374435,167
detailed,CF,61,distance,133.3681753574346,55.241621567666755,167
detailed,CF,61,jerk,3.110899375496144,1.2711100578448664,167
detailed,CF,62,speed,1.7630293013995118,0.5853454981753493,162
detailed,CF,62,acceleration,1.608930712419201,0.6941949459299457,162
detailed,CF,62,distance,132.62655916976092,45.69178926003928,162
detailed,CF,62,jerk,3.050652752953999,1.4184721452177906,162
detailed,CF,63,speed,1.788747189229408,0.5926950835847207,161
detailed,CF,63,acceleration,1.6092307491463136,0.6652174365392028,161
detailed,CF,63,distance,134.9734672080724,42.40847685086567,161
detailed,CF,63,jerk,3.0956597641248416,1.402479449418244,161
detailed,CF,64,speed,1.6125979918762048,0.5879929935367557,159
detailed,CF,64,acceleration,1.514792099151879,0.641674797482249,159
detailed,CF,64,distance,126.55875723991633,36.193752760935965,159
detailed,CF,64,jerk,2.9649660642339035,1.3353073044000476,159
detailed,CF,65,speed,1.6520722863639523,0.6190217947119381,161
detailed,CF,65,acceleration,1.5786443478235046,0.6608066140732154,161
detailed,CF,65,distance,127.32583492101277,41.00132027926662,161
detailed,CF,65,jerk,3.074666679894128,1.4002038070887992,161
detailed,CF,66,speed,1.7779126990332146,0.6045904074216838,159
detailed,CF,66,acceleration,1.5781237495099125,0.6254373467051717,159
detailed,CF,66,distance,130.70371549870035,38.69212869025752,160
detailed,CF,66,jerk,2.9871827217173683,1.2867137737132712,159
detailed,CF,67,speed,1.7095100859380932,0.6179156332806046,162
detailed,CF,67,acceleration,1.6051595827251968,0.7385556401470456,162
detailed,CF,67,distance,128.09675337098412,39.088336782756556,162
detailed,CF,67,jerk,3.068251127024237,1.562375625003669,162
detailed,CF,68,speed,1.6378382167590013,0.610355801120995,163
detailed,CF,68,acceleration,1.4706264963567925,0.5172423644331614,163
detailed,CF,68,distance,124.74589724205016,34.916654099181976,163
detailed,CF,68,jerk,2.8114790476438176,1.0457382721543225,163
detailed,CF,69,speed,1.6768389343981338,0.5988264839531564,162
detailed,CF,69,acceleration,1.5984627980247181,0.7602244771192802,162
detailed,CF,69,distance,131.86758571501514,39.882461085062246,162
detailed,CF,69,jerk,3.094412203643278,1.5684199674923156,162
detailed,CF,70,speed,1.875246316670562,0.5671416041893536,163
detailed,CF,70,acceleration,1.7301658032215883,0.7916428545241875,163
detailed,CF,70,distance,142.90041427384938,43.42511246558117,163
detailed,CF,70,jerk,3.3175198427191583,1.6842455049913112,163
detailed,CF,71,speed,1.5991390468156756,0.6351366866161355,161
detailed,CF,71,acceleration,1.5155680780794867,0.6113438533343121,161
detailed,CF,71,distance,124.02145326184277,32.74872854590907,161
detailed,CF,71,jerk,2.9185548125226957,1.2384390209708371,161
detailed,CF,72,speed,1.6719988095752947,0.6280475542705615,163
detailed,CF,72,acceleration,1.621505536617738,0.7590303387340266,163
detailed,CF,72,distance,136.31579699690747,42.44128319574148,163
detailed,CF,72,jerk,3.154539660507206,1.6295658521405727,163
detailed,CF,73,speed,1.7139361244747582,0.6255190695453489,164
detailed,CF,73,acceleration,1.68920128081399,0.683369557824198,164
detailed,CF,73,distance,134.6489132455822,40.029464332964885,164
detailed,CF,73,jerk,3.307535270422111,1.4868875456265283,164
detailed,CF,74,speed,1.6629229718659226,0.6150522489240712,162
detailed,CF,74,acceleration,1.6578060442936406,0.7200900462669912,163
detailed,CF,74,distance,136.66059214282188,47.17735034683396,163
detailed,CF,74,jerk,3.2590381085107762,1.5385011994664477,162
detailed,CF,75,speed,1.7937786396555009,0.5612473844151061,167
detailed,CF,75,acceleration,1.6814828268899185,0.8109585273967896,167
detailed,CF,75,distance,138.5670377880167,43.87684594536616,167
detailed,CF,75,jerk,3.22953295971619,1.7717566106904907,167
detailed,CF,76,speed,1.6660912252369915,0.539611142146081,165
detailed,CF,76,acceleration,1.5956773945519585,0.768946485404705,165
detailed,CF,76,distance,137.5671516226498,61.030565047280135,165
detailed,CF,76,jerk,3.1113441763085676,1.70575703318821,165
detailed,CF,77,speed,1.7432293274225383,0.6074334941430781,164
detailed,CF,77,acceleration,1.701291441933183,0.7948927900153498,164
detailed,CF,77,distance,139.3909962174162,46.845803592853386,164
detailed,CF,77,jerk,3.2811093619859237,1.6938026886238897,164
detailed,CF,78,speed,1.6491278449684597,0.5860608121649915,165
detailed,CF,78,acceleration,1.5892550937942571,0.77781460452761,165
detailed,CF,78,distance,130.23277020770053,42.93669964164387,165
detailed,CF,78,jerk,3.074401298035194,1.717356427787129,165
detailed,CF,79,speed,1.7701147699541506,0.5420094921287364,165
detailed,CF,79,acceleration,1.6604910404423598,0.7628842877009686,165
detailed,CF,79,distance,135.6368680313743,43.043321454759315,166
detailed,CF,79,jerk,3.1931262936652955,1.6772820668908968,165
detailed,CF,80,speed,1.7643610660566797,0.5947445243282953,166
detailed,CF,80,acceleration,1.7244840431996817,0.8981379118194409,166
detailed,CF,80,distance,142.405117937129,68.31065892652558,166
detailed,CF,80,jerk,3.345886349604219,1.9404508350487772,166
detailed,CF,81,speed,1.6512762629183246,0.6121367714665615,168
detailed,CF,81,acceleration,1.7024690485578802,0.9863544496977391,168
detailed,CF,81,distance,133.86749401297016,48.327670847827065,168
detailed,CF,81,jerk,3.32886526069939,2.110738288357434,168
detailed,CF,82,speed,1.599422441866112,0.657712382876977,170
detailed,CF,82,acceleration,1.7017389711846407,0.925374391355861,170
detailed,CF,82,distance,132.66533794023186,47.87316965974244,170
detailed,CF,82,jerk,3.3551006650879867,1.978671851435753,169
detailed,CF,83,speed,1.7474288968414922,0.5596700517638818,167
detailed,CF,83,acceleration,1.7822505697984512,0.8163813593404072,167
detailed,CF,83,distance,141.24271383850706,45.54319253394409,167
detailed,CF,83,jerk,3.4934482487731167,1.732049852747745,167
detailed,CF,84,speed,1.6651603655496048,0.5297014706884993,167
detailed,CF,84,acceleration,1.614559573890044,0.7398328274276142,167
detailed,CF,84,distance,133.97768965530332,45.558227607535564,167
detailed,CF,84,jerk,3.158709303960201,1.6195995200996862,167
detailed,CF,85,speed,1.811161707787586,0.5683842745283757,168
detailed,CF,85,acceleration,1.7703149520447818,0.9006270255976417,168
detailed,CF,85,distance,139.33014301314495,50.722628218859356,168
detailed,CF,85,jerk,3.4266492603587424,1.9684943952234324,168
detailed,CF,86,speed,1.852449428337482,0.5180873091909456,168
detailed,CF,86,acceleration,1.818184646766581,0.8963714110210675,168
detailed,CF,86,distance,142.88496519807697,48.10500166114314,168
detailed,CF,86,jerk,3.5109549081034497,1.9079566493516638,168
detailed,CF,87,speed,1.7909515124382778,0.5499412711865429,170
detailed,CF,87,acceleration,1.6706051897451726,0.8044396523141518,170
detailed,CF,87,distance,136.27103040757802,40.03390852014211,170
detailed,CF,87,jerk,3.192116573379323,1.7217358518580719,170
detailed,CF,88,speed,1.8667579109044679,0.6124525816356702,170
detailed,CF,88,acceleration,1.8105159514946008,0.9809274891027443,170
detailed,CF,88,distance,143.46380188247804,42.967867228755786,170
detailed,CF,88,jerk,3.4903349691705765,2.08946854384017,170
detailed,CF,89,speed,1.8534077871817343,0.6088952603387668,169
detailed,CF,89,acceleration,1.7957095597188397,0.8034363509861103,169
detailed,CF,89,distance,145.09370516890434,46.28600690374656,169
detailed,CF,89,jerk,3.497897589354449,1.7373050828042564,169
detailed,CF,90,speed,1.6850401100025223,0.6999392545635598,171
detailed,CF,90,acceleration,1.6766397898927565,1.091876691841184,171
detailed,CF,90,distance,137.69198507852118,59.28192093273281,171
detailed,CF,90,jerk,3.2986041562996555,2.3088546328950454,171
detailed,LW,1,speed,2.236093860856334,0.47896782920614717,86
detailed,LW,1,acceleration,2.042541624100599,0.8086284126276065,86
detailed,LW,1,distance,156.76991894932712,43.78807899099308,86
detailed,LW,1,jerk,3.74494561676126,1.8024243559709545,86
detailed,LW,2,speed,2.137280654520023,0.4950273272029045,86
detailed,LW,2,acceleration,1.9343054755132203,0.7315483469413372,86
detailed,LW,2,distance,153.2884824601733,51.161677190219926,86
detailed,LW,2,jerk,3.621629917715209,1.6128524466024203,86
detailed,LW,3,speed,2.022093755998571,0.5544368588308246,86
detailed,LW,3,acceleration,1.9139695297424055,0.69582622339535,86
detailed,LW,3,distance,146.3546311065966,37.74788421865775,86
detailed,LW,3,jerk,3.6617050011234475,1.4570447460568552,86
detailed,LW,4,speed,2.066893473773098,0.537350079549116,86
detailed,LW,4,acceleration,1.9659645437870332,0.7935848265616658,86
detailed,LW,4,distance,148.9569085396257,40.032955688646325,86
detailed,LW,4,jerk,3.717934002318523,1.7149974872843978,86
detailed,LW,5,speed,2.0874600552730542,0.5504973882099679,86
detailed,LW,5,acceleration,1.9052726595280425,0.7638185155107597,86
detailed,LW,5,distance,148.5650234809269,37.26759750805525,86
detailed,LW,5,jerk,3.5832708924219006,1.637579685877662,86
detailed,LW,6,speed,1.8250422457239175,0.5144340196378779,86
detailed,LW,6,acceleration,1.6930571600482418,0.5966162842528105,86
detailed,LW,6,distance,134.26788675479486,30.57663420396023,86
detailed,LW,6,jerk,3.2297741598537266,1.274844155307858,86
detailed,LW,7,speed,1.921234114443007,0.4983519725860975,86
detailed,LW,7,acceleration,1.8305982646593368,0.8574080715520395,86
detailed,LW,7,distance,140.05115507903236,41.15062487388984,86
detailed,LW,7,jerk,3.4640556886619702,1.8661735842568186,86
detailed,LW,8,speed,2.0016069948613384,0.5168291753742035,86
detailed,LW,8,acceleration,1.9324389129124884,1.0787259943678873,86
detailed,LW,8,distance,150.45538319948184,44.92124439814691,86
detailed,LW,8,jerk,3.73946225768705,2.4374891607500775,86
detailed,LW,9,speed,1.9656736780762614,0.6740083229272503,86
detailed,LW,9,acceleration,1.9186374168306637,0.72562543104274,86
detailed,LW,9,distance,149.4518233498572,39.5848676012641,86
detailed,LW,9,jerk,3.670460138402417,1.6167725383494116,86
detailed,LW,10,speed,1.8672814473741595,0.6341125851948787,86
detailed,LW,10,acceleration,1.7449086746099725,0.753550380280773,86
detailed,LW,10,distance,143.82892743889866,45.59962995349414,86
detailed,LW,10,jerk,3.328436083751219,1.5990854018109173,86
detailed,LW,11,speed,1.9419118573917957,0.6855623838024274,86
detailed,LW,11,acceleration,1.799610447812989,0.871586782574156,86
detailed,LW,11,distance,147.88501910924592,43.62122572196739,86
detailed,LW,11,jerk,3.4295556165516072,1.8205225195377972,86
detailed,LW,12,speed,1.9559353939201503,0.5675959232595604,86
detailed,LW,12,acceleration,1.8436584340124351,0.702231981265952,86
detailed,LW,12,distance,142.58824622285584,33.4210826931948,86
detailed,LW,12,jerk,3.4671497812746606,1.4843990566986103,86
detailed,LW,13,speed,1.9596381940925673,0.6435948553401598,86
detailed,LW,13,acceleration,1.7881410029786715,0.7209670038763539,86
detailed,LW,13,distance,149.50939380206515,47.280962508283125,86
detailed,LW,13,jerk,3.398618660753511,1.5021505910476165,86
detailed,LW,14,speed,2.021900190102267,0.5824402615431166,86
detailed,LW,14,acceleration,1.9312746144968957,1.0491807958862394,86
detailed,LW,14,distance,153.08921702152102,57.9360656264022,86
detailed,LW,14,jerk,3.676981972218281,2.289002563607727,86
detailed,LW,15,speed,1.865908646350016,0.44850403998228566,86
detailed,LW,15,acceleration,1.6464134720575818,0.5748186025533686,86
detailed,LW,15,distance,135.49736769193515,31.708541500874954,86
detailed,LW,15,jerk,3.114955363866525,1.2056716964509935,86
detailed,LW,16,speed,1.889776316445258,0.633793980365956,86
detailed,LW,16,acceleration,1.7733066500738084,0.9426082041561752,86
detailed,LW,16,distance,139.47153824562457,45.79832554050539,86
detailed,LW,16,jerk,3.3615065816476415,2.0492481857983655,86
detailed,LW,17,speed,1.8846943203541218,0.6167961420418956,86
detailed,LW,17,acceleration,1.740079859183824,0.8362267769255117,86
detailed,LW,17,distance,141.06883580029375,41.82807720372958,86
detailed,LW,17,jerk,3.311834853083444,1.7927495823403345,86
detailed,LW,18,speed,1.8159917786754525,0.659992020064066,86
detailed,LW,18,acceleration,1.6929390131631623,0.6425109245118382,86
detailed,LW,18,distance,132.9834016671947,38.118733641582175,86
detailed,LW,18,jerk,3.1788787131604574,1.3154439621824512,86
detailed,LW,19,speed,1.9383935256723992,0.5772295780228749,86
detailed,LW,19,acceleration,1.8144877866323161,0.8025604787732895,86
detailed,LW,19,distance,138.84626918640032,40.35549680244863,86
detailed,LW,19,jerk,3.462632692033149,1.7860084292823892,86
detailed,LW,20,speed,1.91407056775087,0.6566244175087659,86
detailed,LW,20,acceleration,1.7753371462897611,0.7495229283291355,86
detailed,LW,20,distance,139.81629592190544,46.37903851682969,86
detailed,LW,20,jerk,3.377347426834992,1.6174055080687226,86
detailed,LW,21,speed,1.9288891915394097,0.5891390251638556,86
detailed,LW,21,acceleration,1.7961620105821203,0.827728006353345,86
detailed,LW,21,distance,145.096318186143,45.60095240482503,86
detailed,LW,21,jerk,3.4368139868911722,1.7569685876797194,86
detailed,LW,22,speed,1.8909552599950585,0.5544756160484735,86
detailed,LW,22,acceleration,1.7009748829738722,0.5540908849229712,86
detailed,LW,22,distance,142.09377053212165,34.4661823932021,86
detailed,LW,22,jerk,3.2256496706237106,1.2123278777674882,86
detailed,LW,23,speed,1.8762257918981606,0.4767031848275695,86
detailed,LW,23,acceleration,1.662655198049612,0.6601564176863527,86
detailed,LW,23,distance,137.38856741298923,30.56568689493489,86
detailed,LW,23,jerk,3.113041784130733,1.4556589598671823,86
detailed,LW,24,speed,1.8509340839055428,0.5406975746275691,86
detailed,LW,24,acceleration,1.759147368174139,1.0306239895259863,86
detailed,LW,24,distance,141.79354778382833,46.27593637108637,86
detailed,LW,24,jerk,3.3567194107026945,2.1364404332794367,86
detailed,LW,25,speed,1.740602074219425,0.5136494366991877,86
detailed,LW,25,acceleration,1.6725629824390764,0.6792231055827561,86
detailed,LW,25,distance,135.84249796558427,35.055926221441425,86
detailed,LW,25,jerk,3.2049458079324187,1.3852186513105436,86
detailed,LW,26,speed,1.8709543170120828,0.5353530292046738,86
detailed,LW,26,acceleration,1.78250017750702,0.7336499473181493,86
detailed,LW,26,distance,144.02001774312996,42.08113720619537,86
detailed,LW,26,jerk,3.411907254962913,1.5856200580761455,86
detailed,LW,27,speed,1.8991255309024915,0.5062610142369983,86
detailed,LW,27,acceleration,1.7727775293443144,0.7832640207301621,86
detailed,LW,27,distance,143.89147109799586,44.25623100640995,86
detailed,LW,27,jerk,3.3482144508660086,1.7387285575475326,86
detailed,LW,28,speed,1.8171862403639854,0.5564474674746599,86
detailed,LW,28,acceleration,1.7831364447421547,0.8106177069602232,86
detailed,LW,28,distance,141.62859607809435,46.21914297447062,86
detailed,LW,28,jerk,3.3812332773735427,1.7303674193633638,86
detailed,LW,29,speed,1.846538465835555,0.5870505951634272,86
detailed,LW,29,acceleration,1.8770746575139476,1.093118911166353,86
detailed,LW,29,distance,148.93131384792125,61.62214239996265,86
detailed,LW,29,jerk,3.6391615946700155,2.4560788210337643,86
detailed,LW,30,speed,1.903654056405467,0.5580888343528062,86
detailed,LW,30,acceleration,1.8422210208284475,0.8317184834422147,86
detailed,LW,30,distance,141.67119851432426,41.20996236388426,86
detailed,LW,30,jerk,3.5229576801831315,1.7913909769914838,86
detailed,LW,31,speed,1.9754580118500071,0.5572901097577189,86
detailed,LW,31,acceleration,1.7834983152282367,0.7993161807895334,86
detailed,LW,31,distance,140.3925919005964,37.306296805479235,86
detailed,LW,31,jerk,3.3608986561902032,1.6597790498208136,86
detailed,LW,32,speed,1.8599070247982623,0.5644808520870838,86
detailed,LW,32,acceleration,1.6985171732172593,0.6689020429172079,86
detailed,LW,32,distance,140.69804941805845,36.10783482118437,86
detailed,LW,32,jerk,3.2415401378565645,1.4581793164240289,86
detailed,LW,33,speed,1.8728519519942588,0.575847084686939,86
detailed,LW,33,acceleration,1.7598002752675057,0.7184237085537303,86
detailed,LW,33,distance,139.5916359610969,34.470037259433845,86
detailed,LW,33,jerk,3.336326264636537,1.5188811748417672,86
detailed,LW,34,speed,1.8647417571877645,0.5841711289545733,86
detailed,LW,34,acceleration,1.7680743879254872,0.8781823109717052,86
detailed,LW,34,distance,141.37156559254947,40.58626869052189,86
detailed,LW,34,jerk,3.3805853381822413,1.9269786692042958,86
detailed,LW,35,speed,1.835217474397384,0.6036138340727293,86
detailed,LW,35,acceleration,1.7586263862632459,0.7780496086607445,86
detailed,LW,35,distance,141.74781879880865,42.86658522015593,86
detailed,LW,35,jerk,3.398151516695595,1.6774207463550752,86
detailed,LW,36,speed,1.981403048350159,0.5554745786500843,86
detailed,LW,36,acceleration,1.8389660742205778,0.8547642287938815,86
detailed,LW,36,distance,151.348527125598,52.65677345309926,86
detailed,LW,36,jerk,3.4949905757712174,1.842272178878577,86
detailed,LW,37,speed,1.817555536923694,0.5414084604043442,86
detailed,LW,37,acceleration,1.7602553905524627,0.7726316292686388,86
detailed,LW,37,distance,140.17328809930717,43.0868216516221,86
detailed,LW,37,jerk,3.3837551251071663,1.7414504887949112,86
detailed,LW,38,speed,1.9245517579257043,0.457942314799563,86
detailed,LW,38,acceleration,1.7974311870530237,0.758729647790974,86
detailed,LW,38,distance,144.15900818570765,51.102829427142304,86
detailed,LW,38,jerk,3.4103530848726247,1.656175880868189,86
detailed,LW,39,speed,1.8182023132944678,0.5591213212234684,86
detailed,LW,39,acceleration,1.737804656230673,0.6132465367148886,86
detailed,LW,39,distance,139.04181935435452,31.369309700430144,86
detailed,LW,39,jerk,3.3492418521282867,1.3716814522910374,86
detailed,LW,40,speed,1.9566531836905305,0.6010431737495504,86
detailed,LW,40,acceleration,1.9273000007514982,1.0926083949481262,86
detailed,LW,40,distance,147.52532319586257,46.50804601186481,86
detailed,LW,40,jerk,3.7237031851155544,2.3983911737476795,86
detailed,LW,41,speed,1.8587528425390176,0.5702947905076393,86
detailed,LW,41,acceleration,1.782879766499397,0.8244938553396921,86
detailed,LW,41,distance,140.63543926271734,43.012169670582935,86
detailed,LW,41,jerk,3.4155391261470553,1.7346153250704268,86
detailed,LW,42,speed,1.8163652441850675,0.5260916780187264,87
detailed,LW,42,acceleration,1.7007065825993746,0.8100763688548872,87
detailed,LW,42,distance,139.16129930177698,44.42737863352242,87
detailed,LW,42,jerk,3.231324358771503,1.7587047178137647,87
detailed,LW,43,speed,1.7813440877506372,0.6466265164458314,87
detailed,LW,43,acceleration,1.699500908959859,0.6933215174499511,87
detailed,LW,43,distance,136.73387149296056,42.587736995376524,87
detailed,LW,43,jerk,3.287105749594923,1.4455572930045273,87
detailed,LW,44,speed,1.8319769201967655,0.5469200395744572,87
detailed,LW,44,acceleration,1.8425599539646675,0.9627997529622929,87
detailed,LW,44,distance,141.12333953179183,40.2809522379767,87
detailed,LW,44,jerk,3.559249237984666,2.077015984474778,87
detailed,LW,45,speed,1.898689542776735,0.5565515649234862,87
detailed,LW,45,acceleration,1.8840502435132136,1.07311778444815,87
detailed,LW,45,distance,144.54603075179327,45.73292720919317,87
detailed,LW,45,jerk,3.630112276590943,2.34714828224615,87
detailed,LW,46,speed,2.0172362853806325,0.4124278837209442,89
detailed,LW,46,acceleration,1.862435882098213,1.2550106790060385,89
detailed,LW,46,distance,146.76610601483804,61.94882774740748,89
detailed,LW,46,jerk,3.406576441332577,2.5623617983946607,89
detailed,LW,47,speed,1.9031559093722805,0.5464394730929284,89
detailed,LW,47,acceleration,1.7628741292227612,0.709616067202154,89
detailed,LW,47,distance,145.08911254829417,48.83599530181021,89
detailed,LW,47,jerk,3.3757932649943694,1.5310454427229236,89
detailed,LW,48,speed,2.0132771943081313,0.5689754020378436,89
detailed,LW,48,acceleration,1.9323443718731477,0.8477903923159887,89
detailed,LW,48,distance,154.8664977600757,49.55049495926644,89
detailed,LW,48,jerk,3.6677112062284265,1.7231444514054848,89
detailed,LW,49,speed,1.8365521668964933,0.6085075720088635,89
detailed,LW,49,acceleration,1.8501667396626595,0.7909422369257219,89
detailed,LW,49,distance,149.51891489520844,41.64041095495798,89
detailed,LW,49,jerk,3.634885102501644,1.7097661312696981,89
detailed,LW,50,speed,1.8554151695569134,0.6316066872508077,88
detailed,LW,50,acceleration,1.774471902813024,0.6025289094051977,88
detailed,LW,50,distance,142.52784759700555,34.06555118577139,88
detailed,LW,50,jerk,3.4472724415533005,1.3561494060023458,88
detailed,LW,51,speed,2.035221251776589,0.5869063730213231,88
detailed,LW,51,acceleration,1.900354103500861,0.7466562380336812,88
detailed,LW,51,distance,158.15039984041658,46.4741154387639,88
detailed,LW,51,jerk,3.67911894794058,1.570900994305103,88
detailed,LW,52,speed,1.7309205475529439,0.6111508534156953,88
detailed,LW,52,acceleration,1.6093215554012454,0.6068230343902999,88
detailed,LW,52,distance,137.21557240107347,41.190400981865054,88
detailed,LW,52,jerk,3.082041178436275,1.2578644185321481,88
detailed,LW,53,speed,1.8227835503948846,0.7071887935032211,88
detailed,LW,53,acceleration,1.658256115253092,0.5674923338822484,88
detailed,LW,53,distance,139.854390229002,34.96043821773017,88
detailed,LW,53,jerk,3.1951368595558747,1.233139567381739,88
detailed,LW,54,speed,1.7893233215610762,0.6785938681667054,88
detailed,LW,54,acceleration,1.7433677373167031,0.754631039653854,88
detailed,LW,54,distance,138.97727109016708,51.72361881172475,88
detailed,LW,54,jerk,3.3666666233505946,1.5032632633011298,88
detailed,LW,55,speed,1.818288756407543,0.5860291314297311,88
detailed,LW,55,acceleration,1.666069046463476,0.6407320636582055,88
detailed,LW,55,distance,148.08984338230437,56.0292905962925,88
detailed,LW,55,jerk,3.1716361747067183,1.3104232525370825,88
detailed,LW,56,speed,1.909383818388899,0.6265304264077426,88
detailed,LW,56,acceleration,1.755929309934495,0.5427366159341573,88
detailed,LW,56,distance,150.22178711459193,36.66781580295769,88
detailed,LW,56,jerk,3.365464659853665,1.1133180239686016,88
detailed,LW,57,speed,1.7579262244677953,0.6217052033054409,89
detailed,LW,57,acceleration,1.6150654403918985,0.5462659092619226,89
detailed,LW,57,distance,136.1906900836356,33.268249527761654,89
detailed,LW,57,jerk,3.0774355477001603,1.0636655285876024,89
detailed,LW,58,speed,1.7294029198601562,0.6054498463129496,90
detailed,LW,58,acceleration,1.5805809150021777,0.6073259343724967,90
detailed,LW,58,distance,139.08470902458933,39.23032581551842,90
detailed,LW,58,jerk,3.066707005946703,1.306551297153424,90
detailed,LW,59,speed,1.8113830075708988,0.6430375912732751,93
detailed,LW,59,acceleration,1.6775405826715744,0.5851375245130079,93
detailed,LW,59,distance,137.92378511519743,36.04131591517606,93
detailed,LW,59,jerk,3.2047222114973284,1.2417477601353886,93
detailed,LW,60,speed,1.9042102033120465,0.5951434975418396,94
detailed,LW,60,acceleration,1.9313963413658422,0.9863876884459565,94
detailed,LW,60,distance,151.3911378124837,55.996938299295785,94
detailed,LW,60,jerk,3.7478054094471247,2.154862513989107,94
detailed,LW,61,speed,1.803940008679601,0.5247495457933192,94
detailed,LW,61,acceleration,1.721476839821315,0.7797151149606114,94
detailed,LW,61,distance,145.27683590501408,42.33674917967953,94
detailed,LW,61,jerk,3.2894067162289136,1.5857631976611632,94
detailed,LW,62,speed,1.894450870538172,0.6159522103485382,94
detailed,LW,62,acceleration,1.8829640744482372,0.9524257203597409,94
detailed,LW,62,distance,145.91273043061562,43.51767125814785,94
detailed,LW,62,jerk,3.6067754396330876,2.1273677679832597,94
detailed,LW,63,speed,1.7876695683342823,0.5873591620211048,98
detailed,LW,63,acceleration,1.7626024286093884,0.7783226565512681,98
detailed,LW,63,distance,145.50825870949166,50.94152261233951,98
detailed,LW,63,jerk,3.481498275113776,1.7104935899457685,98
detailed,LW,64,speed,1.6230455104583883,0.5507379144726624,98
detailed,LW,64,acceleration,1.5747318166847626,0.8150357957808918,98
detailed,LW,64,distance,132.43339292219108,43.62279661231355,98
detailed,LW,64,jerk,3.0836256743587356,1.7729502460546487,98
detailed,LW,65,speed,1.5804372780459595,0.5962041306873449,99
detailed,LW,65,acceleration,1.5431991734410984,0.6830135187017954,99
detailed,LW,65,distance,134.42872914728832,56.27078230675047,99
detailed,LW,65,jerk,3.004184740510376,1.3856558582942478,99
detailed,LW,66,speed,1.8087267435046783,0.5633834769352382,102
detailed,LW,66,acceleration,1.6489065517411208,0.6040015301133347,102
detailed,LW,66,distance,144.2797977852264,46.743618000459676,102
detailed,LW,66,jerk,3.1437127327016205,1.2735746812000137,102
detailed,LW,67,speed,1.722784849792771,0.6710122750027203,101
detailed,LW,67,acceleration,1.6103045327116756,0.7907369293536196,101
detailed,LW,67,distance,135.68194611790867,44.62863316333817,101
detailed,LW,67,jerk,3.0723640762972013,1.6617851544257551,101
detailed,LW,68,speed,1.7239789231161098,0.6070404486155181,101
detailed,LW,68,acceleration,1.6248995942583582,0.6373150133649114,101
detailed,LW,68,distance,147.06410741067498,55.281251613551746,101
detailed,LW,68,jerk,3.1679843540257493,1.3367428357660294,101
detailed,LW,69,speed,1.792637039695634,0.5455587189995643,101
detailed,LW,69,acceleration,1.6697676093889646,0.5685190564108339,101
detailed,LW,69,distance,144.69779712626402,48.627678381192496,101
detailed,LW,69,jerk,3.2118974607695225,1.197084041226463,101
detailed,LW,70,speed,1.9342336648382195,0.4938924887934385,103
detailed,LW,70,acceleration,1.8278092920429678,0.7139114371578028,103
detailed,LW,70,distance,152.54515024050593,49.940218159356824,103
detailed,LW,70,jerk,3.518621181784319,1.5678923968952756,103
detailed,LW,71,speed,1.7504899275025771,0.6771053288293237,105
detailed,LW,71,acceleration,1.71415001054152,0.7741623244206627,105
detailed,LW,71,distance,143.73291924707343,44.83822689103469,105
detailed,LW,71,jerk,3.3509828693792048,1.7001081095740869,105
detailed,LW,72,speed,1.865324181555322,0.5967381789622509,105
detailed,LW,72,acceleration,1.7192654953143793,0.63895712446936,105
detailed,LW,72,distance,149.72684241872577,43.31121965699588,105
detailed,LW,72,jerk,3.3437441807294754,1.348222431838914,105
detailed,LW,73,speed,1.7437902201335902,0.5909308276573246,104
detailed,LW,73,acceleration,1.7113318260204813,0.7155867660672219,104
detailed,LW,73,distance,140.24778539497072,38.532094201433104,104
detailed,LW,73,jerk,3.335605663504762,1.6071220195428984,104
detailed,LW,74,speed,1.734536113029471,0.6042805723898841,103
detailed,LW,74,acceleration,1.6740799838757572,0.6630248930498395,103
detailed,LW,74,distance,140.8595692019245,39.2475513124076,103
detailed,LW,74,jerk,3.26614040504652,1.3813096753273257,103
detailed,LW,75,speed,1.8517963854911068,0.6486322894753977,104
detailed,LW,75,acceleration,1.79525126365276,0.8758330600512735,104
detailed,LW,75,distance,143.81909851305448,45.139076175964185,104
detailed,LW,75,jerk,3.4896174816287724,1.87229894502972,104
detailed,LW,76,speed,1.7768762777821538,0.4987443405086481,103
detailed,LW,76,acceleration,1.6403151500485724,0.553758156492669,103
detailed,LW,76,distance,141.1471626759244,33.393172999119514,103
detailed,LW,76,jerk,3.175073373196046,1.2084289971956546,103
detailed,LW,77,speed,1.898784006682276,0.5235829533510783,103
detailed,LW,77,acceleration,1.7359622221301114,0.6098889384010553,103
detailed,LW,77,distance,144.31745235960182,40.064556649814406,103
detailed,LW,77,jerk,3.299201451278391,1.2998617142589624,103
detailed,LW,78,speed,1.778895547541161,0.6748508598705751,105
detailed,LW,78,acceleration,1.7443728924988395,0.7322527178229638,105
detailed,LW,78,distance,146.1279704023589,49.90067283649255,105
detailed,LW,78,jerk,3.3725609581577762,1.574226936217097,105
detailed,LW,79,speed,1.765188835358405,0.5432717238462839,105
detailed,LW,79,acceleration,1.669258833885541,0.5478015352659962,105
detailed,LW,79,distance,144.2374149481307,42.690278447201045,105
detailed,LW,79,jerk,3.227774203707633,1.1974804560187153,105
detailed,LW,80,speed,1.8783200963069453,0.6620054188891825,106
detailed,LW,80,acceleration,1.7754858780099574,0.7473765872345934,106
detailed,LW,80,distance,144.3576226660509,43.247432482611366,106
detailed,LW,80,jerk,3.3982869383355725,1.550292139664649,106
detailed,LW,81,speed,1.6791549030564181,0.6023806175004585,106
detailed,LW,81,acceleration,1.6786815862096458,0.6223871738811367,106
detailed,LW,81,distance,142.69258750724129,41.761957583013974,106
detailed,LW,81,jerk,3.302709963300818,1.318817651504957,106
detailed,LW,82,speed,1.6493447761231792,0.6867091220565773,105
detailed,LW,82,acceleration,1.71112733846515,0.9173812573044977,105
detailed,LW,82,distance,145.2477963065482,56.81678595736175,105
detailed,LW,82,jerk,3.404969637583228,2.0283498868190177,105
detailed,LW,83,speed,1.894215751362421,0.6162172658585425,106
detailed,LW,83,acceleration,1.857928721968206,0.697457004276139,106
detailed,LW,83,distance,158.56293483272432,63.332857431906646,106
detailed,LW,83,jerk,3.6145877907675814,1.477777176237796,106
detailed,LW,84,speed,1.7606490143658649,0.5949750958800442,105
detailed,LW,84,acceleration,1.7529499860619826,0.7320531293858891,105
detailed,LW,84,distance,146.36523280864841,44.43148823148288,105
detailed,LW,84,jerk,3.431968548007223,1.5640612116466142,105
detailed,LW,85,speed,1.7659189249293696,0.5279102552194687,103
detailed,LW,85,acceleration,1.7005388250395415,0.8078754783749537,103
detailed,LW,85,distance,143.79151782600857,45.262157465377065,103
detailed,LW,85,jerk,3.3156386872329886,1.761368473314674,103
detailed,LW,86,speed,1.956650077363465,0.5726124974480681,104
detailed,LW,86,acceleration,1.7999751165259519,0.6837826516844807,104
detailed,LW,86,distance,151.4177730340593,47.11248328462514,104
detailed,LW,86,jerk,3.415640580684783,1.494994223587633,104
detailed,LW,87,speed,1.8626856776585354,0.5534451724557103,106
detailed,LW,87,acceleration,1.675431351892118,0.5956608236267291,106
detailed,LW,87,distance,146.59671443551008,38.343611480981956,106
detailed,LW,87,jerk,3.1873890222158474,1.2751140012529125,106
detailed,LW,88,speed,1.9427467315135414,0.5686000827168518,109
detailed,LW,88,acceleration,1.7916595190166373,0.6166123938362353,109
detailed,LW,88,distance,151.190756504597,41.50456816543872,109
detailed,LW,88,jerk,3.4430268158293718,1.3391822683001162,109
detailed,LW,89,speed,1.90069177586545,0.5926361838321864,110
detailed,LW,89,acceleration,1.797357038232008,0.5824970347397707,110
detailed,LW,89,distance,147.92487678366197,38.18166679089036,110
detailed,LW,89,jerk,3.463110917296941,1.2392471588389624,110
detailed,LW,90,speed,1.7985087535965132,0.5877380190142741,110
detailed,LW,90,acceleration,1.7299980460080564,0.7811400724346582,110
detailed,LW,90,distance,149.9340266228507,64.02620869303273,110
detailed,LW,90,jerk,3.3740375775301388,1.7348444373103244,110
detailed,LB,1,speed,2.1059578941921426,0.4644109401594676,96
detailed,LB,1,acceleration,2.185636267458585,1.5530295835755517,96
detailed,LB,1,distance,154.72203781146223,71.14669240649178,96
detailed,LB,1,jerk,4.1403966788291555,3.362700345526494,96
detailed,LB,2,speed,2.0910939240905115,0.47590586718988587,96
detailed,LB,2,acceleration,2.134526380383009,1.3881099206586918,96
detailed,LB,2,distance,153.8405620929066,63.810139734782275,96
detailed,LB,2,jerk,4.133831151150756,3.1639281126019476,96
detailed,LB,3,speed,2.0186599747970217,0.5206715006886166,96
detailed,LB,3,acceleration,1.9501221215229523,0.8624513802612019,96
detailed,LB,3,distance,147.50747230221853,43.05551363226368,96
detailed,LB,3,jerk,3.7500083401006354,1.9496756575759697,96
detailed,LB,4,speed,1.9146522716609724,0.5051962917036207,96
detailed,LB,4,acceleration,2.000959304021213,1.9999218917754271,96
detailed,LB,4,distance,146.03206227982255,73.01750376629053,96
detailed,LB,4,jerk,3.8576688159820196,4.350349400742704,96
detailed,LB,5,speed,2.014938842197805,0.5375932813940592,96
detailed,LB,5,acceleration,1.9244893009652249,0.8065949747071912,96
detailed,LB,5,distance,146.389338917651,42.40797280205879,96
detailed,LB,5,jerk,3.6773451324173334,1.8174447243513838,96
detailed,LB,6,speed,1.8213063970022867,0.5939238180931782,96
detailed,LB,6,acceleration,1.8594744782656154,1.0671721644055558,96
detailed,LB,6,distance,137.35116686716577,46.85877779208967,96
detailed,LB,6,jerk,3.5994618391315893,2.3038047106054607,96
detailed,LB,7,speed,1.840849965706768,0.5089601098406984,96
detailed,LB,7,acceleration,2.059189721696693,1.5977179263081052,96
detailed,LB,7,distance,142.53204982625067,62.12871584278148,96
detailed,LB,7,jerk,4.041337694827212,3.6698734696087807,96
detailed,LB,8,speed,1.9295202247075132,0.5704706480281904,96
detailed,LB,8,acceleration,1.9016286296115277,0.7780083292048441,96
detailed,LB,8,distance,147.52297675389204,39.53261660059777,96
detailed,LB,8,jerk,3.65671009372334,1.719477502358994,96
detailed,LB,9,speed,1.8717603525431075,0.6053328858701718,96
detailed,LB,9,acceleration,1.837156582136073,0.9022274444571591,96
detailed,LB,9,distance,143.42471136283865,50.54873711919686,96
detailed,LB,9,jerk,3.5443539097938888,1.9219583923026526,96
detailed,LB,10,speed,1.8216603737343735,0.6141393313446397,96
detailed,LB,10,acceleration,1.7530486661824547,0.7849018755378127,96
detailed,LB,10,distance,136.57764044340098,38.09527611965237,96
detailed,LB,10,jerk,3.3271346466986262,1.5875384428976156,96
detailed,LB,11,speed,1.872859554907694,0.6347552721833883,96
detailed,LB,11,acceleration,1.8338315061096544,1.049288418685686,96
detailed,LB,11,distance,142.75889147602365,41.6841777954501,96
detailed,LB,11,jerk,3.5599913445050895,2.2862213237289377,96
detailed,LB,12,speed,1.803855060099812,0.5685181549386613,96
detailed,LB,12,acceleration,1.9795994776504102,1.237530118586266,96
detailed,LB,12,distance,142.97030186234863,58.332044946737625,96
detailed,LB,12,jerk,3.8667913381724843,2.7670593652486914,96
detailed,LB,13,speed,1.9104841159176102,0.6390928706676864,96
detailed,LB,13,acceleration,1.9354489361568776,1.1018844671593844,96
detailed,LB,13,distance,143.25996253945553,49.969106197996574,96
detailed,LB,13,jerk,3.7531070907772066,2.405674402015082,96
detailed,LB,14,speed,1.94759489133748,0.511475392012909,96
detailed,LB,14,acceleration,1.9230575400513754,1.0708422587606004,96
detailed,LB,14,distance,144.75833338581694,49.35002128732824,96
detailed,LB,14,jerk,3.6496047139522,2.3165187101298126,96
detailed,LB,15,speed,1.842488224572298,0.5358371423477519,96
detailed,LB,15,acceleration,1.8147939300648102,1.0607924021163986,96
detailed,LB,15,distance,138.22269967268923,49.20079268564062,96
detailed,LB,15,jerk,3.4809881766857367,2.354436841127118,96
detailed,LB,16,speed,1.757932503502342,0.5863142558419014,96
detailed,LB,16,acceleration,1.812782696353275,1.263410374788548,96
detailed,LB,16,distance,134.99012944421614,56.41075596745675,96
detailed,LB,16,jerk,3.5261142829918666,2.783980174522541,96
detailed,LB,17,speed,1.7436884852510757,0.6081023105376147,96
detailed,LB,17,acceleration,1.704277853259656,0.8574453140229366,96
detailed,LB,17,distance,133.27618628944796,40.1192883222151,96
detailed,LB,17,jerk,3.261546068987221,1.8473305400557358,96
detailed,LB,18,speed,1.8357210887388529,0.7291253302483731,96
detailed,LB,18,acceleration,1.909508623665964,1.2159874013478222,96
detailed,LB,18,distance,137.64280900566246,52.86180592166227,96
detailed,LB,18,jerk,3.7054401072977843,2.6172272862530934,96
detailed,LB,19,speed,1.8742153704419762,0.5376483767296869,96
detailed,LB,19,acceleration,1.8286850918606765,0.9276852196417913,96
detailed,LB,19,distance,134.48092997310812,38.98575465068711,96
detailed,LB,19,jerk,3.5342698666857673,2.04179173877867,96
detailed,LB,20,speed,1.8604448919993963,0.6742570384942076,96
detailed,LB,20,acceleration,1.9118344962965141,1.2462530869795712,96
detailed,LB,20,distance,139.90081681286497,54.482930574153535,96
detailed,LB,20,jerk,3.6833905645960487,2.7205649283319415,96
detailed,LB,21,speed,1.8406014938402724,0.5324994345861782,96
detailed,LB,21,acceleration,1.8587070953948326,1.0240336960943548,96
detailed,LB,21,distance,140.76785777262373,44.37016948623098,96
detailed,LB,21,jerk,3.6085556555603504,2.1140405379972664,96
detailed,LB,22,speed,1.8713620422661206,0.5379272015974734,96
detailed,LB,22,acceleration,1.7935446686103225,0.9128925814346206,96
detailed,LB,22,distance,138.41417326492817,38.83511469207542,96
detailed,LB,22,jerk,3.428078688854095,1.9959781470680427,96
detailed,LB,23,speed,1.845786365581575,0.45509754260838325,96
detailed,LB,23,acceleration,1.720638824018467,0.9024290441011851,96
detailed,LB,23,distance,136.0729150793629,49.62689980620105,96
detailed,LB,23,jerk,3.2725301956988826,2.0798913428501646,96
detailed,LB,24,speed,1.8125088134385965,0.5616575908183459,96
detailed,LB,24,acceleration,1.8135618600829515,1.1292093945722093,96
detailed,LB,24,distance,138.11093114970836,54.0312929016773,96
detailed,LB,24,jerk,3.495519788985361,2.5127436081650365,96
detailed,LB,25,speed,1.6727966994989487,0.5301631211132867,96
detailed,LB,25,acceleration,1.7600602655934756,0.9566324258630731,96
detailed,LB,25,distance,130.4612105203337,45.89832739397066,96
detailed,LB,25,jerk,3.449553008964188,2.0488521701502553,96
detailed,LB,26,speed,1.897507352221557,0.5391239653558249,96
detailed,LB,26,acceleration,2.0132040225861183,1.4190021742063879,96
detailed,LB,26,distance,147.91672673027313,55.00880144226981,96
detailed,LB,26,jerk,3.9639264796269758,3.223871599235793,96
detailed,LB,27,speed,1.76875727368869,0.5513425505958286,96
detailed,LB,27,acceleration,1.7846652523368105,1.0069867068603764,96
detailed,LB,27,distance,136.09131230512625,49.11655455915273,96
detailed,LB,27,jerk,3.452418099675464,2.152451523542166,96
detailed,LB,28,speed,1.7398367291934733,0.5627871984277971,96
detailed,LB,28,acceleration,1.7197319664338686,0.9125654263037368,96
detailed,LB,28,distance,134.26930465895384,46.20567793567512,96
detailed,LB,28,jerk,3.2999225127345055,1.9311354635139975,96
detailed,LB,29,speed,1.7315313673607218,0.5233789926348393,96
detailed,LB,29,acceleration,1.881584312048603,0.9966767662702848,96
detailed,LB,29,distance,144.07388016296852,60.47201958146414,96
detailed,LB,29,jerk,3.7189965933784728,2.2392397870381457,96
detailed,LB,30,speed,1.8412099422345596,0.5976251830214723,96
detailed,LB,30,acceleration,1.7354072179070295,0.7554472474001681,96
detailed,LB,30,distance,138.72379976301545,50.10552904472342,96
detailed,LB,30,jerk,3.3193046615116253,1.6052348998948252,96
detailed,LB,31,speed,1.8398835089927117,0.5524979329260159,96
detailed,LB,31,acceleration,1.8601562502960933,1.2876684562331349,96
detailed,LB,31,distance,139.18888137435698,53.23951450086405,96
detailed,LB,31,jerk,3.570848865486152,2.8117109840250873,96
detailed,LB,32,speed,1.785219888763237,0.5599284419201352,96
detailed,LB,32,acceleration,1.7105306924099948,0.9291445593866583,96
detailed,LB,32,distance,139.0564711390672,48.947199088592406,96
detailed,LB,32,jerk,3.3153855464828053,1.9509826425687236,96
detailed,LB,33,speed,1.7662949024692989,0.5683095960092899,96
detailed,LB,33,acceleration,1.7468384262312977,0.8819539159518389,96
detailed,LB,33,distance,134.97869494796694,40.35017057936053,96
detailed,LB,33,jerk,3.3406880201200884,1.87866021853553,96
detailed,LB,34,speed,1.7971691723470613,0.5978029803867544,96
detailed,LB,34,acceleration,1.7538469512607007,1.0020190228717998,96
detailed,LB,34,distance,138.22620787160636,43.568295740018556,96
detailed,LB,34,jerk,3.3721307014677486,2.193454893680035,96
detailed,LB,35,speed,1.7179722105709494,0.5416979257458899,96
detailed,LB,35,acceleration,1.7098125664672195,0.7321213262123655,96
detailed,LB,35,distance,129.89122793444264,35.31350732123096,96
detailed,LB,35,jerk,3.356209092724644,1.5909275433680252,96
detailed,LB,36,speed,1.755057995602696,0.5912237353436305,96
detailed,LB,36,acceleration,1.7146198183237986,0.7556016418573334,96
detailed,LB,36,distance,136.01791781742915,49.107566044605335,96
detailed,LB,36,jerk,3.320781421050762,1.5455464243420074,96
detailed,LB,37,speed,1.705515949488652,0.6262460540172472,95
detailed,LB,37,acceleration,1.665438156964833,0.7658336149776762,95
detailed,LB,37,distance,133.44137180659848,50.59106847538562,95
detailed,LB,37,jerk,3.2264740639642246,1.6133050986452562,95
detailed,LB,38,speed,1.757588569325118,0.5002759673936272,95
detailed,LB,38,acceleration,1.6914093383551343,0.839723419463018,95
detailed,LB,38,distance,127.98515013204418,37.437767676560256,95
detailed,LB,38,jerk,3.24636292496893,1.8453949794729425,95
detailed,LB,39,speed,1.7646008627103296,0.5373969225895567,95
detailed,LB,39,acceleration,1.746272894525382,0.7292247113039828,95
detailed,LB,39,distance,134.04443166093284,34.93455167054074,95
detailed,LB,39,jerk,3.3892712709194024,1.5582307895886705,95
detailed,LB,40,speed,1.8533614099036626,0.6304973152089847,95
detailed,LB,40,acceleration,1.878499220810616,1.341351015600195,95
detailed,LB,40,distance,142.7658235480033,52.332351377763146,95
detailed,LB,40,jerk,3.6546475637185574,2.9490646180841162,95
detailed,LB,41,speed,1.7676476106784136,0.5533097158238077,95
detailed,LB,41,acceleration,1.7847751915948633,0.8748228744203138,95
detailed,LB,41,distance,138.69418705569933,52.102201002490446,95
detailed,LB,41,jerk,3.461218393491694,1.952374793417742,95
detailed,LB,42,speed,1.699149944442515,0.5969134645461771,94
detailed,LB,42,acceleration,1.5916043690659294,0.6682059326819293,94
detailed,LB,42,distance,128.73788862668556,39.94387703672758,94
detailed,LB,42,jerk,3.004768882347795,1.3787931693210045,94
detailed,LB,43,speed,1.7062447283416096,0.6343585173978148,95
detailed,LB,43,acceleration,1.6906462151805353,0.8375414732856973,95
detailed,LB,43,distance,134.14378032752296,53.02938758146512,95
detailed,LB,43,jerk,3.282960018571528,1.7646464864600342,95
detailed,LB,44,speed,1.7620928973704268,0.5944856459276892,95
detailed,LB,44,acceleration,1.7628638356390793,0.8685922292408856,95
detailed,LB,44,distance,134.5707843256107,44.62658625055541,95
detailed,LB,44,jerk,3.4212304752387146,1.902406403998608,95
detailed,LB,45,speed,1.8066314046932925,0.5774477602753925,95
detailed,LB,45,acceleration,1.9304388435419568,1.0759521211169683,95
detailed,LB,45,distance,142.09539180148204,45.4931095978802,95
detailed,LB,45,jerk,3.781582159740451,2.276290861729081,95
detailed,LB,46,speed,1.8917448439473428,0.41931005328634374,93
detailed,LB,46,acceleration,1.68265974779182,0.7080233772944706,93
detailed,LB,46,distance,140.07401374865384,53.51771090588294,93
detailed,LB,46,jerk,3.108648467229599,1.5678262660906472,93
detailed,LB,47,speed,1.790306309563764,0.5722320718029109,93
detailed,LB,47,acceleration,1.6655191102818323,0.6742359678249358,93
detailed,LB,47,distance,138.23815306735898,47.1932631466513,93
detailed,LB,47,jerk,3.2214632083321004,1.4219820958452298,93
detailed,LB,48,speed,1.853605444780259,0.5869069292418133,93
detailed,LB,48,acceleration,1.6603139673178469,0.5094268909041618,93
detailed,LB,48,distance,137.66412029196624,48.394369333507,93
detailed,LB,48,jerk,3.134913762155475,1.0214061960368135,93
detailed,LB,49,speed,1.7788314053953402,0.6132126405172706,93
detailed,LB,49,acceleration,1.6446141717683667,0.5679057590862777,93
detailed,LB,49,distance,139.18841402837884,49.47989681671346,93
detailed,LB,49,jerk,3.1898683772965617,1.174552752664506,93
detailed,LB,50,speed,1.7995454192088012,0.5915931183929092,93
detailed,LB,50,acceleration,1.7634035299602966,0.7870024747762258,93
detailed,LB,50,distance,141.49043291119813,60.65010119088538,93
detailed,LB,50,jerk,3.3963323521286317,1.6741102242430557,93
detailed,LB,51,speed,1.9656471616041096,0.5743009596492304,93
detailed,LB,51,acceleration,1.7774432941394405,0.5783406466422626,93
detailed,LB,51,distance,150.7571657921448,65.66854002087261,93
detailed,LB,51,jerk,3.361734239424358,1.1903532197239415,93
detailed,LB,52,speed,1.7155053920435237,0.5571013799734634,92
detailed,LB,52,acceleration,1.6116228120407838,0.5469035319994235,92
detailed,LB,52,distance,130.83578318523152,41.37439603804125,92
detailed,LB,52,jerk,3.103976194474725,1.1447208558760351,92
detailed,LB,53,speed,1.8062850172341907,0.636701506218514,92
detailed,LB,53,acceleration,1.6867323636419609,0.5795304600800201,92
detailed,LB,53,distance,136.58470914999742,43.66773914168213,92
detailed,LB,53,jerk,3.2387448845218976,1.1919197745473278,92
detailed,LB,54,speed,1.7813966705667008,0.6423047427443802,92
detailed,LB,54,acceleration,1.7085773703084013,0.703242633762941,92
detailed,LB,54,distance,136.91874561850196,43.359995399912,92
detailed,LB,54,jerk,3.295926790507884,1.433735572101983,92
detailed,LB,55,speed,1.7340211294259364,0.577112096389059,91
detailed,LB,55,acceleration,1.672087111015709,0.8247777457786976,91
detailed,LB,55,distance,135.59328006722876,44.13327333712173,91
detailed,LB,55,jerk,3.20586574899167,1.7636348122496808,91
detailed,LB,56,speed,1.7900081666870549,0.6178507079221953,91
detailed,LB,56,acceleration,1.5768157062150048,0.5582247660643327,91
detailed,LB,56,distance,139.38433687809805,48.00190514103371,91
detailed,LB,56,jerk,3.024555743923319,1.105640145889543,91
detailed,LB,57,speed,1.6070469748087046,0.5461881278790659,90
detailed,LB,57,acceleration,1.543048689482057,0.6054651527710327,90
detailed,LB,57,distance,128.2769347758432,43.85777934040982,90
detailed,LB,57,jerk,2.9832609895145694,1.1955915728999407,90
detailed,LB,58,speed,1.5806710432863165,0.5902124779632428,90
detailed,LB,58,acceleration,1.54957645467219,0.5852592394645766,90
detailed,LB,58,distance,125.41103561226574,32.19427592142064,90
detailed,LB,58,jerk,3.0350025194561487,1.1949338970352599,90
detailed,LB,59,speed,1.7485602752380143,0.6593846265155103,89
detailed,LB,59,acceleration,1.5855606148887635,0.4844881500095964,89
detailed,LB,59,distance,134.816636824972,50.82822479080291,89
detailed,LB,59,jerk,3.0102759460279396,0.9389299832644323,89
detailed,LB,60,speed,1.7701281931659159,0.5819304080768181,89
detailed,LB,60,acceleration,1.7718914752985262,1.0295816789318548,89
detailed,LB,60,distance,140.3568041921777,49.96643717706794,89
detailed,LB,60,jerk,3.4247550111185143,2.27017535441163,89
detailed,LB,61,speed,1.7406445628866718,0.5494312064899215,88
detailed,LB,61,acceleration,1.6984279625111969,0.6780156880668089,88
detailed,LB,61,distance,140.3048153604299,64.25417996667845,88
detailed,LB,61,jerk,3.26611076735785,1.3826607828098716,88
detailed,LB,62,speed,1.8485051278118612,0.5403796961269822,86
detailed,LB,62,acceleration,1.722270587183239,0.8103451207528631,86
detailed,LB,62,distance,146.81497739616148,71.09309018006161,86
detailed,LB,62,jerk,3.3049720813459005,1.6986653873471942,86
detailed,LB,63,speed,1.6993255464354138,0.5982183146688952,87
detailed,LB,63,acceleration,1.5707566259968846,0.6874763604215794,87
detailed,LB,63,distance,140.469760599253,71.8852702922299,87
detailed,LB,63,jerk,3.020161413318803,1.3711630272151651,87
detailed,LB,64,speed,1.6138037350733185,0.5870617607582603,86
detailed,LB,64,acceleration,1.4242458010142354,0.5141468384544589,86
detailed,LB,64,distance,129.74254014135315,42.69746626445723,87
detailed,LB,64,jerk,2.711815127292147,1.0023236969319365,86
detailed,LB,65,speed,1.6094536027898132,0.575424651675811,88
detailed,LB,65,acceleration,1.6010622648278705,0.6868951186763166,88
detailed,LB,65,distance,128.94609044137582,42.32456740911791,88
detailed,LB,65,jerk,3.1328490702295424,1.4505783131025884,88
detailed,LB,66,speed,1.7666358243994744,0.5945462761049858,86
detailed,LB,66,acceleration,1.6051377361348167,0.521198065192057,86
detailed,LB,66,distance,136.99622007052724,38.13174128157024,86
detailed,LB,66,jerk,3.048123572353446,1.0165361302565872,86
detailed,LB,67,speed,1.7511530476522676,0.5873093787284285,85
detailed,LB,67,acceleration,1.6246822135316865,0.6619846397222809,85
detailed,LB,67,distance,139.07951614958608,66.80833246301442,85
detailed,LB,67,jerk,3.1006358632216573,1.4192823038021092,85
detailed,LB,68,speed,1.5764453986832432,0.5413072719932528,86
detailed,LB,68,acceleration,1.5059254446701296,0.5852121441472172,86
detailed,LB,68,distance,131.8782980806989,44.70595138546385,86
detailed,LB,68,jerk,2.9434575586884617,1.2170353218818168,86
detailed,LB,69,speed,1.7042310266928224,0.5305552984859043,86
detailed,LB,69,acceleration,1.7268858290866933,0.8390603218438867,86
detailed,LB,69,distance,141.45505065425465,59.72750511009318,86
detailed,LB,69,jerk,3.3652503698490204,1.871599430292996,86
detailed,LB,70,speed,1.7946251473124883,0.5486908211073186,85
detailed,LB,70,acceleration,1.6163532220007395,0.5618308758832214,85
detailed,LB,70,distance,134.27063008110767,44.76308152809591,85
detailed,LB,70,jerk,3.091290638650373,1.1701284384249715,85
detailed,LB,71,speed,1.6499486538945984,0.6942847504460012,84
detailed,LB,71,acceleration,1.5970678381088472,0.5876042842774182,84
detailed,LB,71,distance,131.2899999921104,40.46291286227442,84
detailed,LB,71,jerk,3.1196848433007793,1.1586025404464733,84
detailed,LB,72,speed,1.6971385485497683,0.6557958833844794,84
detailed,LB,72,acceleration,1.557333463827602,0.6170158196153732,84
detailed,LB,72,distance,136.04991989378934,41.28137032531157,84
detailed,LB,72,jerk,3.036556840063914,1.2300559079061113,84
detailed,LB,73,speed,1.7176217995597642,0.646714287007055,83
detailed,LB,73,acceleration,1.624039923099748,0.5711929961174689,83
detailed,LB,73,distance,131.86413732975132,48.9910240062392,83
detailed,LB,73,jerk,3.1369777254990074,1.1707437115355952,83
detailed,LB,74,speed,1.6944232249246565,0.6475469740376115,86
detailed,LB,74,acceleration,1.6336599622432066,0.6196619678719141,86
detailed,LB,74,distance,137.67946527562182,54.97303136014385,86
detailed,LB,74,jerk,3.1734542970540156,1.2825356779924983,86
detailed,LB,75,speed,1.7097022259603163,0.5964928749744004,86
detailed,LB,75,acceleration,1.520013236688818,0.5753967772090278,86
detailed,LB,75,distance,127.24843420763754,33.31680405797681,86
detailed,LB,75,jerk,2.934365072061166,1.135148000602099,86
detailed,LB,76,speed,1.7658010823221388,0.5864988333012543,86
detailed,LB,76,acceleration,1.6181452975383614,0.5055817356383192,86
detailed,LB,76,distance,135.13020207988018,33.81522913895382,86
detailed,LB,76,jerk,3.1291878344123805,1.0444024885607637,86
detailed,LB,77,speed,1.6995619541745832,0.5691521774214041,86
detailed,LB,77,acceleration,1.6698190513987228,0.7662892177176931,86
detailed,LB,77,distance,137.35527459102718,51.12601368992225,86
detailed,LB,77,jerk,3.2311784086603934,1.6333034199591645,86
detailed,LB,78,speed,1.628212670619101,0.5664576206332206,85
detailed,LB,78,acceleration,1.5331541171794474,0.6137265388303712,85
detailed,LB,78,distance,133.21124107921315,52.47858498066666,85
detailed,LB,78,jerk,2.9757459058115,1.3347817252743666,85
detailed,LB,79,speed,1.6903952432654334,0.552620138265592,86
detailed,LB,79,acceleration,1.5508477118084991,0.518878818703424,86
detailed,LB,79,distance,130.33050497773277,37.55076888246251,86
detailed,LB,79,jerk,3.0041076408561653,1.0637094545637054,86
detailed,LB,80,speed,1.7947993541405525,0.6375197312693675,86
detailed,LB,80,acceleration,1.6258743590482287,0.66846441853682,86
detailed,LB,80,distance,138.4507943342225,52.1864704845297,86
detailed,LB,80,jerk,3.0938200562846974,1.3928482126159585,86
detailed,LB,81,speed,1.6915113456075455,0.5852670738254759,86
detailed,LB,81,acceleration,1.5785611088863483,0.5951763259577838,86
detailed,LB,81,distance,132.8312901547073,36.40559355352853,86
detailed,LB,81,jerk,3.037891875863273,1.2273043215376804,86
detailed,LB,82,speed,1.587849086799682,0.5905045876336557,85
detailed,LB,82,acceleration,1.6006057932923734,0.6052911328147711,85
detailed,LB,82,distance,134.698165516162,42.573245512972754,85
detailed,LB,82,jerk,3.1539879865054674,1.2521737293688102,85
detailed,LB,83,speed,1.7136685619581866,0.566880742845483,86
detailed,LB,83,acceleration,1.6796151916458826,0.7182510853068895,86
detailed,LB,83,distance,137.50612779343575,40.75126966687812,86
detailed,LB,83,jerk,3.262149186047424,1.4559642243193813,86
detailed,LB,84,speed,1.6662050233278445,0.5470305239845221,87
detailed,LB,84,acceleration,1.5166424382070174,0.5102410340857298,87
detailed,LB,84,distance,132.9481885435601,40.267554992483035,87
detailed,LB,84,jerk,2.930386699147401,1.0597900030031804,87
detailed,LB,85,speed,1.7686714963663275,0.54297092171673,87
detailed,LB,85,acceleration,1.64310887992156,0.6271308147646455,87
detailed,LB,85,distance,134.46838201368357,36.10066687175614,87
detailed,LB,85,jerk,3.1479047316658164,1.283291382068975,87
detailed,LB,86,speed,1.916971396584777,0.4536252259662396,88
detailed,LB,86,acceleration,1.7865221298218672,0.6570742384401422,88
detailed,LB,86,distance,145.96663313963975,51.21988484728591,88
detailed,LB,86,jerk,3.4286174409157697,1.3767334914296059,88
detailed,LB,87,speed,1.8441434288909344,0.49887985659968526,88
detailed,LB,87,acceleration,1.6490520577030585,0.6462385006206468,88
detailed,LB,87,distance,140.4514407252924,44.975754264162795,88
detailed,LB,87,jerk,3.15389536749517,1.3507028481607428,88
detailed,LB,88,speed,1.897781233115897,0.5459875758458037,87
detailed,LB,88,acceleration,1.7028618599392427,0.6033707834428188,87
detailed,LB,88,distance,142.74898120611195,52.090263827304376,87
detailed,LB,88,jerk,3.2716362640837815,1.3204432190542965,87
detailed,LB,89,speed,1.7810342532339456,0.5701709405924327,88
detailed,LB,89,acceleration,1.6497768295968422,0.5616234954096652,88
detailed,LB,89,distance,140.5612977528169,56.24092558842267,88
detailed,LB,89,jerk,3.1633371296412465,1.135694901080954,88
detailed,LB,90,speed,1.6535297373942066,0.5971806521816551,88
detailed,LB,90,acceleration,1.5179181756621143,0.6498572784181154,88
detailed,LB,90,distance,132.4838784063688,38.380558428059615,88
detailed,LB,90,jerk,2.9487289954436875,1.3557316926039167,88
detailed,LCB,1,speed,2.122442545444016,0.4440215035805606,128
detailed,LCB,1,acceleration,2.029440725524339,1.08554803770341,128
detailed,LCB,1,distance,145.36418775030404,39.42873123943884,128
detailed,LCB,1,jerk,3.7761668712505516,2.3931181163723263,128
detailed,LCB,2,speed,1.9682712867268983,0.46584562136854,128
detailed,LCB,2,acceleration,1.8785520950268575,0.8712703662937943,128
detailed,LCB,2,distance,138.19100404810607,38.877128089114265,128
detailed,LCB,2,jerk,3.5811916904357215,1.8973405931187313,128
detailed,LCB,3,speed,1.8815973876682146,0.5221261504273644,128
detailed,LCB,3,acceleration,1.8185909862702156,0.7427339230794339,128
detailed,LCB,3,distance,134.5246496658764,34.280356632351385,128
detailed,LCB,3,jerk,3.482540829034147,1.5576720537767375,128
detailed,LCB,4,speed,1.7854684694260512,0.4949030299461098,128
detailed,LCB,4,acceleration,1.6928791323266617,0.6751668848600858,128
detailed,LCB,4,distance,129.60600898150744,32.291560162765585,128
detailed,LCB,4,jerk,3.2023131256951167,1.369497979186052,128
detailed,LCB,5,speed,1.8956841734989265,0.5047899301845082,128
detailed,LCB,5,acceleration,1.7486743305170367,0.6502964092296244,128
detailed,LCB,5,distance,133.95025514931018,31.953027194938002,128
detailed,LCB,5,jerk,3.3247598848380697,1.375952014912582,128
detailed,LCB,6,speed,1.7536708560292371,0.5029418734786958,128
detailed,LCB,6,acceleration,1.6813917724498948,0.7656730720916138,128
detailed,LCB,6,distance,127.7008201997924,33.62082150255093,128
detailed,LCB,6,jerk,3.2164422132918737,1.640776783394903,128
detailed,LCB,7,speed,1.7878772825865537,0.48105284885447774,128
detailed,LCB,7,acceleration,1.724713973044155,0.7052687367893319,128
detailed,LCB,7,distance,126.67422778921451,31.97746999131981,128
detailed,LCB,7,jerk,3.2762660697220625,1.467559457283474,128
detailed,LCB,8,speed,1.8324884254592404,0.504055811660691,128
detailed,LCB,8,acceleration,1.852227731670651,0.8890042846864857,128
detailed,LCB,8,distance,138.35749880692967,40.44900161172645,128
detailed,LCB,8,jerk,3.592427806969929,1.9165992302632293,128
detailed,LCB,9,speed,1.7840385114388402,0.6075844614711272,128
detailed,LCB,9,acceleration,1.8489320655029737,1.1763266988783057,128
detailed,LCB,9,distance,136.37887414914718,53.46306118481169,128
detailed,LCB,9,jerk,3.6029652396348024,2.6233494600415415,128
detailed,LCB,10,speed,1.697851879507936,0.569743903093864,128
detailed,LCB,10,acceleration,1.6126943069171475,0.6891568740886295,128
detailed,LCB,10,distance,126.6662374289121,40.51821524073877,128
detailed,LCB,10,jerk,3.093944667800456,1.479866302949586,128
detailed,LCB,11,speed,1.7463428215993475,0.5865474526303692,128
detailed,LCB,11,acceleration,1.7313752810058523,0.7922307206944592,128
detailed,LCB,11,distance,131.96917202430905,38.017271009712154,128
detailed,LCB,11,jerk,3.3725686378004687,1.693924962318671,128
detailed,LCB,12,speed,1.7200114268265323,0.54529117219652,128
detailed,LCB,12,acceleration,1.6872255425138847,0.7037237424152307,128
detailed,LCB,12,distance,125.10430186467053,35.72248679419729,128
detailed,LCB,12,jerk,3.2098898923635666,1.4253886894635102,128
detailed,LCB,13,speed,1.7414686704547044,0.5662954378022282,128
detailed,LCB,13,acceleration,1.6462163815873363,0.6875720730372895,128
detailed,LCB,13,distance,128.37832387664082,42.54611702593271,128
detailed,LCB,13,jerk,3.1406813993491793,1.4000329310861097,128
detailed,LCB,14,speed,1.808293301717758,0.5017157784660321,128
detailed,LCB,14,acceleration,1.7382277860460857,0.7554764443539708,128
detailed,LCB,14,distance,129.3938488011576,33.664551772982605,128
detailed,LCB,14,jerk,3.3105107748508313,1.640008036003605,128
detailed,LCB,15,speed,1.7141253414088369,0.4454066171211403,128
detailed,LCB,15,acceleration,1.5885622247884024,0.7741930411539857,128
detailed,LCB,15,distance,123.86929870151674,35.54459256747993,128
detailed,LCB,15,jerk,3.0126165215705574,1.5925509137696532,128
detailed,LCB,16,speed,1.723376254984784,0.5133532576535467,128
detailed,LCB,16,acceleration,1.6561207899039425,0.7693136407033289,128
detailed,LCB,16,distance,125.28002648843793,33.53202992420797,128
detailed,LCB,16,jerk,3.159996314567581,1.6109363365863267,128
detailed,LCB,17,speed,1.5887656917457043,0.5433727763152263,128
detailed,LCB,17,acceleration,1.533373644784516,0.8168510192708935,128
detailed,LCB,17,distance,118.36851351693043,37.35131789467828,128
detailed,LCB,17,jerk,2.9239153091674517,1.7098275695498224,128
detailed,LCB,18,speed,1.6527310438902554,0.5862536431419665,128
detailed,LCB,18,acceleration,1.5525836997982196,0.6151240582243717,128
detailed,LCB,18,distance,119.41884975189599,31.814120536888144,128
detailed,LCB,18,jerk,2.938058525205309,1.2480398802453867,128
detailed,LCB,19,speed,1.7039093277628217,0.5072399938762597,128
detailed,LCB,19,acceleration,1.6329541686017945,0.7256209093210026,128
detailed,LCB,19,distance,120.76009815661189,32.95734386364481,128
detailed,LCB,19,jerk,3.1170676199688265,1.5519625075084507,128
detailed,LCB,20,speed,1.7513664063471381,0.5892358711119609,128
detailed,LCB,20,acceleration,1.671781339647802,0.7866605936786437,128
detailed,LCB,20,distance,127.35746480604932,36.67838385800273,128
detailed,LCB,20,jerk,3.2136925752622396,1.6318606799063522,128
detailed,LCB,21,speed,1.7041536070004335,0.49845340907259417,128
detailed,LCB,21,acceleration,1.6756130536571854,0.7223016357805352,128
detailed,LCB,21,distance,127.28127689141202,30.222134415439466,128
detailed,LCB,21,jerk,3.232367611118195,1.540535147112232,128
detailed,LCB,22,speed,1.753897134066887,0.5089008673341955,128
detailed,LCB,22,acceleration,1.694571683738694,0.7512583750390347,128
detailed,LCB,22,distance,128.6004889604522,38.2353275235181,128
detailed,LCB,22,jerk,3.2671318430046346,1.5736183629691745,128
detailed,LCB,23,speed,1.769669652079435,0.47060576944394505,128
detailed,LCB,23,acceleration,1.6848557122785035,0.6985743602284318,128
detailed,LCB,23,distance,128.17033723244035,34.24501151391386,128
detailed,LCB,23,jerk,3.217082584289648,1.5394540907184606,128
detailed,LCB,24,speed,1.7021977292437305,0.4741875659866184,128
detailed,LCB,24,acceleration,1.6230627063604097,0.65504075731601,128
detailed,LCB,24,distance,125.74485097717488,32.96622197091248,128
detailed,LCB,24,jerk,3.107521470993689,1.4431675485076663,128
detailed,LCB,25,speed,1.6363683574792238,0.46667137434596984,128
detailed,LCB,25,acceleration,1.6141000348334607,0.6912000080053865,128
detailed,LCB,25,distance,123.03761041658414,31.950110282540063,128
detailed,LCB,25,jerk,3.127220846416792,1.497577538763329,128
detailed,LCB,26,speed,1.7817009254739318,0.514402879791489,128
detailed,LCB,26,acceleration,1.7250298208395705,0.7222755412818671,128
detailed,LCB,26,distance,129.97308444555102,35.84131204947518,128
detailed,LCB,26,jerk,3.3111286060671232,1.5461094782688694,128
detailed,LCB,27,speed,1.6870642814893402,0.4847712004398247,128
detailed,LCB,27,acceleration,1.641683286424512,0.7171928729746712,128
detailed,LCB,27,distance,126.30111632582613,35.098396378025,128
detailed,LCB,27,jerk,3.1652319733748255,1.5787231264255042,128
detailed,LCB,28,speed,1.604830785307586,0.5264517906863571,128
detailed,LCB,28,acceleration,1.6221754061642173,0.873444172247286,128
detailed,LCB,28,distance,122.92128489705867,43.77860826638056,128
detailed,LCB,28,jerk,3.1573025436409243,1.9419019153885284,128
detailed,LCB,29,speed,1.701389987713632,0.5082975715585808,128
detailed,LCB,29,acceleration,1.7766409962373844,0.8860098559888391,128
detailed,LCB,29,distance,130.96412400169444,43.108435997711325,128
detailed,LCB,29,jerk,3.4646623286679312,1.9438188860347145,128
detailed,LCB,30,speed,1.7189834439707927,0.5196679077317841,128
detailed,LCB,30,acceleration,1.6669121996133933,0.7392881797345252,128
detailed,LCB,30,distance,125.32890386452452,38.17797044433069,128
detailed,LCB,30,jerk,3.211270106363016,1.6039592394134596,128
detailed,LCB,31,speed,1.7157884969779198,0.53139616620038,128
detailed,LCB,31,acceleration,1.697536507996448,0.811447282683952,128
detailed,LCB,31,distance,127.52271960714339,42.55106300185888,128
detailed,LCB,31,jerk,3.2579990491784625,1.7143063035465185,128
detailed,LCB,32,speed,1.726371203621039,0.506797462805376,128
detailed,LCB,32,acceleration,1.7495371686655885,0.92732568459677,128
detailed,LCB,32,distance,133.70058217162972,46.29509662634458,128
detailed,LCB,32,jerk,3.436598866708873,2.083743296660945,128
detailed,LCB,33,speed,1.599951208748089,0.49687430118694886,128
detailed,LCB,33,acceleration,1.571037503776051,0.7477414440744756,128
detailed,LCB,33,distance,121.6768970049907,35.67156387595971,128
detailed,LCB,33,jerk,3.025536271593244,1.5863799840318138,128
detailed,LCB,34,speed,1.7078966498803074,0.6137299311355287,128
detailed,LCB,34,acceleration,1.7259822440125203,1.1524861753478686,128
detailed,LCB,34,distance,129.29393155906638,45.8416896183646,128
detailed,LCB,34,jerk,3.3402283815511993,2.5461411225957997,128
detailed,LCB,35,speed,1.67101092379799,0.538233443499625,128
detailed,LCB,35,acceleration,1.6519315137116692,0.7558967800368424,128
detailed,LCB,35,distance,126.9703037415781,37.725468088864545,128
detailed,LCB,35,jerk,3.2115558483629694,1.5986983554244736,128
detailed,LCB,36,speed,1.678819690601384,0.5075788279402643,128
detailed,LCB,36,acceleration,1.6641735425547648,0.8117337001037835,128
detailed,LCB,36,distance,130.32701187698322,46.17741551713924,128
detailed,LCB,36,jerk,3.2680108512064465,1.8009364160349464,128
detailed,LCB,37,speed,1.623178668507981,0.5687251150334981,128
detailed,LCB,37,acceleration,1.6921523478317717,1.0253314750312865,128
detailed,LCB,37,distance,126.91153824215822,51.45932950530933,128
detailed,LCB,37,jerk,3.314906544049097,2.2514226789033804,128
detailed,LCB,38,speed,1.6820681676086782,0.4317129145541014,128
detailed,LCB,38,acceleration,1.694289205627439,0.8445428710393771,128
detailed,LCB,38,distance,124.34120256986407,32.15728829029701,128
detailed,LCB,38,jerk,3.2587277619553183,1.8319964223925627,128
detailed,LCB,39,speed,1.6462499740243797,0.4859558622081798,128
detailed,LCB,39,acceleration,1.6076508180132532,0.6815498592116803,128
detailed,LCB,39,distance,124.07997873491364,31.19302210823784,128
detailed,LCB,39,jerk,3.106424549503804,1.4979882044018722,128
detailed,LCB,40,speed,1.774530954442575,0.5164114254245183,128
detailed,LCB,40,acceleration,1.8268072617327846,1.1211923217646778,128
detailed,LCB,40,distance,132.98000745455974,42.301921712154275,128
detailed,LCB,40,jerk,3.5740512391730417,2.4132227455615576,128
detailed,LCB,41,speed,1.6540308500501075,0.4979444058874008,128
detailed,LCB,41,acceleration,1.7185076807590816,0.9299665464014294,128
detailed,LCB,41,distance,127.57491673389511,42.980583517690704,128
detailed,LCB,41,jerk,3.333511389777369,1.9535004692759463,128
detailed,LCB,42,speed,1.5943638852415352,0.5477445159350173,128
detailed,LCB,42,acceleration,1.559095717743385,0.7289953434951079,128
detailed,LCB,42,distance,119.99376937012532,37.500218718717946,128
detailed,LCB,42,jerk,3.0005416327105108,1.5811011559290022,128
detailed,LCB,43,speed,1.5949539236414056,0.5768242745708997,128
detailed,LCB,43,acceleration,1.617561625019696,0.7461348945941311,128
detailed,LCB,43,distance,122.83516013002219,37.86738489949455,128
detailed,LCB,43,jerk,3.1564591168737435,1.5576100754237991,128
detailed,LCB,44,speed,1.6173733751674033,0.5591222825003209,128
detailed,LCB,44,acceleration,1.6483354824382719,0.7422633205358452,128
detailed,LCB,44,distance,125.36776913043502,40.140759683568966,128
detailed,LCB,44,jerk,3.2111971658963125,1.5152376110879493,128
detailed,LCB,45,speed,1.6523575472459817,0.5675801572923034,128
detailed,LCB,45,acceleration,1.678664589171062,0.8742450955552638,128
detailed,LCB,45,distance,127.14956650683382,41.542137319732284,128
detailed,LCB,45,jerk,3.2747439925022137,1.8754192416380628,128
detailed,LCB,46,speed,1.9216638828367252,0.45488522144481913,130
detailed,LCB,46,acceleration,1.7741247804886795,0.8511522441836434,130
detailed,LCB,46,distance,137.0472894027533,46.82810361980242,130
detailed,LCB,46,jerk,3.2768712470597277,1.790520886936913,130
detailed,LCB,47,speed,1.7400743144133672,0.5027789744652077,130
detailed,LCB,47,acceleration,1.6215839514357022,0.6237312400737051,130
detailed,LCB,47,distance,128.63176220600712,37.42205852444526,130
detailed,LCB,47,jerk,3.106599039136655,1.3054181412284542,130
detailed,LCB,48,speed,1.7857403209283917,0.5021019935127548,130
detailed,LCB,48,acceleration,1.7403286849989343,0.8094073272280301,130
detailed,LCB,48,distance,133.24792320980578,46.13404176634579,130
detailed,LCB,48,jerk,3.3498881851350224,1.7578189988208144,130
detailed,LCB,49,speed,1.6153347996789302,0.5357240218964152,130
detailed,LCB,49,acceleration,1.5483420619354853,0.7177538868022122,130
detailed,LCB,49,distance,126.21950205510848,41.10405581225105,130
detailed,LCB,49,jerk,3.021124147382621,1.558707469059457,130
detailed,LCB,50,speed,1.6844337594515777,0.5756573365467095,131
detailed,LCB,50,acceleration,1.6333630675788815,0.8211338689424231,131
detailed,LCB,50,distance,127.68785299819402,38.76311474441575,131
detailed,LCB,50,jerk,3.154289816772264,1.7112032433207134,131
detailed,LCB,51,speed,1.7824879010488912,0.5101578208877903,131
detailed,LCB,51,acceleration,1.7431073137624555,0.8634767084359329,131
detailed,LCB,51,distance,134.7034264034019,45.17401582279854,131
detailed,LCB,51,jerk,3.376931436012732,1.8714564238681055,131
detailed,LCB,52,speed,1.6220117913894967,0.5056189312325684,131
detailed,LCB,52,acceleration,1.5425631471536736,0.7519520395913831,131
detailed,LCB,52,distance,123.302600574723,36.14174168367686,131
detailed,LCB,52,jerk,2.963825625753412,1.5822685524484992,131
detailed,LCB,53,speed,1.7010783687936135,0.5388560631411855,131
detailed,LCB,53,acceleration,1.6730600001336031,0.9212584455032091,131
detailed,LCB,53,distance,131.14520195229343,44.662296030101686,131
detailed,LCB,53,jerk,3.2435685729640475,2.033677349512187,131
detailed,LCB,54,speed,1.668898039697756,0.5970833138445083,131
detailed,LCB,54,acceleration,1.717364949177244,0.8835707695387244,131
detailed,LCB,54,distance,130.67065500747748,49.79216688129758,131
detailed,LCB,54,jerk,3.3505049174164596,1.9409932409839579,131
detailed,LCB,55,speed,1.6461669980114904,0.5384600013585449,131
detailed,LCB,55,acceleration,1.5383984845693868,0.5471715576766607,131
detailed,LCB,55,distance,123.85916598426859,34.832103561670415,131
detailed,LCB,55,jerk,2.9428741541825176,1.1221575906263204,131
detailed,LCB,56,speed,1.670937931507937,0.5715480088571901,130
detailed,LCB,56,acceleration,1.496617390496594,0.5754425632069339,130
detailed,LCB,56,distance,125.02779621506073,35.06071235814844,130
detailed,LCB,56,jerk,2.856135240556469,1.165723369336553,130
detailed,LCB,57,speed,1.532730265751829,0.4951217404430123,130
detailed,LCB,57,acceleration,1.4750180282819074,0.6626077205950361,130
detailed,LCB,57,distance,118.37769738921683,32.521194878522856,130
detailed,LCB,57,jerk,2.8475230793524844,1.3979205998528337,130
detailed,LCB,58,speed,1.5491700823137915,0.5854551966913915,129
detailed,LCB,58,acceleration,1.5371667228556944,0.9230545162865107,129
detailed,LCB,58,distance,120.9763297549758,41.14146103022314,129
detailed,LCB,58,jerk,3.003887518228421,1.9901071385019822,129
detailed,LCB,59,speed,1.6053516891612007,0.60189234840759,130
detailed,LCB,59,acceleration,1.5727231029851965,0.873805218618333,130
detailed,LCB,59,distance,122.13276952201895,42.67574816174354,130
detailed,LCB,59,jerk,3.040688313548346,1.9162778546222072,130
detailed,LCB,60,speed,1.6649968946353944,0.5281280375096138,130
detailed,LCB,60,acceleration,1.630670312462288,0.6701943484663896,130
detailed,LCB,60,distance,125.90473287130035,37.94012239856076,130
detailed,LCB,60,jerk,3.161076074581454,1.4656030713937513,130
detailed,LCB,61,speed,1.6504466823314274,0.4645845162359639,130
detailed,LCB,61,acceleration,1.6851583559415964,0.8670053136980039,130
detailed,LCB,61,distance,129.72857469574336,44.364976640798346,130
detailed,LCB,61,jerk,3.287672544192417,1.892917701217624,130
detailed,LCB,62,speed,1.635541363881308,0.5492196925338653,130
detailed,LCB,62,acceleration,1.5728752941508315,0.7503350018608066,130
detailed,LCB,62,distance,128.43641242018919,49.63033571001865,130
detailed,LCB,62,jerk,3.041174734993901,1.6271054805554108,130
detailed,LCB,63,speed,1.6037022601966224,0.5326978477746589,131
detailed,LCB,63,acceleration,1.515351401596652,0.6331762272395284,131
detailed,LCB,63,distance,125.6007317472058,46.54592421626329,131
detailed,LCB,63,jerk,2.9469135874624066,1.3677552958864145,131
detailed,LCB,64,speed,1.525502127129449,0.5952452644121926,130
detailed,LCB,64,acceleration,1.5065125010905265,1.0832124541233952,130
detailed,LCB,64,distance,123.23989206409954,57.83010105059297,130
detailed,LCB,64,jerk,2.9423057277812292,2.2931070127635116,130
detailed,LCB,65,speed,1.5351035893268992,0.5510284338918067,130
detailed,LCB,65,acceleration,1.572614697651634,0.7845098384132811,130
detailed,LCB,65,distance,125.2416214065832,62.141240031323065,130
detailed,LCB,65,jerk,3.038425955959719,1.62366499722906,130
detailed,LCB,66,speed,1.6410148107460056,0.49982027324490175,130
detailed,LCB,66,acceleration,1.5786871215666778,0.8611106803300966,130
detailed,LCB,66,distance,127.79192853743564,50.83828865159195,130
detailed,LCB,66,jerk,3.054798706959734,1.9063323675911128,130
detailed,LCB,67,speed,1.596412819854435,0.5596975209605691,130
detailed,LCB,67,acceleration,1.4703623467627451,0.6217618308959104,130
detailed,LCB,67,distance,120.63400491452335,42.87517579958567,130
detailed,LCB,67,jerk,2.7937576159601356,1.303409503738063,130
detailed,LCB,68,speed,1.5285230532035026,0.5326222204999103,130
detailed,LCB,68,acceleration,1.4795628053075556,0.652773644394421,130
detailed,LCB,68,distance,124.59449221406885,63.86035515751938,130
detailed,LCB,68,jerk,2.883461471206652,1.3730064961179786,130
detailed,LCB,69,speed,1.593265813100821,0.5630192448412463,130
detailed,LCB,69,acceleration,1.5538461891405244,0.7013408584654648,130
detailed,LCB,69,distance,126.99243547691566,51.85086088897351,130
detailed,LCB,69,jerk,3.0235560192504067,1.4572406662711521,130
detailed,LCB,70,speed,1.800513104730852,0.5390301250032663,129
detailed,LCB,70,acceleration,1.805689303304855,1.5096131801653552,129
detailed,LCB,70,distance,147.87215206220125,90.95049400797403,129
detailed,LCB,70,jerk,3.5245515461487833,3.38663669151025,129
detailed,LCB,71,speed,1.4635849707298754,0.5817652074646137,129
detailed,LCB,71,acceleration,1.4159146724246519,0.5816099668197421,129
detailed,LCB,71,distance,118.88748679224432,39.48344105315213,129
detailed,LCB,71,jerk,2.7692736141224077,1.19895573726291,129
detailed,LCB,72,speed,1.5369793490691133,0.562245868745844,129
detailed,LCB,72,acceleration,1.5063329102298961,0.7720162771177915,129
detailed,LCB,72,distance,129.62820072402064,54.569976137253,129
detailed,LCB,72,jerk,2.949108760474114,1.6214317317564553,129
detailed,LCB,73,speed,1.568454885693647,0.5291904054881686,129
detailed,LCB,73,acceleration,1.5144035391776813,0.565325127762909,129
detailed,LCB,73,distance,123.61398680604943,51.821677716800885,129
detailed,LCB,73,jerk,2.9639269535046773,1.2011489043608936,129
detailed,LCB,74,speed,1.5447432334854965,0.5613198878471686,129
detailed,LCB,74,acceleration,1.5558075255791195,0.7405374892357706,129
detailed,LCB,74,distance,131.68335453636004,61.97498006012757,129
detailed,LCB,74,jerk,3.0636554630526365,1.5631613607991899,129
detailed,LCB,75,speed,1.6369191820225155,0.4851328684136241,129
detailed,LCB,75,acceleration,1.588059290634701,0.8199274853497964,129
detailed,LCB,75,distance,130.42061459371314,59.70250511544748,129
detailed,LCB,75,jerk,3.0748383989432386,1.7838280769449046,129
detailed,LCB,76,speed,1.5691286267323834,0.4574451573273753,129
detailed,LCB,76,acceleration,1.4499868206733701,0.476380407850007,129
detailed,LCB,76,distance,123.84753103652018,37.229338711066184,129
detailed,LCB,76,jerk,2.7981069837510444,1.0544666948778385,129
detailed,LCB,77,speed,1.5522172493881896,0.46353758648336374,129
detailed,LCB,77,acceleration,1.5213545410457736,0.6013222002121209,129
detailed,LCB,77,distance,120.67466688292392,31.176780490838727,129
detailed,LCB,77,jerk,2.9387271354290916,1.2654140143772303,129
detailed,LCB,78,speed,1.5374692956891804,0.5274252013468418,129
detailed,LCB,78,acceleration,1.5021008591646738,0.6451221428901666,129
detailed,LCB,78,distance,123.21045683769984,37.12097430805418,129
detailed,LCB,78,jerk,2.935457097565447,1.3852620761371517,129
detailed,LCB,79,speed,1.6444533451277714,0.538928866175382,130
detailed,LCB,79,acceleration,1.5819661576237107,0.9358597121084384,130
detailed,LCB,79,distance,135.08618848664256,80.23386112631113,130
detailed,LCB,79,jerk,3.0550305895715133,1.8830831276434719,130
detailed,LCB,80,speed,1.6417673938179351,0.5098574490215844,130
detailed,LCB,80,acceleration,1.6111146677138168,0.6034067052781255,130
detailed,LCB,80,distance,131.85014894022262,46.72961214475255,130
detailed,LCB,80,jerk,3.1360184641261517,1.3238652930629384,130
detailed,LCB,81,speed,1.548536992062835,0.5446129975869227,129
detailed,LCB,81,acceleration,1.520434906956423,0.6068020502915978,129
detailed,LCB,81,distance,122.76649971666899,33.29289530435878,129
detailed,LCB,81,jerk,2.9704685836361326,1.2881515316772991,129
detailed,LCB,82,speed,1.4759730113704763,0.6061695013887776,129
detailed,LCB,82,acceleration,1.5408092817945456,0.6383547831838172,129
detailed,LCB,82,distance,124.24286328660583,45.68956136734112,129
detailed,LCB,82,jerk,3.0525924396881554,1.3570765331340089,129
detailed,LCB,83,speed,1.6238309295723166,0.5125396389653191,129
detailed,LCB,83,acceleration,1.550053694318127,0.6830086167889668,129
detailed,LCB,83,distance,127.08822751617856,38.3260820787209,129
detailed,LCB,83,jerk,3.0118126693221767,1.4168356792560908,129
detailed,LCB,84,speed,1.5877147778808107,0.5436101308422647,129
detailed,LCB,84,acceleration,1.612673063629644,0.8362798097106168,129
detailed,LCB,84,distance,128.38444355174184,42.43374955496735,129
detailed,LCB,84,jerk,3.180390663301751,1.8220829902000681,129
detailed,LCB,85,speed,1.6052626451051992,0.47897825213198403,129
detailed,LCB,85,acceleration,1.5646508973478652,0.672253934701015,129
detailed,LCB,85,distance,124.88679238943418,37.750793535225384,129
detailed,LCB,85,jerk,3.0502308778914697,1.4264538021699786,129
detailed,LCB,86,speed,1.70713902158547,0.4286332236894872,129
detailed,LCB,86,acceleration,1.620607781393171,0.6917214380161033,129
detailed,LCB,86,distance,129.74635752805239,39.71357010308727,129
detailed,LCB,86,jerk,3.1211079468329053,1.4981490667336694,129
detailed,LCB,87,speed,1.6487463440177093,0.500572586718506,128
detailed,LCB,87,acceleration,1.6029762092383701,0.9189430911510004,128
detailed,LCB,87,distance,130.29927538365675,54.23822183070359,128
detailed,LCB,87,jerk,3.1134886601967207,2.051718981194209,128
detailed,LCB,88,speed,1.6532204547186706,0.515218737681693,129
detailed,LCB,88,acceleration,1.5653192939811198,0.662971817349639,129
detailed,LCB,88,distance,128.17427551994942,38.39099179459689,129
detailed,LCB,88,jerk,3.034073978023183,1.4479184624608674,129
detailed,LCB,89,speed,1.6216143540288697,0.5307739547584254,129
detailed,LCB,89,acceleration,1.6337438451746142,0.7577401532338085,129
detailed,LCB,89,distance,130.39598779580956,47.55625820872597,129
detailed,LCB,89,jerk,3.2121668913023727,1.6500820599541075,129
detailed,LCB,90,speed,1.5942224435406447,0.5863313523822409,129
detailed,LCB,90,acceleration,1.5196749160177823,0.6805032047180912,129
detailed,LCB,90,distance,129.41011104144695,55.38673041085204,129
detailed,LCB,90,jerk,2.981816540319907,1.43162340076488,129
detailed,CM,1,speed,2.4634384417073774,0.4920306186382116,302
detailed,CM,1,acceleration,1.906713408117492,0.5244314226990868,302
detailed,CM,1,distance,158.9847953330237,31.590568739386693,302
detailed,CM,1,jerk,3.282397471563919,1.1119564669066861,302
detailed,CM,2,speed,2.267581559586477,0.5231981526898812,302
detailed,CM,2,acceleration,1.8397899756685039,0.6412867175273106,302
detailed,CM,2,distance,151.48288426357226,34.01382138505596,302
detailed,CM,2,jerk,3.312425158948677,1.374052675652595,302
detailed,CM,3,speed,2.1381709421690247,0.5884252827573726,302
detailed,CM,3,acceleration,1.8073208602700137,0.6564617993476634,302
detailed,CM,3,distance,146.55525966723846,35.73153109772589,302
detailed,CM,3,jerk,3.312535444419759,1.3951601871013692,302
detailed,CM,4,speed,2.0738950292375,0.5636234484131,302
detailed,CM,4,acceleration,1.7256829934723799,0.5471240872101374,302
detailed,CM,4,distance,142.75237616829787,30.387801034199974,302
detailed,CM,4,jerk,3.146012251698334,1.109226649797594,302
detailed,CM,5,speed,2.1989450710159,0.5891095023900769,302
detailed,CM,5,acceleration,1.769442114568773,0.5964287493535961,302
detailed,CM,5,distance,148.15660602384742,32.59337430489263,302
detailed,CM,5,jerk,3.2175594027118573,1.2497331931462738,302
detailed,CM,6,speed,2.013106938049602,0.6375760946308325,302
detailed,CM,6,acceleration,1.6406068425532008,0.5134054226286053,302
detailed,CM,6,distance,139.57164421928152,31.796494936115046,302
detailed,CM,6,jerk,2.9969012480940265,1.0691452786462092,302
detailed,CM,7,speed,2.074732591953632,0.5463454522650212,302
detailed,CM,7,acceleration,1.7520688269897753,0.5979019120319344,302
detailed,CM,7,distance,140.72194702693625,33.133834311002644,302
detailed,CM,7,jerk,3.1828023184328087,1.232481416551347,302
detailed,CM,8,speed,2.0875767089849386,0.5809035876771809,302
detailed,CM,8,acceleration,1.8050460855634052,0.6636485199789438,302
detailed,CM,8,distance,146.0742922970481,33.717041077072956,302
detailed,CM,8,jerk,3.33468374842347,1.3916374354871406,302
detailed,CM,9,speed,2.0675317237204274,0.7195417309997066,302
detailed,CM,9,acceleration,1.7762942081379216,0.7709797751988435,302
detailed,CM,9,distance,145.59924288753234,41.834628068050755,302
detailed,CM,9,jerk,3.2687407359345855,1.6853442104516185,302
detailed,CM,10,speed,1.8979901967970818,0.6277667813145366,302
detailed,CM,10,acceleration,1.5820829816754405,0.5674849853281971,302
detailed,CM,10,distance,134.78865808348905,36.82411389574216,302
detailed,CM,10,jerk,2.9036852325641673,1.1494460408419114,302
detailed,CM,11,speed,1.9961956959338445,0.6737640383010971,302
detailed,CM,11,acceleration,1.661599080505138,0.6230588196804538,302
detailed,CM,11,distance,140.69842197879677,35.61204634844867,302
detailed,CM,11,jerk,3.065075909183662,1.2663994662349927,302
detailed,CM,12,speed,2.0001409247448088,0.6743528668935118,302
detailed,CM,12,acceleration,1.7417085190680859,0.6949013179293682,302
detailed,CM,12,distance,139.89633085273329,37.69471313167575,302
detailed,CM,12,jerk,3.1946063903301822,1.4251652844932907,302
detailed,CM,13,speed,2.028961719527001,0.6562605176299972,302
detailed,CM,13,acceleration,1.6949535069978456,0.6429248676246222,302
detailed,CM,13,distance,140.69289442227543,35.767533373622356,302
detailed,CM,13,jerk,3.1048718359778853,1.289767783985983,302
detailed,CM,14,speed,2.1150236292400675,0.5906150615101337,302
detailed,CM,14,acceleration,1.6719319265617827,0.5066488670261606,302
detailed,CM,14,distance,142.13545989009822,32.54142919214215,302
detailed,CM,14,jerk,3.000374829079378,1.0525510389699244,302
detailed,CM,15,speed,1.9697737559630513,0.50124261012393,302
detailed,CM,15,acceleration,1.5713485277787402,0.44848247511720096,302
detailed,CM,15,distance,134.44337832686892,28.32534383138465,302
detailed,CM,15,jerk,2.8602569308127723,0.9220270143225677,302
detailed,CM,16,speed,1.970576144499901,0.6270306997126671,302
detailed,CM,16,acceleration,1.642747867443545,0.5872382553069014,302
detailed,CM,16,distance,137.1314993087715,33.14822464531019,302
detailed,CM,16,jerk,3.0093371044518733,1.2011832343478215,302
detailed,CM,17,speed,1.8707291487259665,0.6509927584599474,302
detailed,CM,17,acceleration,1.5693687231903652,0.6115422084447926,302
detailed,CM,17,distance,131.87723622761038,34.40879707381967,302
detailed,CM,17,jerk,2.8663476309906706,1.2322714499839778,302
detailed,CM,18,speed,1.9591783170933659,0.7355702340933619,302
detailed,CM,18,acceleration,1.6458332052751414,0.6297436891863254,302
detailed,CM,18,distance,135.34812322682535,38.784932559894045,302
detailed,CM,18,jerk,2.992440882616903,1.2477716576612479,302
detailed,CM,19,speed,2.032299232584231,0.5795669444963354,302
detailed,CM,19,acceleration,1.6776185100859078,0.7429407913890346,302
detailed,CM,19,distance,137.02613378355483,37.065751778214484,302
detailed,CM,19,jerk,3.049244782379082,1.5824654264969487,302
detailed,CM,20,speed,2.0107131606469557,0.6851351138226023,302
detailed,CM,20,acceleration,1.6853899930717726,0.667098863836482,302
detailed,CM,20,distance,137.7032093509342,38.784708851863115,302
detailed,CM,20,jerk,3.0787094024654147,1.3309428107583232,302
detailed,CM,21,speed,2.001404472082642,0.6092113248923157,302
detailed,CM,21,acceleration,1.6647239144930654,0.6467379374768615,302
detailed,CM,21,distance,139.6985233627056,34.30528614221485,302
detailed,CM,21,jerk,3.048320162041874,1.3327970103501603,302
detailed,CM,22,speed,2.0033480879826504,0.6005155817416995,302
detailed,CM,22,acceleration,1.635369188493791,0.5360720948631785,302
detailed,CM,22,distance,139.22526912087253,32.64863911948395,302
detailed,CM,22,jerk,2.9955156269840533,1.1100995128149813,302
detailed,CM,23,speed,2.0339794543477865,0.5408529496042137,302
detailed,CM,23,acceleration,1.63215150212314,0.5153712380877159,302
detailed,CM,23,distance,138.81734699555898,31.084259319039063,302
detailed,CM,23,jerk,2.952501795985455,1.051847515475248,302
detailed,CM,24,speed,1.9563000662927716,0.587586135561286,302
detailed,CM,24,acceleration,1.6430774844003737,0.6025661407404548,302
detailed,CM,24,distance,138.53814044120386,35.07201161750333,302
detailed,CM,24,jerk,3.031846209019466,1.2846975215514718,302
detailed,CM,25,speed,1.8731183107165916,0.5470143226530586,302
detailed,CM,25,acceleration,1.5776076074362806,0.5052741045930436,302
detailed,CM,25,distance,133.12773186443104,33.32098266170879,302
detailed,CM,25,jerk,2.9094664760382942,1.0706196865083673,302
detailed,CM,26,speed,2.045954422338841,0.5605705741592812,302
detailed,CM,26,acceleration,1.7045559275679092,0.5865090968315806,302
detailed,CM,26,distance,142.2031306304807,33.39950885702424,302
detailed,CM,26,jerk,3.135718566138776,1.2473334524304993,302
detailed,CM,27,speed,1.9433025450156405,0.5719883237338679,302
detailed,CM,27,acceleration,1.6207497083628621,0.64154252073801,302
detailed,CM,27,distance,138.16889407007764,33.30611905946924,302
detailed,CM,27,jerk,2.989661922498778,1.3517782640933569,302
detailed,CM,28,speed,1.8902336822714698,0.601507373815234,302
detailed,CM,28,acceleration,1.6315621879591085,0.5866570986843276,302
detailed,CM,28,distance,135.0327802618819,31.719051724401915,302
detailed,CM,28,jerk,3.013951794731187,1.2021083076208534,302
detailed,CM,29,speed,1.920243142293383,0.582543163816278,302
detailed,CM,29,acceleration,1.6753860845269821,0.6322968577846029,302
detailed,CM,29,distance,136.67639110743042,35.43184399599452,302
detailed,CM,29,jerk,3.102574906278045,1.3417095988807464,302
detailed,CM,30,speed,1.9785171994876696,0.6128892274056461,302
detailed,CM,30,acceleration,1.6275397612635314,0.5389958844227041,302
detailed,CM,30,distance,135.3933120306488,36.16369001796636,302
detailed,CM,30,jerk,2.9526123682857754,1.0917932743623162,302
detailed,CM,31,speed,1.95439854370469,0.6045297287765354,302
detailed,CM,31,acceleration,1.5837178542709738,0.5721926516409586,302
detailed,CM,31,distance,133.153179619299,34.11952592997805,302
detailed,CM,31,jerk,2.8728650258398787,1.1223389878515748,302
detailed,CM,32,speed,1.9815175648398562,0.6355052438225726,302
detailed,CM,32,acceleration,1.6392188046059255,0.5926898818144395,302
detailed,CM,32,distance,139.90837233891227,34.997137833688214,302
detailed,CM,32,jerk,3.0339345594114366,1.2343549017929625,302
detailed,CM,33,speed,1.882648587889178,0.6275704321340952,302
detailed,CM,33,acceleration,1.6267100505126,0.5946970330627195,302
detailed,CM,33,distance,134.13125198523846,34.144637613831236,302
detailed,CM,33,jerk,3.015833625072811,1.219834486118822,302
detailed,CM,34,speed,1.9469875389673468,0.660574398702069,302
detailed,CM,34,acceleration,1.6030804921233854,0.5220206154228515,302
detailed,CM,34,distance,137.48840895779992,33.57639881427612,302
detailed,CM,34,jerk,2.942156947543836,1.0733192209169853,302
detailed,CM,35,speed,1.8821940310850658,0.6044928152639882,302
detailed,CM,35,acceleration,1.5988340167507733,0.5801042690994156,302
detailed,CM,35,distance,134.8938197332639,35.28386839016813,302
detailed,CM,35,jerk,2.9879028209241567,1.2019828810428144,302
detailed,CM,36,speed,1.9471916459759937,0.622681021532233,302
detailed,CM,36,acceleration,1.6812965588161017,0.646682736756974,302
detailed,CM,36,distance,140.52231326109086,38.86839550508447,302
detailed,CM,36,jerk,3.1322904086485304,1.3271500159021254,302
detailed,CM,37,speed,1.8650115284312978,0.6785471564213461,302
detailed,CM,37,acceleration,1.6118556002931899,0.617743865228083,302
detailed,CM,37,distance,133.78216309084394,38.69245065184785,302
detailed,CM,37,jerk,2.9963124097470497,1.2554141851772618,302
detailed,CM,38,speed,1.9818298035447761,0.5462350683475645,302
detailed,CM,38,acceleration,1.6279589785147444,0.6004493769377108,302
detailed,CM,38,distance,136.29629006648295,31.654422536030413,302
detailed,CM,38,jerk,2.9790194714276317,1.255478837393854,302
detailed,CM,39,speed,1.927072215876891,0.62775918894759,302
detailed,CM,39,acceleration,1.6353905345931452,0.5726119329981477,302
detailed,CM,39,distance,136.28134303915854,35.17981799489475,302
detailed,CM,39,jerk,3.025375068326996,1.2217458420955698,302
detailed,CM,40,speed,1.9801505528484036,0.6182587018230205,302
detailed,CM,40,acceleration,1.6671789742946177,0.6938934347701866,302
detailed,CM,40,distance,138.79424425324254,34.47109096960769,302
detailed,CM,40,jerk,3.088255236501635,1.446108347920893,302
detailed,CM,41,speed,1.9030950910237083,0.6207703640627863,302
detailed,CM,41,acceleration,1.6233858575669438,0.6597142729484179,302
detailed,CM,41,distance,135.81512924161882,36.3773030543303,302
detailed,CM,41,jerk,3.00304320668584,1.3458514096979255,302
detailed,CM,42,speed,1.838445851479747,0.6096196888115566,302
detailed,CM,42,acceleration,1.5370277174227662,0.5850558629532827,302
detailed,CM,42,distance,132.15108381084056,38.61213239204624,302
detailed,CM,42,jerk,2.813964292594469,1.2181919351449126,302
detailed,CM,43,speed,1.7890625799558928,0.6881910501330739,302
detailed,CM,43,acceleration,1.502037351371514,0.47615150871247836,302
detailed,CM,43,distance,128.91361736872102,33.90657345140821,302
detailed,CM,43,jerk,2.7828877099681044,0.9307721003789247,302
detailed,CM,44,speed,1.870029194898497,0.647393229897965,302
detailed,CM,44,acceleration,1.6198882251612945,0.6513966678028825,302
detailed,CM,44,distance,134.20358999076518,37.71729432240243,302
detailed,CM,44,jerk,3.0295212848184563,1.3357287622835912,302
detailed,CM,45,speed,1.913854009334193,0.6431427324783299,302
detailed,CM,45,acceleration,1.6817302941576977,0.765766472925386,302
detailed,CM,45,distance,136.46415647843625,37.887076100913085,302
detailed,CM,45,jerk,3.165359158427409,1.6291478799429242,302
detailed,CM,46,speed,2.2000944049823206,0.4407547369078076,293
detailed,CM,46,acceleration,1.7035169164889779,0.4674533479215155,293
detailed,CM,46,distance,143.9872223876595,26.83422895692542,293
detailed,CM,46,jerk,2.9524047658238355,0.9966785397938831,293
detailed,CM,47,speed,1.9951882354646837,0.6030769550224959,293
detailed,CM,47,acceleration,1.6744421690657052,0.6007857000418385,293
detailed,CM,47,distance,139.48109383568737,36.614787138768556,293
detailed,CM,47,jerk,3.0950900504878534,1.259067350602682,293
detailed,CM,48,speed,2.067703967921475,0.550552592783147,293
detailed,CM,48,acceleration,1.7420498432601461,0.5910743731372807,293
detailed,CM,48,distance,142.73147083746375,34.5670065205758,293
detailed,CM,48,jerk,3.2001999753101056,1.228414855521608,293
detailed,CM,49,speed,1.8846281791319117,0.6676718437550543,293
detailed,CM,49,acceleration,1.6247130224680346,0.7078206122112545,293
detailed,CM,49,distance,138.20603082921505,41.538733813129426,293
detailed,CM,49,jerk,3.0740508051379787,1.5160106174934302,293
detailed,CM,50,speed,1.917521985661762,0.650828327310384,293
detailed,CM,50,acceleration,1.6449732456016297,0.5821038835231195,293
detailed,CM,50,distance,135.19657345899924,34.903241209186085,293
detailed,CM,50,jerk,3.0478777627087594,1.20019061862282,293
detailed,CM,51,speed,2.069069533042247,0.611209079864934,292
detailed,CM,51,acceleration,1.715588590213412,0.6084705621694517,292
detailed,CM,51,distance,144.3903550953162,39.695537116443035,292
detailed,CM,51,jerk,3.170383948646303,1.2541968159442407,292
detailed,CM,52,speed,1.92176957349996,0.6297928577176037,291
detailed,CM,52,acceleration,1.6022388064123894,0.5191575941709532,291
detailed,CM,52,distance,135.9602444451867,32.44401527482995,291
detailed,CM,52,jerk,2.960368568223601,1.0506362056697267,291
detailed,CM,53,speed,1.8946789444772931,0.6664850422843226,291
detailed,CM,53,acceleration,1.6359038234538563,0.6715986575880677,291
detailed,CM,53,distance,136.5786880716273,36.843071550129984,291
detailed,CM,53,jerk,3.0628275034571377,1.4564464912338615,291
detailed,CM,54,speed,1.8857380084834343,0.7130540484117455,291
detailed,CM,54,acceleration,1.598643204357878,0.6178957040311641,291
detailed,CM,54,distance,134.71748906541725,36.560532502701264,291
detailed,CM,54,jerk,2.9835918155873973,1.215616954634635,291
detailed,CM,55,speed,1.8904289595643249,0.6623912959151946,288
detailed,CM,55,acceleration,1.602712299917898,0.533798047839892,288
detailed,CM,55,distance,134.6122574945256,35.388357935098966,288
detailed,CM,55,jerk,2.9666812643848415,1.0462520123542063,288
detailed,CM,56,speed,1.929485720660298,0.7071451183698352,287
detailed,CM,56,acceleration,1.5673667685322537,0.5806553536632831,287
detailed,CM,56,distance,137.94722448078497,35.642988297138345,287
detailed,CM,56,jerk,2.8969366134089483,1.1425978104538257,287
detailed,CM,57,speed,1.7507086875655784,0.6081289902140466,284
detailed,CM,57,acceleration,1.5074290552969518,0.5558275877060813,284
detailed,CM,57,distance,127.90849157824475,32.46384462081104,284
detailed,CM,57,jerk,2.8133739347086957,1.09302174414129,284
detailed,CM,58,speed,1.8278537665482744,0.6826735875379023,282
detailed,CM,58,acceleration,1.613177719412884,0.6889791717162127,282
detailed,CM,58,distance,135.3014412853889,41.80821232124716,282
detailed,CM,58,jerk,3.0536685145501035,1.398346242210413,282
detailed,CM,59,speed,1.965034629669316,0.7304996229512501,282
detailed,CM,59,acceleration,1.6000067336666015,0.5007139446982647,282
detailed,CM,59,distance,137.40352539629876,39.201796647155106,282
detailed,CM,59,jerk,2.9147389314697882,0.9515414468282682,282
detailed,CM,60,speed,1.969839092201562,0.5932096669995228,284
detailed,CM,60,acceleration,1.7051055536902093,0.6134985833946913,284
detailed,CM,60,distance,140.24444241028803,36.94472976883042,284
detailed,CM,60,jerk,3.1761513479651153,1.2869032493141856,284
detailed,CM,61,speed,1.8566994786412376,0.5217328383929195,285
detailed,CM,61,acceleration,1.6192001819829647,0.48278126302324365,285
detailed,CM,61,distance,135.11255131974877,38.70590051630132,285
detailed,CM,61,jerk,3.018805594507777,1.0266562437684181,284
detailed,CM,62,speed,1.905968061310645,0.6146636296093863,284
detailed,CM,62,acceleration,1.6235149358541077,0.6871674540792654,284
detailed,CM,62,distance,135.88745150087513,37.77425007956174,284
detailed,CM,62,jerk,3.0211604332736335,1.4444363322535545,284
detailed,CM,63,speed,1.8275924869952158,0.6225740679452786,282
detailed,CM,63,acceleration,1.576296839161674,0.638212876159363,282
detailed,CM,63,distance,134.6025483345735,42.33186054207139,282
detailed,CM,63,jerk,2.969589049608057,1.3104388065906833,282
detailed,CM,64,speed,1.672362845393455,0.6696690426836208,281
detailed,CM,64,acceleration,1.3792437088697407,0.5399897057409732,281
detailed,CM,64,distance,124.08968824589866,34.53841627356893,281
detailed,CM,64,jerk,2.580921338874153,1.0695773732055807,281
detailed,CM,65,speed,1.6500118284822498,0.6516873783286313,279
detailed,CM,65,acceleration,1.4515660400326644,0.6172858303455926,279
detailed,CM,65,distance,122.56105924132528,36.05575145919841,279
detailed,CM,65,jerk,2.740825500776845,1.2274350364959246,278
detailed,CM,66,speed,1.8978050760072622,0.6239690073307744,274
detailed,CM,66,acceleration,1.56225028267203,0.5838202975393157,274
detailed,CM,66,distance,136.3818500658584,35.93679053126923,274
detailed,CM,66,jerk,2.8730713157600576,1.1765304643771837,274
detailed,CM,67,speed,1.8676017742914437,0.6710969654622682,274
detailed,CM,67,acceleration,1.5652205939528472,0.6056868051646032,274
detailed,CM,67,distance,132.98850915206145,37.99424950604308,274
detailed,CM,67,jerk,2.885987096839194,1.2516675446528436,274
detailed,CM,68,speed,1.7221565318252894,0.6621940315104438,268
detailed,CM,68,acceleration,1.4985776153575958,0.6216601351898862,268
detailed,CM,68,distance,128.40161208447648,36.652301294763305,268
detailed,CM,68,jerk,2.833693624503167,1.2425175418866536,268
detailed,CM,69,speed,1.7956472955031648,0.6078242424890661,268
detailed,CM,69,acceleration,1.5541300824753157,0.6180087498151229,268
detailed,CM,69,distance,132.18813124227742,36.39604630901634,268
detailed,CM,69,jerk,2.910431324514046,1.243093266828196,268
detailed,CM,70,speed,2.0171031756568154,0.5705895969735509,270
detailed,CM,70,acceleration,1.6700777365221602,0.5637916273699461,270
detailed,CM,70,distance,141.3020747391231,34.158963643027356,270
detailed,CM,70,jerk,3.083207743576817,1.2146864576103935,270
detailed,CM,71,speed,1.7344390945790906,0.7385242192168956,269
detailed,CM,71,acceleration,1.5302303896404255,0.5900666261821552,269
detailed,CM,71,distance,131.52763596891728,39.2777278403972,269
detailed,CM,71,jerk,2.898545072195886,1.1272149901336803,269
detailed,CM,72,speed,1.806787699507433,0.6552523747227865,267
detailed,CM,72,acceleration,1.5244396970470984,0.5746646080365314,267
detailed,CM,72,distance,139.53953394820317,43.37988359767727,267
detailed,CM,72,jerk,2.8774481323931584,1.1844083885151089,267
detailed,CM,73,speed,1.8759369430419186,0.6635149522393279,265
detailed,CM,73,acceleration,1.6780175580870342,0.6225757312106551,265
detailed,CM,73,distance,139.81965709219918,40.676545044209085,265
detailed,CM,73,jerk,3.197974946935689,1.3285605973460655,265
detailed,CM,74,speed,1.7416097488443858,0.6542816076030453,262
detailed,CM,74,acceleration,1.5411400389472878,0.6073936600262375,262
detailed,CM,74,distance,132.7455033377763,39.765374298093654,262
detailed,CM,74,jerk,2.9317134235772397,1.2589554184004117,262
detailed,CM,75,speed,1.9045778846448767,0.6114742513245761,262
detailed,CM,75,acceleration,1.6319322515676131,0.6691486500214997,262
detailed,CM,75,distance,138.3037769159331,36.487048638616336,262
detailed,CM,75,jerk,3.048643877917993,1.3660285190899315,262
detailed,CM,76,speed,1.819187528297491,0.594488459523927,263
detailed,CM,76,acceleration,1.5101924923083303,0.5365740864751932,263
detailed,CM,76,distance,135.15313571514318,38.463198094967254,263
detailed,CM,76,jerk,2.822933931417079,1.1171081558549292,263
detailed,CM,77,speed,1.8678251269672037,0.5699853836846277,261
detailed,CM,77,acceleration,1.632762561478931,0.6257224615469401,261
detailed,CM,77,distance,138.1236567550626,37.931661272291834,261
detailed,CM,77,jerk,3.0409252566566662,1.3113822608072245,261
detailed,CM,78,speed,1.7553775746519629,0.637261530648965,258
detailed,CM,78,acceleration,1.5181719089909327,0.5486295832251519,258
detailed,CM,78,distance,131.61818164759913,35.730110969902256,258
detailed,CM,78,jerk,2.8508939271239933,1.1323252857787536,258
detailed,CM,79,speed,1.7996030472510227,0.5809895769101043,255
detailed,CM,79,acceleration,1.5482610535047296,0.5428531344820141,255
detailed,CM,79,distance,134.2662931220012,36.274390223114615,255
detailed,CM,79,jerk,2.8964077448880703,1.1590636618570498,255
detailed,CM,80,speed,1.8645755856332322,0.6668359537979833,253
detailed,CM,80,acceleration,1.6232876256260569,0.6247268362537285,253
detailed,CM,80,distance,137.459511194281,40.559960868466064,253
detailed,CM,80,jerk,3.0475964811768117,1.3110299938950025,253
detailed,CM,81,speed,1.7678785059286128,0.6176648541531825,249
detailed,CM,81,acceleration,1.494319825878331,0.4323809300821352,249
detailed,CM,81,distance,131.97085909535988,34.11495473474296,249
detailed,CM,81,jerk,2.79790623001231,0.8620176392495724,249
detailed,CM,82,speed,1.6532230000919823,0.6878205980722644,245
detailed,CM,82,acceleration,1.6213720264206002,0.8119459040869637,245
detailed,CM,82,distance,134.07080804797744,50.65729871725353,245
detailed,CM,82,jerk,3.1708511586853447,1.7759407033449606,245
detailed,CM,83,speed,1.7712875987465235,0.58542303727169,245
detailed,CM,83,acceleration,1.562537881208972,0.5563880450882901,245
detailed,CM,83,distance,133.2873725477732,35.36184686503179,245
detailed,CM,83,jerk,2.965109660807432,1.173197111319401,245
detailed,CM,84,speed,1.7691624116596942,0.6057890608970796,243
detailed,CM,84,acceleration,1.5577465755505733,0.5652440717029203,243
detailed,CM,84,distance,135.2134736750255,42.81089958569189,243
detailed,CM,84,jerk,2.951617997440298,1.142650981056807,243
detailed,CM,85,speed,1.8416370880788129,0.551936702385363,241
detailed,CM,85,acceleration,1.5286413206676281,0.5892050955004885,241
detailed,CM,85,distance,130.8053122209804,33.416111961768415,242
detailed,CM,85,jerk,2.8438875008592963,1.2465516151975375,241
detailed,CM,86,speed,2.0038519907799115,0.5248495331939045,240
detailed,CM,86,acceleration,1.6074339889449396,0.6169732039857319,240
detailed,CM,86,distance,138.88539303463978,31.961258377384254,240
detailed,CM,86,jerk,2.949883509337622,1.242351889813213,240
detailed,CM,87,speed,1.8882769718122054,0.5717456884160839,237
detailed,CM,87,acceleration,1.528868290027083,0.6362306940978941,237
detailed,CM,87,distance,136.02284690133064,33.449154776372524,237
detailed,CM,87,jerk,2.818451519977993,1.3228994128688074,237
detailed,CM,88,speed,1.8841649935862916,0.6269523544806151,233
detailed,CM,88,acceleration,1.5825241992517052,0.5315641980007484,233
detailed,CM,88,distance,137.71192124090436,39.574631889173055,234
detailed,CM,88,jerk,2.9558348512612866,1.0769857287579552,233
detailed,CM,89,speed,1.9010434158511238,0.6322457833409215,236
detailed,CM,89,acceleration,1.602130164656783,0.5118746322742856,236
detailed,CM,89,distance,140.6796314038266,38.422815867654634,236
detailed,CM,89,jerk,3.0115934301757368,1.0790224665833783,236
detailed,CM,90,speed,1.7534322562685452,0.6677973644755395,235
detailed,CM,90,acceleration,1.4737929282514763,0.6410824230807511,235
detailed,CM,90,distance,132.31154261280358,43.51448166276233,235
detailed,CM,90,jerk,2.7907679559519485,1.327211416747842,235
detailed,RWB,1,speed,2.2712813669124334,0.49826836439426064,32
detailed,RWB,1,acceleration,2.0964514570166837,0.9121590959893598,32
detailed,RWB,1,distance,154.10034528292852,37.70067040481401,32
detailed,RWB,1,jerk,3.8024193559172894,2.007695830244302,32
detailed,RWB,2,speed,2.178794776436852,0.5432073508082381,32
detailed,RWB,2,acceleration,2.22329776971677,1.2964264345748278,32
detailed,RWB,2,distance,157.32449100182146,47.450137269443026,32
detailed,RWB,2,jerk,4.173435153114272,2.7699441562420963,32
detailed,RWB,3,speed,1.8760590279962839,0.5047798607900115,32
detailed,RWB,3,acceleration,1.9002508824541566,0.6920087875494265,32
detailed,RWB,3,distance,139.5781059665726,35.79759537008762,32
detailed,RWB,3,jerk,3.7063676117546733,1.5292399403313701,32
detailed,RWB,4,speed,1.87900791667537,0.5978485307675263,32
detailed,RWB,4,acceleration,1.8394265110598187,0.7408269161752256,32
detailed,RWB,4,distance,140.56371325963147,34.947196290668685,32
detailed,RWB,4,jerk,3.5130720787524155,1.548838445192582,32
detailed,RWB,5,speed,2.0012102009923907,0.5561137370670448,32
detailed,RWB,5,acceleration,1.8588944139985304,0.65041562711179,32
detailed,RWB,5,distance,142.9513456892003,32.73566267956104,32
detailed,RWB,5,jerk,3.5212658219574813,1.3677749609791938,32
detailed,RWB,6,speed,1.8845794641921523,0.6216445388785192,32
detailed,RWB,6,acceleration,1.9491541245531157,0.8758088481993956,32
detailed,RWB,6,distance,144.2811527283701,30.427270719554233,32
detailed,RWB,6,jerk,3.805826672720713,1.9133573132442439,32
detailed,RWB,7,speed,1.9028165693899612,0.5072891440336461,32
detailed,RWB,7,acceleration,1.9874785050242687,1.4365663263511157,32
detailed,RWB,7,distance,140.69659459242953,51.03683775501002,32
detailed,RWB,7,jerk,3.796274311740947,3.154789443520703,32
detailed,RWB,8,speed,1.972127370911444,0.4115799354848901,32
detailed,RWB,8,acceleration,1.9660310217436574,0.8089227462505486,32
detailed,RWB,8,distance,149.70229181056385,38.057688850713106,32
detailed,RWB,8,jerk,3.757511956729535,1.7799014938885238,32
detailed,RWB,9,speed,1.8354396818868226,0.6570000911427288,32
detailed,RWB,9,acceleration,1.8399405288533406,0.5813243910148379,32
detailed,RWB,9,distance,143.79465292984528,24.153106898621974,32
detailed,RWB,9,jerk,3.570833700222545,1.324525620187327,32
detailed,RWB,10,speed,1.863698061458472,0.6084716385034986,32
detailed,RWB,10,acceleration,1.8653380755600164,0.7869743346110203,32
detailed,RWB,10,distance,139.28794252912323,39.1399445724483,32
detailed,RWB,10,jerk,3.6197592980455466,1.7281092805694462,32
detailed,RWB,11,speed,1.88297477135302,0.6208823376062304,32
detailed,RWB,11,acceleration,1.860856508811645,1.0751418629746443,32
detailed,RWB,11,distance,144.3513612113296,44.259981891917455,32
detailed,RWB,11,jerk,3.6234498998166105,2.3802515264869974,32
detailed,RWB,12,speed,1.8130598995673808,0.6425552670563629,32
detailed,RWB,12,acceleration,1.7714728238381268,0.7268155168439058,32
detailed,RWB,12,distance,137.51296364322567,41.60303495352627,32
detailed,RWB,12,jerk,3.363995137471737,1.5312368807838823,32
detailed,RWB,13,speed,1.9462914097020279,0.7425718222370417,32
detailed,RWB,13,acceleration,2.0399923114444447,1.1274599399531124,32
detailed,RWB,13,distance,149.11860496047433,46.85855119504136,32
detailed,RWB,13,jerk,3.9094203141736514,2.2691857950725827,32
detailed,RWB,14,speed,1.8536362776379578,0.6233813286189068,32
detailed,RWB,14,acceleration,1.9012936670093932,1.4180207864139887,32
detailed,RWB,14,distance,141.35505817028422,46.98043113760882,32
detailed,RWB,14,jerk,3.65886504592222,3.1539730060583984,32
detailed,RWB,15,speed,1.8575524004866575,0.4730182962834864,32
detailed,RWB,15,acceleration,1.8586972026352118,0.8286960642102735,32
detailed,RWB,15,distance,140.7024199905716,37.31446585054345,32
detailed,RWB,15,jerk,3.5524827484042856,1.6851210369193341,32
detailed,RWB,16,speed,1.82256537966877,0.4362534593143602,32
detailed,RWB,16,acceleration,1.7634469489702644,0.587493067109759,32
detailed,RWB,16,distance,135.0610554453183,33.841773346653056,32
detailed,RWB,16,jerk,3.3692909603961403,1.2779838976011049,32
detailed,RWB,17,speed,1.9063586940374524,0.5974786812455388,32
detailed,RWB,17,acceleration,1.9275209202517989,0.9092208617871412,32
detailed,RWB,17,distance,144.38940456391032,44.69201806916239,32
detailed,RWB,17,jerk,3.7050372115976633,1.924803302154098,32
detailed,RWB,18,speed,1.6838523542422794,0.6375033590945028,32
detailed,RWB,18,acceleration,1.7091507085929902,0.9412794319769164,32
detailed,RWB,18,distance,131.43335193961963,41.39103140132483,32
detailed,RWB,18,jerk,3.307454578174637,2.012879616947316,32
detailed,RWB,19,speed,1.7498474885168596,0.6024757141764202,32
detailed,RWB,19,acceleration,1.7173462290711154,0.6515227211717788,32
detailed,RWB,19,distance,130.25442443818199,35.02996743143976,32
detailed,RWB,19,jerk,3.3032820723374763,1.3649634063467868,32
detailed,RWB,20,speed,1.9284031815725748,0.5313760124993632,32
detailed,RWB,20,acceleration,1.8243628430904815,0.628401560758987,32
detailed,RWB,20,distance,138.44946412270053,31.82319547722007,32
detailed,RWB,20,jerk,3.529324586808767,1.3241559064790462,32
detailed,RWB,21,speed,1.876332001457458,0.579804875022855,32
detailed,RWB,21,acceleration,1.8788385108066488,1.0562198722257365,32
detailed,RWB,21,distance,139.94952579318826,42.33783112428371,32
detailed,RWB,21,jerk,3.5433400396324797,2.1057770694744864,32
detailed,RWB,22,speed,1.836650857083315,0.693745609967361,32
detailed,RWB,22,acceleration,2.008982207949701,1.8351071983986451,32
detailed,RWB,22,distance,140.04192972585219,63.27743734813988,32
detailed,RWB,22,jerk,3.9655136893308254,3.993754163105651,32
detailed,RWB,23,speed,1.9473101425046115,0.5176612473973309,32
detailed,RWB,23,acceleration,1.7081207921888528,0.4545174362318783,32
detailed,RWB,23,distance,135.31875593397857,26.59879781908502,32
detailed,RWB,23,jerk,3.1525961394028355,0.9778402507669158,32
detailed,RWB,24,speed,1.8362377234664886,0.6712373259132787,32
detailed,RWB,24,acceleration,1.8217285146979458,1.057123929654475,32
detailed,RWB,24,distance,140.05040928653972,46.204407930250355,32
detailed,RWB,24,jerk,3.4558344524236646,2.1399783513847184,32
detailed,RWB,25,speed,1.7808940727149134,0.4964633770165312,32
detailed,RWB,25,acceleration,1.6911963817766344,0.5548146726021219,32
detailed,RWB,25,distance,128.65408240525494,27.44680006991556,32
detailed,RWB,25,jerk,3.193458712659332,1.0970530338684175,32
detailed,RWB,26,speed,2.057072172886932,0.5936967014370187,32
detailed,RWB,26,acceleration,2.1120748642172735,1.0030723822785008,32
detailed,RWB,26,distance,155.13154055312816,56.80933680259308,32
detailed,RWB,26,jerk,4.097239022261451,2.072076475878704,32
detailed,RWB,27,speed,1.8493935403939856,0.5167111593145737,32
detailed,RWB,27,acceleration,1.7194362809470907,0.5426146315582624,32
detailed,RWB,27,distance,141.4718036793876,35.81455975775465,32
detailed,RWB,27,jerk,3.2762451771420245,1.1599973674238009,32
detailed,RWB,28,speed,1.7810330221601258,0.6571083453618906,32
detailed,RWB,28,acceleration,1.7464047825371116,0.7578054421990993,32
detailed,RWB,28,distance,138.4327663964989,39.40403901850889,32
detailed,RWB,28,jerk,3.3491358075996964,1.5479739418193001,32
detailed,RWB,29,speed,2.1430092316626235,0.6385996573504112,32
detailed,RWB,29,acceleration,2.3933543074995325,1.63218048719621,32
detailed,RWB,29,distance,165.72345944405672,67.26712558232519,32
detailed,RWB,29,jerk,4.683958337324336,3.5593336631078567,32
detailed,RWB,30,speed,1.8461435261643502,0.5866024984673445,32
detailed,RWB,30,acceleration,1.7860653101630535,0.686071087119987,32
detailed,RWB,30,distance,131.62872622853624,36.42955897153173,32
detailed,RWB,30,jerk,3.411177782265894,1.535656051947171,32
detailed,RWB,31,speed,1.791097104961443,0.5045370901626566,32
detailed,RWB,31,acceleration,1.8436901229460443,1.303323050153463,32
detailed,RWB,31,distance,138.0715160780453,41.824200395589024,32
detailed,RWB,31,jerk,3.5442644306363986,2.7460171165122813,32
detailed,RWB,32,speed,2.0301949754093074,0.7605367389944913,32
detailed,RWB,32,acceleration,1.8918924720191108,0.9076095203276964,32
detailed,RWB,32,distance,154.91254326699837,57.63880444558926,32
detailed,RWB,32,jerk,3.6818399753534496,1.9553312614804683,32
detailed,RWB,33,speed,1.755131965442264,0.6697001339017182,32
detailed,RWB,33,acceleration,1.618532070084716,0.6330267144729224,32
detailed,RWB,33,distance,129.24679821654468,39.29043862608894,32
detailed,RWB,33,jerk,3.0856833671966353,1.2908526369449778,32
detailed,RWB,34,speed,1.8450273713890015,0.5460488164439183,32
detailed,RWB,34,acceleration,2.0354331660890512,1.6710718727239178,32
detailed,RWB,34,distance,143.5817585168553,56.83948990500519,32
detailed,RWB,34,jerk,3.950096705068459,3.580586576280879,32
detailed,RWB,35,speed,1.9409024454159913,0.5198765150482754,32
detailed,RWB,35,acceleration,1.9360702486836256,0.8406026063246236,32
detailed,RWB,35,distance,147.34654538247935,40.60795024469206,32
detailed,RWB,35,jerk,3.755009201632741,1.8299396205837037,32
detailed,RWB,36,speed,1.9843475585011305,0.6216349421651165,32
detailed,RWB,36,acceleration,2.3058529467907203,1.5705727229857456,32
detailed,RWB,36,distance,157.85110136311255,49.633340914663684,32
detailed,RWB,36,jerk,4.551697143497019,3.4650781656180585,32
detailed,RWB,37,speed,1.9776568148369886,0.6625098386736213,32
detailed,RWB,37,acceleration,1.9368580347073583,0.8510778547463435,32
detailed,RWB,37,distance,144.59474068488913,40.74300405291062,32
detailed,RWB,37,jerk,3.697174337633812,1.783403501002882,32
detailed,RWB,38,speed,1.7686155848706813,0.5035499643362833,32
detailed,RWB,38,acceleration,1.6435898761120962,0.6998597032083692,32
detailed,RWB,38,distance,126.16485594322155,31.07323369700044,32
detailed,RWB,38,jerk,3.1427360731114775,1.541562123980183,32
detailed,RWB,39,speed,1.737254013252774,0.5241718978503932,32
detailed,RWB,39,acceleration,1.962558301437804,1.7071512786136056,32
detailed,RWB,39,distance,137.18632146981378,53.107557821426965,32
detailed,RWB,39,jerk,3.8345104181936094,3.728879001714656,32
detailed,RWB,40,speed,2.052967574292743,0.6216863110242659,32
detailed,RWB,40,acceleration,1.8913484675374725,0.8350777092892274,32
detailed,RWB,40,distance,150.17378172509711,62.04714917621126,32
detailed,RWB,40,jerk,3.6207232038729615,1.7527896465324504,32
detailed,RWB,41,speed,1.8088192594991725,0.5302292827808851,32
detailed,RWB,41,acceleration,1.8603283255649237,0.772844554105548,32
detailed,RWB,41,distance,145.93037372538436,46.81716807694738,32
detailed,RWB,41,jerk,3.6496908926076963,1.683142125751296,32
detailed,RWB,42,speed,1.8592975807448102,0.4843813409774087,32
detailed,RWB,42,acceleration,1.6968671974104328,0.7510814265232743,32
detailed,RWB,42,distance,137.91914895562317,36.47664084649631,32
detailed,RWB,42,jerk,3.2261272641245404,1.6517601690986248,32
detailed,RWB,43,speed,1.615662731800247,0.5313898272569343,32
detailed,RWB,43,acceleration,1.6779573905172926,0.8269273105219743,32
detailed,RWB,43,distance,130.61056461381327,39.532060971625796,32
detailed,RWB,43,jerk,3.2178935557980552,1.6190524022290633,32
detailed,RWB,44,speed,1.7013121497309895,0.5971190192819981,32
detailed,RWB,44,acceleration,1.6971517728655405,0.6567320454532602,32
detailed,RWB,44,distance,143.06983903071676,47.18595826652635,32
detailed,RWB,44,jerk,3.325380130569116,1.3994589879429653,32
detailed,RWB,45,speed,1.7392286756201143,0.5604537055681764,32
detailed,RWB,45,acceleration,1.5763232464721986,0.6499788439411913,32
detailed,RWB,45,distance,132.08286118942357,32.19565157473137,32
detailed,RWB,45,jerk,3.0479666804894503,1.3660061689381253,32
detailed,RWB,46,speed,1.9269413504593453,0.4645781266823708,31
detailed,RWB,46,acceleration,1.7282163437138809,0.47325612341836,31
detailed,RWB,46,distance,134.54568392611964,28.409041068525205,31
detailed,RWB,46,jerk,3.2183929555075252,0.9667320574576541,31
detailed,RWB,47,speed,1.9939962966222058,0.5515080931029399,31
detailed,RWB,47,acceleration,2.026173769016076,1.055597503452714,31
detailed,RWB,47,distance,142.18759068366015,44.60716651755105,31
detailed,RWB,47,jerk,3.8675127974414694,2.302686247642175,31
detailed,RWB,48,speed,2.0120067994932955,0.6215709228251173,31
detailed,RWB,48,acceleration,1.9193767791196727,0.7062450087320775,31
detailed,RWB,48,distance,147.40453182707972,34.98013780661941,31
detailed,RWB,48,jerk,3.653153934713492,1.483115001259893,31
detailed,RWB,49,speed,1.7283011123897518,0.5755683757344323,31
detailed,RWB,49,acceleration,1.7697180708624642,0.7468566696905856,31
detailed,RWB,49,distance,141.31459075741947,36.41752448557013,31
detailed,RWB,49,jerk,3.508703764242631,1.6330223436080382,31
detailed,RWB,50,speed,1.7966707693885795,0.796229598568713,31
detailed,RWB,50,acceleration,1.6899650505599149,0.4296205587735554,31
detailed,RWB,50,distance,149.0000738579511,38.14455352778112,31
detailed,RWB,50,jerk,3.259703435621945,0.8677870006200861,31
detailed,RWB,51,speed,1.8135268178481232,0.5536214852935303,31
detailed,RWB,51,acceleration,1.8313221988303274,0.9250976811672418,31
detailed,RWB,51,distance,147.04728540173986,58.19991054841155,31
detailed,RWB,51,jerk,3.60794621758164,2.1036292892881105,31
detailed,RWB,52,speed,1.798236416559804,0.651367419067185,31
detailed,RWB,52,acceleration,1.6487004317158336,0.5809942558899213,31
detailed,RWB,52,distance,135.83665177947776,33.240850137326,31
detailed,RWB,52,jerk,3.1476789186635847,1.1004270070050777,31
detailed,RWB,53,speed,1.7532792021101384,0.5680121765652423,31
detailed,RWB,53,acceleration,1.6417346666656774,0.5335938773498999,31
detailed,RWB,53,distance,143.46375224110685,35.75308932238212,31
detailed,RWB,53,jerk,3.1859420684856627,1.1104990551326597,31
detailed,RWB,54,speed,1.757529126585801,0.6733126411147582,31
detailed,RWB,54,acceleration,1.6850880815783829,0.6101951827407939,31
detailed,RWB,54,distance,131.828053812998,37.1643157376111,31
detailed,RWB,54,jerk,3.2078131916507604,1.164048038992214,31
detailed,RWB,55,speed,1.7450796962610429,0.5317603785037425,31
detailed,RWB,55,acceleration,1.6455850416955111,0.647563272254393,31
detailed,RWB,55,distance,135.5962387885713,48.285136500920764,31
detailed,RWB,55,jerk,3.1993586935445686,1.350778616385564,31
detailed,RWB,56,speed,1.8128405876079834,0.6959978513526983,31
detailed,RWB,56,acceleration,1.6213486613289405,0.49239311693194016,31
detailed,RWB,56,distance,135.2695941814564,28.9759589194884,31
detailed,RWB,56,jerk,3.1163412452432313,0.9701763478041441,31
detailed,RWB,57,speed,1.8057436376437326,0.5109529482750683,31
detailed,RWB,57,acceleration,1.6840455206150935,0.79097674324757,31
detailed,RWB,57,distance,136.89693868033393,42.338699206812514,31
detailed,RWB,57,jerk,3.261940962289495,1.6577291180866818,31
detailed,RWB,58,speed,1.789569272449889,0.5903125708539823,29
detailed,RWB,58,acceleration,1.7934404701924704,0.893440851328431,29
detailed,RWB,58,distance,139.72172396872864,36.75264241449809,29
detailed,RWB,58,jerk,3.4062317237245847,1.6671115172628532,29
detailed,RWB,59,speed,1.9984164398164703,0.7139331895178314,29
detailed,RWB,59,acceleration,1.7936666649497777,0.4774881598770563,29
detailed,RWB,59,distance,144.39798880683682,36.174708058734424,29
detailed,RWB,59,jerk,3.3961369501677146,1.0013692568405164,29
detailed,RWB,60,speed,1.9561688239842363,0.5323057405659996,29
detailed,RWB,60,acceleration,1.7267840341749783,0.49625454021097737,29
detailed,RWB,60,distance,142.05942663315224,33.78953483702037,29
detailed,RWB,60,jerk,3.3107015194256824,0.9863244715619156,29
detailed,RWB,61,speed,1.7387436378754866,0.4584947572429422,29
detailed,RWB,61,acceleration,1.741325751586566,0.8163981515670014,29
detailed,RWB,61,distance,144.4166370291086,58.973779248430084,29
detailed,RWB,61,jerk,3.390187114655706,1.717318799868433,29
detailed,RWB,62,speed,1.6648061930917826,0.5632822439227216,29
detailed,RWB,62,acceleration,1.559010869838166,0.5345820188199554,29
detailed,RWB,62,distance,132.13477944984976,25.541256047267616,29
detailed,RWB,62,jerk,3.009944972947941,1.089628535534361,29
detailed,RWB,63,speed,1.774391344311839,0.5547915416515484,29
detailed,RWB,63,acceleration,1.650639624771117,0.6542216021098353,29
detailed,RWB,63,distance,134.32876384957527,27.956188337332822,29
detailed,RWB,63,jerk,3.2126035172272855,1.3227895220060033,29
detailed,RWB,64,speed,1.6395248288112747,0.6532943852646239,29
detailed,RWB,64,acceleration,1.523091222131816,0.5790181812358572,29
detailed,RWB,64,distance,131.84635334055608,35.12161959474914,29
detailed,RWB,64,jerk,2.9739033329635025,1.156026347779116,29
detailed,RWB,65,speed,1.5889233321899285,0.4743917125736239,29
detailed,RWB,65,acceleration,1.5401997970204226,0.4475226079027926,29
detailed,RWB,65,distance,123.75566602882921,26.153232316932343,29
detailed,RWB,65,jerk,2.975017593727301,0.8829609288314624,29
detailed,RWB,66,speed,1.6331805666354442,0.6622457892871217,27
detailed,RWB,66,acceleration,1.4209247297979783,0.5152185779769904,27
detailed,RWB,66,distance,121.0431223855103,34.49236419923331,27
detailed,RWB,66,jerk,2.7037951301291203,0.998038749083614,27
detailed,RWB,67,speed,1.652046656152571,0.6202649887034803,27
detailed,RWB,67,acceleration,1.5485057204678583,0.6608791221261787,27
detailed,RWB,67,distance,128.44481340688822,36.15876666743905,27
detailed,RWB,67,jerk,3.0138697026700645,1.4317967302198682,27
detailed,RWB,68,speed,1.7371803938966766,0.6533775498450911,27
detailed,RWB,68,acceleration,1.6089646524470096,0.5595817237060631,27
detailed,RWB,68,distance,143.89013035908837,46.14484673153964,27
detailed,RWB,68,jerk,3.1040512107406446,1.1680292316469503,27
detailed,RWB,69,speed,1.6034473187481761,0.6902639354445828,27
detailed,RWB,69,acceleration,1.4783852337419405,0.5524735406777302,27
detailed,RWB,69,distance,124.05522799449435,39.25499323087774,27
detailed,RWB,69,jerk,2.8846032123165934,1.081196017654547,27
detailed,RWB,70,speed,2.0305273461573696,0.5872908812638655,27
detailed,RWB,70,acceleration,1.9001306247873604,0.7936628113093568,27
detailed,RWB,70,distance,154.32412366146647,36.735045596289375,27
detailed,RWB,70,jerk,3.594587303191796,1.6457511817802282,27
detailed,RWB,71,speed,1.71462731530187,0.6876822635341678,27
detailed,RWB,71,acceleration,1.5015310653381024,0.48129615643220397,27
detailed,RWB,71,distance,130.65273376140988,34.43378474732443,27
detailed,RWB,71,jerk,2.9030886248626278,0.9223643655751247,27
detailed,RWB,72,speed,1.7243270532382085,0.43085428140789184,27
detailed,RWB,72,acceleration,1.6253420602515634,0.443166610013446,27
detailed,RWB,72,distance,137.67076574811304,35.88219375921141,27
detailed,RWB,72,jerk,3.1928612678196098,1.010699403978112,27
detailed,RWB,73,speed,1.7498967176242564,0.7508067688067556,27
detailed,RWB,73,acceleration,1.5861873647868423,0.5885794987731879,27
detailed,RWB,73,distance,139.57892506720367,47.62053263047679,27
detailed,RWB,73,jerk,3.086724399748253,1.2811689758308047,27
detailed,RWB,74,speed,1.6063860247910586,0.56840652400254,25
detailed,RWB,74,acceleration,1.4931963779753366,0.5261256807724679,25
detailed,RWB,74,distance,134.2406031237534,47.55886960206228,25
detailed,RWB,74,jerk,2.923279643746905,0.9866194509258444,25
detailed,RWB,75,speed,1.8883844376071113,0.5513223104950473,25
detailed,RWB,75,acceleration,1.7559204754563091,0.47059533021651323,25
detailed,RWB,75,distance,150.91244600386258,44.922217008232245,25
detailed,RWB,75,jerk,3.3506599781619246,0.9164213160835023,25
detailed,RWB,76,speed,1.7327897766220348,0.48429517133666217,25
detailed,RWB,76,acceleration,1.7629733560169367,0.7086882418397983,25
detailed,RWB,76,distance,145.90918958609865,41.26266049223806,25
detailed,RWB,76,jerk,3.434063199143429,1.6565816178794244,25
detailed,RWB,77,speed,1.8780453809393693,0.5920703209435643,25
detailed,RWB,77,acceleration,1.8157381638948704,0.8550147530205459,25
detailed,RWB,77,distance,138.00841294270424,43.97409055859783,25
detailed,RWB,77,jerk,3.3954635261590713,1.7262173164269576,25
detailed,RWB,78,speed,1.5277805222179746,0.5200929885974689,24
detailed,RWB,78,acceleration,1.468815024515024,0.618968828394924,24
detailed,RWB,78,distance,125.25239337717379,34.632544817754166,24
detailed,RWB,78,jerk,2.899526959035704,1.309667274139903,24
detailed,RWB,79,speed,1.8806919636332773,0.5058096129917043,23
detailed,RWB,79,acceleration,1.7189183719156704,0.6659157440720415,23
detailed,RWB,79,distance,143.61243908025983,42.36535121960983,23
detailed,RWB,79,jerk,3.2923576730162383,1.5148208302647945,23
detailed,RWB,80,speed,1.6067629666497065,0.5915266558323202,23
detailed,RWB,80,acceleration,1.694877202120577,0.6592619945026148,23
detailed,RWB,80,distance,134.66958511060022,36.47220784166605,23
detailed,RWB,80,jerk,3.3109418502912926,1.2919824282502634,23
detailed,RWB,81,speed,1.6439923849633786,0.5552123826709269,23
detailed,RWB,81,acceleration,1.4768039836922708,0.4590084727570163,23
detailed,RWB,81,distance,127.48076175242518,26.404045201027284,23
detailed,RWB,81,jerk,2.8560943833820147,0.9605229962271552,23
detailed,RWB,82,speed,1.4709945079032858,0.5567861189917398,23
detailed,RWB,82,acceleration,1.4256033424238101,0.4604148385910735,23
detailed,RWB,82,distance,128.95755351303026,41.11399740297774,23
detailed,RWB,82,jerk,2.823630419611629,0.8927016669044614,23
detailed,RWB,83,speed,1.9402184975594685,0.6943075051634857,23
detailed,RWB,83,acceleration,1.9235272394989513,1.067313348957798,23
detailed,RWB,83,distance,147.68600276411047,53.46540073742954,23
detailed,RWB,83,jerk,3.728106850015534,2.290615591771416,23
detailed,RWB,84,speed,1.7888431169770147,0.6072075404560682,23
detailed,RWB,84,acceleration,1.5141464916033929,0.4392948680911726,23
detailed,RWB,84,distance,131.11718196968278,29.864443443027707,23
detailed,RWB,84,jerk,2.832174371942448,0.9087237120560376,23
detailed,RWB,85,speed,1.8576241089032792,0.5366709649389704,23
detailed,RWB,85,acceleration,1.6373288519813742,0.5547655486191644,23
detailed,RWB,85,distance,136.891169420223,40.983795315121206,23
detailed,RWB,85,jerk,3.1267749142654555,1.1546745180280287,23
detailed,RWB,86,speed,1.8664737328316265,0.6655822877040468,22
detailed,RWB,86,acceleration,1.7698782491451026,0.5850541062965703,22
detailed,RWB,86,distance,137.8863153527341,37.42505350921365,22
detailed,RWB,86,jerk,3.40138258099707,1.1054905117866567,22
detailed,RWB,87,speed,1.8647830591050067,0.5085716830465096,22
detailed,RWB,87,acceleration,1.8220531115234513,0.8769390570260331,22
detailed,RWB,87,distance,142.2134539262195,44.46164853156662,22
detailed,RWB,87,jerk,3.5317020693000747,1.9827106376262449,22
detailed,RWB,88,speed,1.6540568224983363,0.5230420977204764,21
detailed,RWB,88,acceleration,1.675496093300065,0.5257518643893168,21
detailed,RWB,88,distance,131.24645882617,29.069120026893575,21
detailed,RWB,88,jerk,3.270682912186417,1.1106329530680392,21
detailed,RWB,89,speed,1.6910701569872888,0.8306170737438868,21
detailed,RWB,89,acceleration,1.4403236266706028,0.569494526762969,21
detailed,RWB,89,distance,136.64035447364844,44.91736832511676,21
detailed,RWB,89,jerk,2.7195591203741194,1.0587825412742085,21
detailed,RWB,90,speed,1.476502631900069,0.6199230943529234,21
detailed,RWB,90,acceleration,1.3301030487603032,0.5832229856241478,21
detailed,RWB,90,distance,123.90794900644886,41.11133298189134,21
detailed,RWB,90,jerk,2.621006703370891,1.11834336388773,21
detailed,LWB,1,speed,2.237239081316324,0.4452088443685152,32
detailed,LWB,1,acceleration,2.173786031739505,0.6665766732387031,32
detailed,LWB,1,distance,154.864082046963,33.6332961218816,32
detailed,LWB,1,jerk,4.037443034365497,1.4375941225238678,32
detailed,LWB,2,speed,2.0989216741133205,0.5253627470838022,32
detailed,LWB,2,acceleration,2.131580154077929,1.0693517269924546,32
detailed,LWB,2,distance,149.8054069177103,42.54647210242542,32
detailed,LWB,2,jerk,4.071807491055589,2.256798928303051,32
detailed,LWB,3,speed,1.7663924791458436,0.4667919779049673,32
detailed,LWB,3,acceleration,1.8386529672204652,0.7520256591289218,32
detailed,LWB,3,distance,137.28045589900253,49.376450002597224,32
detailed,LWB,3,jerk,3.5736086690071396,1.5262101434771667,32
detailed,LWB,4,speed,1.811535718510704,0.6866042576074803,32
detailed,LWB,4,acceleration,1.8088224321408064,0.7873460768742252,32
detailed,LWB,4,distance,138.70651673917178,44.07930827953192,32
detailed,LWB,4,jerk,3.512946081625435,1.7188479031414878,32
detailed,LWB,5,speed,2.025199110467102,0.540773763759089,32
detailed,LWB,5,acceleration,1.996703125285896,0.8048350135564257,32
detailed,LWB,5,distance,151.5647083124179,36.22831914718766,32
detailed,LWB,5,jerk,3.7998721144356753,1.6374688442390446,32
detailed,LWB,6,speed,1.8155652605845847,0.727550067826009,32
detailed,LWB,6,acceleration,1.9490982904230512,1.1788848171675093,32
detailed,LWB,6,distance,142.90897838691993,44.338707618740266,32
detailed,LWB,6,jerk,3.7886524008945157,2.319691532782313,32
detailed,LWB,7,speed,1.8661718517836046,0.45242296894588063,32
detailed,LWB,7,acceleration,2.0312078825432605,1.0259537750551504,32
detailed,LWB,7,distance,140.51559485656256,38.81262062019665,32
detailed,LWB,7,jerk,3.9282571143180482,2.179555862006708,32
detailed,LWB,8,speed,2.0282491856681895,0.4768641825757606,32
detailed,LWB,8,acceleration,1.9746762055400493,0.9494145488648874,32
detailed,LWB,8,distance,152.97392480385054,43.312240592961686,32
detailed,LWB,8,jerk,3.816841471581551,2.084336212216857,32
detailed,LWB,9,speed,1.7355439401145645,0.6962912356315822,32
detailed,LWB,9,acceleration,1.751007973613428,0.6497055928515728,32
detailed,LWB,9,distance,135.25499867858858,38.463804346214765,32
detailed,LWB,9,jerk,3.415828033031757,1.4502284505190037,32
detailed,LWB,10,speed,1.7931235520222062,0.6588697649747559,32
detailed,LWB,10,acceleration,1.766512972670411,0.828284044925052,32
detailed,LWB,10,distance,129.87388854276352,41.95317093604034,32
detailed,LWB,10,jerk,3.415754240910659,1.7889150692958569,32
detailed,LWB,11,speed,1.9129215706893226,0.5878278839497457,32
detailed,LWB,11,acceleration,1.9749050442874594,0.9955271002681658,32
detailed,LWB,11,distance,143.91453751111794,45.751760331717094,32
detailed,LWB,11,jerk,3.84873439406126,2.2543403756206732,32
detailed,LWB,12,speed,1.8007753355791096,0.5931846343912293,32
detailed,LWB,12,acceleration,1.7992995328343242,0.7019803119944782,32
detailed,LWB,12,distance,141.30708952927085,38.545156342671255,32
detailed,LWB,12,jerk,3.4966204769549205,1.3686219791479945,32
detailed,LWB,13,speed,1.8549503378879484,0.7217779073776519,32
detailed,LWB,13,acceleration,1.8544020748677972,1.0492530233351793,32
detailed,LWB,13,distance,146.36387700793404,58.755991536778645,32
detailed,LWB,13,jerk,3.5873003608043126,2.16102494555792,32
detailed,LWB,14,speed,1.7526326775383274,0.6237732517537828,32
detailed,LWB,14,acceleration,1.7187555077560754,0.7946178890521753,32
detailed,LWB,14,distance,134.10881451260013,56.161682087396386,32
detailed,LWB,14,jerk,3.3091410942885964,1.754342413799882,32
detailed,LWB,15,speed,1.9092784940371885,0.4399159885515308,32
detailed,LWB,15,acceleration,1.749631943083811,0.5202155952819646,32
detailed,LWB,15,distance,138.52760823298706,27.910326536564202,32
detailed,LWB,15,jerk,3.317405739185948,1.0490868392782575,32
detailed,LWB,16,speed,1.8367746054403178,0.46693717729171413,32
detailed,LWB,16,acceleration,1.7090657490435437,0.5842340558427292,32
detailed,LWB,16,distance,138.3621252529437,34.735806566054784,32
detailed,LWB,16,jerk,3.2780448351990414,1.2137539377450877,32
detailed,LWB,17,speed,1.8797843038579516,0.5870003967973373,32
detailed,LWB,17,acceleration,2.0383499399574876,1.404659252293506,32
detailed,LWB,17,distance,146.09846417215564,56.88334047026899,32
detailed,LWB,17,jerk,3.9432455913197813,3.052922720945847,32
detailed,LWB,18,speed,1.6446892269686595,0.5480638939871748,32
detailed,LWB,18,acceleration,1.5586919054014339,0.5510988630198376,32
detailed,LWB,18,distance,121.91534432202397,30.404624645368997,32
detailed,LWB,18,jerk,2.975390581159682,1.1429145205611744,32
detailed,LWB,19,speed,1.7680750680568316,0.6274487258424896,32
detailed,LWB,19,acceleration,1.6437019511182627,0.5199426232776097,32
detailed,LWB,19,distance,127.52563146315396,36.560623589942395,32
detailed,LWB,19,jerk,3.1629445062369594,1.0733730609495773,32
detailed,LWB,20,speed,1.889649992665293,0.5295293531649596,32
detailed,LWB,20,acceleration,1.9352627880748314,1.2888167731348927,32
detailed,LWB,20,distance,144.54758585347528,48.710032460705726,32
detailed,LWB,20,jerk,3.7680934569198103,2.848311197135753,32
detailed,LWB,21,speed,1.8130554003256678,0.5675602344168946,32
detailed,LWB,21,acceleration,1.8525765283245086,1.0165875396368764,32
detailed,LWB,21,distance,139.49401129587258,46.98157495871765,32
detailed,LWB,21,jerk,3.576955137574816,1.9988460516195152,32
detailed,LWB,22,speed,1.816625739292309,0.5587934850525814,32
detailed,LWB,22,acceleration,1.918880432945721,1.1142124292503381,32
detailed,LWB,22,distance,139.97181323493277,45.507479444886684,32
detailed,LWB,22,jerk,3.7701028735078075,2.3646477260009187,32
detailed,LWB,23,speed,1.9131727166904975,0.46627888936237777,32
detailed,LWB,23,acceleration,1.9234837386732937,1.042576432968246,32
detailed,LWB,23,distance,142.35150531130304,41.039852530291526,32
detailed,LWB,23,jerk,3.6604314554752073,2.1276439215303258,32
detailed,LWB,24,speed,1.977203903230912,0.5817505507865742,32
detailed,LWB,24,acceleration,1.803620162373601,0.7553521840513517,32
detailed,LWB,24,distance,147.87960283602493,33.320045919310296,32
detailed,LWB,24,jerk,3.4509230186931563,1.5792694714475248,32
detailed,LWB,25,speed,1.8555547017921925,0.4852273024791434,32
detailed,LWB,25,acceleration,1.7249359376840931,0.7496066800812645,32
detailed,LWB,25,distance,137.62452570555052,33.92420489280771,32
detailed,LWB,25,jerk,3.2975569508895655,1.7456185011553713,32
detailed,LWB,26,speed,2.0856540554352168,0.5660497985120748,32
detailed,LWB,26,acceleration,1.8138808478458288,0.6110684774999063,32
detailed,LWB,26,distance,144.54425650195023,35.83927486100997,32
detailed,LWB,26,jerk,3.411907187444716,1.2670611339324278,32
detailed,LWB,27,speed,1.9332897998394043,0.5831500182566093,32
detailed,LWB,27,acceleration,2.0184062258493056,1.3827909872448092,32
detailed,LWB,27,distance,150.48191162222534,55.341643779098526,32
detailed,LWB,27,jerk,3.908715742807275,2.9445300609594187,32
detailed,LWB,28,speed,1.687366229779053,0.5550406444955264,32
detailed,LWB,28,acceleration,1.7887600169791025,0.9490981979827179,32
detailed,LWB,28,distance,133.78154468634747,41.3583876523862,32
detailed,LWB,28,jerk,3.478091054102609,2.093520967209923,32
detailed,LWB,29,speed,2.02058066451175,0.5320203818548027,32
detailed,LWB,29,acceleration,2.0593776469945158,1.3011268086433356,32
detailed,LWB,29,distance,151.70905274199882,58.977676737992816,32
detailed,LWB,29,jerk,3.997480072166072,2.9258534278009947,32
detailed,LWB,30,speed,1.8184301634809483,0.47828092837582387,32
detailed,LWB,30,acceleration,1.8618254538073629,1.3754041737752962,32
detailed,LWB,30,distance,134.8490161058003,48.28542503374421,32
detailed,LWB,30,jerk,3.491794700246677,2.875033706795842,32
detailed,LWB,31,speed,1.8713159723874866,0.5683274602748731,32
detailed,LWB,31,acceleration,1.9817524580724855,1.079142899622414,32
detailed,LWB,31,distance,148.9594720236215,56.86258781984793,32
detailed,LWB,31,jerk,3.879051133936107,2.439602216143782,32
detailed,LWB,32,speed,1.9823671311627111,0.6877123273180568,32
detailed,LWB,32,acceleration,1.767279297604864,0.6666769931221784,32
detailed,LWB,32,distance,149.5241083791515,45.60065861099985,32
detailed,LWB,32,jerk,3.4121209286879055,1.3848900700827735,32
detailed,LWB,33,speed,1.6497846979047224,0.549712354725315,32
detailed,LWB,33,acceleration,1.5815377959957753,0.7161962849524542,32
detailed,LWB,33,distance,126.43549557387584,32.7645995601515,32
detailed,LWB,33,jerk,3.0535769476649772,1.5722351500960836,32
detailed,LWB,34,speed,1.83459034793203,0.548597016302585,32
detailed,LWB,34,acceleration,2.039994545690269,1.2282484301383647,32
detailed,LWB,34,distance,145.53637405855872,49.55425881370791,32
detailed,LWB,34,jerk,4.046511846364836,2.7015287817738054,32
detailed,LWB,35,speed,1.9072574941761997,0.4364320081186913,32
detailed,LWB,35,acceleration,1.8121480671675638,0.6188943660357645,32
detailed,LWB,35,distance,144.91368458318863,38.754043055911225,32
detailed,LWB,35,jerk,3.483745485643186,1.378082954444233,32
detailed,LWB,36,speed,2.0236249576640772,0.5740813214153856,32
detailed,LWB,36,acceleration,1.9929237108159135,0.9318504142279658,32
detailed,LWB,36,distance,150.72637325170854,34.77055477320235,32
detailed,LWB,36,jerk,3.8149348871408533,2.0576072342325626,32
detailed,LWB,37,speed,2.0098820001419515,0.6375559147580719,32
detailed,LWB,37,acceleration,1.9206123393706713,0.835166006712326,32
detailed,LWB,37,distance,147.44281450497525,44.349257364155655,32
detailed,LWB,37,jerk,3.6556445808952973,1.793536055956714,32
detailed,LWB,38,speed,1.8500970518082047,0.45286787003489093,32
detailed,LWB,38,acceleration,1.8584379532833153,0.9004599126164848,32
detailed,LWB,38,distance,141.03744094126338,45.10625470872781,32
detailed,LWB,38,jerk,3.576570083701248,1.9629814802545211,32
detailed,LWB,39,speed,1.8075912597325783,0.6617844569980194,32
detailed,LWB,39,acceleration,1.6797304956799899,0.6700515458984505,32
detailed,LWB,39,distance,132.89189863343944,39.29579842219321,32
detailed,LWB,39,jerk,3.219243703301584,1.3425802368054573,32
detailed,LWB,40,speed,2.1185818328060644,0.5912169957939398,32
detailed,LWB,40,acceleration,2.0139884729635944,0.771777803913913,32
detailed,LWB,40,distance,152.6933100656877,33.98136496984129,32
detailed,LWB,40,jerk,3.9503776622799265,1.7270863497872306,32
detailed,LWB,41,speed,1.81599973763047,0.680009280497429,32
detailed,LWB,41,acceleration,1.802834354616851,1.2949322600616253,32
detailed,LWB,41,distance,139.37466257826011,53.962283433583615,32
detailed,LWB,41,jerk,3.529896110983888,2.7825590372424096,32
detailed,LWB,42,speed,1.8050720203689585,0.5130713022352529,32
detailed,LWB,42,acceleration,1.681201970779557,0.6580034174169451,32
detailed,LWB,42,distance,134.0525761357281,32.091967429015554,32
detailed,LWB,42,jerk,3.213975086394092,1.3974726323241693,32
detailed,LWB,43,speed,1.6803736849682105,0.5412244103979194,32
detailed,LWB,43,acceleration,1.7773176051901576,0.8068095850196628,32
detailed,LWB,43,distance,138.06227613107086,44.41877809077492,32
detailed,LWB,43,jerk,3.4846814203073144,1.7638388487029335,32
detailed,LWB,44,speed,1.7406477863954175,0.6586902440716838,32
detailed,LWB,44,acceleration,1.9476922144811106,0.9883129723795502,32
detailed,LWB,44,distance,152.72766865763808,53.39860802448251,32
detailed,LWB,44,jerk,3.867891236643487,1.9967940518518585,32
detailed,LWB,45,speed,1.7539150325940371,0.6412244607416928,32
detailed,LWB,45,acceleration,1.7452397467881284,1.1080042818167117,32
detailed,LWB,45,distance,139.95422474668305,49.16349989243593,32
detailed,LWB,45,jerk,3.4045081188859583,2.308044757652155,32
detailed,LWB,46,speed,1.8551147133104489,0.37940902469488696,29
detailed,LWB,46,acceleration,1.5725195002902947,0.49170300184667987,29
detailed,LWB,46,distance,130.15887208815275,28.436345092209496,29
detailed,LWB,46,jerk,2.8467349252858574,1.0810181717186083,29
detailed,LWB,47,speed,1.885767963308146,0.4525576353894621,29
detailed,LWB,47,acceleration,1.7467125384834126,0.45189074792878664,29
detailed,LWB,47,distance,131.94681431071717,29.864939538088574,29
detailed,LWB,47,jerk,3.3381506291265395,0.9326195117750912,29
detailed,LWB,48,speed,1.9556856827026783,0.49784768934256085,29
detailed,LWB,48,acceleration,1.7756479842522528,0.6311772081877732,29
detailed,LWB,48,distance,139.12797611053324,29.333630709670558,29
detailed,LWB,48,jerk,3.3772132497740537,1.3565791269907852,29
detailed,LWB,49,speed,1.7754739534359765,0.585684528870918,29
detailed,LWB,49,acceleration,1.6491200558266172,0.559702223872615,29
detailed,LWB,49,distance,139.17470230474626,36.30870916261374,29
detailed,LWB,49,jerk,3.1421318959705773,1.0728850857780428,29
detailed,LWB,50,speed,1.76763788555368,0.8271243133443313,29
detailed,LWB,50,acceleration,1.6779449693770259,0.6709489790700053,29
detailed,LWB,50,distance,142.6535863136143,45.407939022167064,29
detailed,LWB,50,jerk,3.2733105936561033,1.3754006279089628,29
detailed,LWB,51,speed,1.6949354259488882,0.6145352524654624,29
detailed,LWB,51,acceleration,1.667837050848476,0.8049935658737325,29
detailed,LWB,51,distance,131.2918901377051,43.10485967752687,29
detailed,LWB,51,jerk,3.227940795600966,1.6423242835864045,29
detailed,LWB,52,speed,1.9431137851176812,0.613787117902463,29
detailed,LWB,52,acceleration,1.7537051966016974,0.49020568386076957,29
detailed,LWB,52,distance,142.48018639250165,34.72255910564621,29
detailed,LWB,52,jerk,3.3172863847660548,1.0612641617968177,29
detailed,LWB,53,speed,1.720671128138258,0.45113277022020026,29
detailed,LWB,53,acceleration,1.600210099050183,0.42964501872107286,29
detailed,LWB,53,distance,130.326566235899,28.241508345024638,29
detailed,LWB,53,jerk,3.089662525264056,0.9491457478490455,29
detailed,LWB,54,speed,1.7019987185789969,0.5818967841499958,29
detailed,LWB,54,acceleration,1.6060366355550246,0.6317045997355912,29
detailed,LWB,54,distance,123.44639613797756,29.58477678996655,29
detailed,LWB,54,jerk,3.0787072383201206,1.3531174025101762,29
detailed,LWB,55,speed,1.9208194614725944,0.6565593426527756,29
detailed,LWB,55,acceleration,1.595736983919054,0.4460943169977618,29
detailed,LWB,55,distance,142.97240359267016,33.99293312919199,29
detailed,LWB,55,jerk,2.9630239527847384,0.8230483046563222,29
detailed,LWB,56,speed,1.7716909036457886,0.6130794217835137,29
detailed,LWB,56,acceleration,1.5871553552914048,0.5052264655790205,29
detailed,LWB,56,distance,131.1001055042456,31.514283488162445,29
detailed,LWB,56,jerk,3.0656999123451705,1.0952356312195242,29
detailed,LWB,57,speed,1.8238556713849117,0.5792068689211769,29
detailed,LWB,57,acceleration,1.6716956645195054,0.6820615087903286,29
detailed,LWB,57,distance,134.02787822846454,36.64217807958595,29
detailed,LWB,57,jerk,3.192090701228169,1.376471871223936,29
detailed,LWB,58,speed,1.830720163975547,0.4921266219128675,29
detailed,LWB,58,acceleration,1.6082442881434345,0.49649423812940324,29
detailed,LWB,58,distance,134.91506908777495,26.612446215086663,29
detailed,LWB,58,jerk,3.040357979196067,0.9988084986342819,29
detailed,LWB,59,speed,1.9553514418525542,0.7070186887811344,29
detailed,LWB,59,acceleration,1.8065046692306106,0.5082822139096156,29
detailed,LWB,59,distance,144.10732473746228,31.26453667750076,29
detailed,LWB,59,jerk,3.4296994322804326,0.9946269850951154,29
detailed,LWB,60,speed,1.8657612193049282,0.6112312034598208,29
detailed,LWB,60,acceleration,1.7428434627494893,0.6762759036749035,29
detailed,LWB,60,distance,141.799465069333,50.191600492355875,29
detailed,LWB,60,jerk,3.348727264475749,1.4259779871117753,29
detailed,LWB,61,speed,1.7155713486211175,0.48436103435401634,29
detailed,LWB,61,acceleration,1.693291236205663,0.7971051802287483,29
detailed,LWB,61,distance,139.49609133645936,33.65781984356961,29
detailed,LWB,61,jerk,3.197452607816834,1.6106565586723964,29
detailed,LWB,62,speed,1.593393294980964,0.5859966856140119,29
detailed,LWB,62,acceleration,1.4685153700336782,0.4223095436037815,29
detailed,LWB,62,distance,125.9746793450866,28.765273246958316,29
detailed,LWB,62,jerk,2.8293088671599707,0.8785455883781814,29
detailed,LWB,63,speed,1.74551696781501,0.6106894531526781,29
detailed,LWB,63,acceleration,1.6850980265320032,0.7671865721454619,29
detailed,LWB,63,distance,136.92267960222145,38.8793924275323,29
detailed,LWB,63,jerk,3.3013732917563448,1.5303513296327838,29
detailed,LWB,64,speed,1.6587885721027962,0.7254581786910775,27
detailed,LWB,64,acceleration,1.476136099188642,0.5090599886251683,27
detailed,LWB,64,distance,127.33571351452473,35.57842996295581,27
detailed,LWB,64,jerk,2.8301725836779537,0.9483914740393549,27
detailed,LWB,65,speed,1.5474967429681796,0.5398679365510757,26
detailed,LWB,65,acceleration,1.4840998792191515,0.5078579353382542,26
detailed,LWB,65,distance,121.0418792625307,27.958255537051247,26
detailed,LWB,65,jerk,2.8643634180507314,0.984244749465673,26
detailed,LWB,66,speed,1.535463899774747,0.5684255989382242,25
detailed,LWB,66,acceleration,1.318304547735022,0.3745700160264774,25
detailed,LWB,66,distance,111.89080258992831,29.498007535725318,25
detailed,LWB,66,jerk,2.5154812533364885,0.6867636658525786,25
detailed,LWB,67,speed,1.6852425195430427,0.5894937401089572,24
detailed,LWB,67,acceleration,1.4202806590170416,0.412557477005378,24
detailed,LWB,67,distance,126.02089441375404,32.719047965833596,24
detailed,LWB,67,jerk,2.6852813352629803,0.8355398498935197,24
detailed,LWB,68,speed,1.7328863832618,0.6540437359563234,24
detailed,LWB,68,acceleration,1.6480350869097362,0.5469133692420685,24
detailed,LWB,68,distance,136.98080223639064,40.44241913098799,24
detailed,LWB,68,jerk,3.21460294254427,1.1097750367013635,24
detailed,LWB,69,speed,1.5418668602621801,0.5723145009639742,24
detailed,LWB,69,acceleration,1.4620980005998916,0.5033465009926181,24
detailed,LWB,69,distance,124.00752725456171,29.88047797561093,24
detailed,LWB,69,jerk,2.9000068282761706,0.994983236630395,24
detailed,LWB,70,speed,1.9446550493506818,0.628667938163551,24
detailed,LWB,70,acceleration,1.71383420128672,0.5341749428666865,24
detailed,LWB,70,distance,145.83926251530133,37.95420056884542,24
detailed,LWB,70,jerk,3.1990447836974667,1.1195128418716027,24
detailed,LWB,71,speed,1.777415792721179,0.7288307793491433,24
detailed,LWB,71,acceleration,1.56692923816772,0.6022888713070035,24
detailed,LWB,71,distance,131.1394681018916,36.14084785473652,24
detailed,LWB,71,jerk,3.046894254516722,1.19467322954073,24
detailed,LWB,72,speed,1.7711176392334975,0.50130881189761,24
detailed,LWB,72,acceleration,1.6700130521732868,0.5084886231648641,24
detailed,LWB,72,distance,135.71016723543732,33.178360892107875,24
detailed,LWB,72,jerk,3.213597164792916,1.0758548386951785,24
detailed,LWB,73,speed,1.7085863651375839,0.561444936464377,24
detailed,LWB,73,acceleration,1.831489137950726,0.5077397339675334,24
detailed,LWB,73,distance,150.1900552285011,39.431314765167436,24
detailed,LWB,73,jerk,3.704528804611824,1.2439985312662776,24
detailed,LWB,74,speed,1.498725925942673,0.4957207161946537,24
detailed,LWB,74,acceleration,1.4702899529674769,0.5672522601083146,24
detailed,LWB,74,distance,131.94549137568575,52.74705737075333,24
detailed,LWB,74,jerk,2.944054547926473,1.1669652199482552,24
detailed,LWB,75,speed,1.9955868955867633,0.5999748081051447,24
detailed,LWB,75,acceleration,1.6804664333016321,0.42304149225697774,24
detailed,LWB,75,distance,141.32354530310715,30.892627378895035,24
detailed,LWB,75,jerk,3.138207641411382,0.8290016560865308,24
detailed,LWB,76,speed,1.6316568712506074,0.37000660635262533,24
detailed,LWB,76,acceleration,1.4859462218917665,0.3813701821393195,24
detailed,LWB,76,distance,129.58044864664876,24.856982684959828,24
detailed,LWB,76,jerk,2.8913825692676967,0.8664291407470419,24
detailed,LWB,77,speed,1.8666596953695287,0.6500627001476738,24
detailed,LWB,77,acceleration,1.7236557280695122,0.6350086045492748,24
detailed,LWB,77,distance,141.35824228239093,35.439606851926484,24
detailed,LWB,77,jerk,3.319444193579623,1.3868953404958149,24
detailed,LWB,78,speed,1.5563547851061406,0.4689802218714725,23
detailed,LWB,78,acceleration,1.4200319653070268,0.46321394990806714,23
detailed,LWB,78,distance,127.5932432575962,43.438327704983976,23
detailed,LWB,78,jerk,2.740040306572951,0.9495854814955454,23
detailed,LWB,79,speed,1.7153821864005407,0.49426312910521375,22
detailed,LWB,79,acceleration,1.4719822764605477,0.3635671311501246,22
detailed,LWB,79,distance,127.83785381092702,30.064694674177346,22
detailed,LWB,79,jerk,2.8204060413348504,0.7645015182816558,22
detailed,LWB,80,speed,1.69702972517061,0.6078406007730619,22
detailed,LWB,80,acceleration,1.5155985006801422,0.4236025266870953,22
detailed,LWB,80,distance,128.85181763016135,28.923806730660722,22
detailed,LWB,80,jerk,2.908998275560944,0.8890724336233143,22
detailed,LWB,81,speed,1.664065701597661,0.5520963846889426,22
detailed,LWB,81,acceleration,1.573931769388394,0.4144789619470243,22
detailed,LWB,81,distance,125.60897333277386,31.124566458640256,22
detailed,LWB,81,jerk,3.063613614525479,0.8977158728369712,22
detailed,LWB,82,speed,1.6248433381756582,0.6029588906266647,22
detailed,LWB,82,acceleration,1.8537535585109657,1.159511406973725,22
detailed,LWB,82,distance,147.36040929604857,54.197731918104544,22
detailed,LWB,82,jerk,3.7000279645927434,2.3596031031749995,22
detailed,LWB,83,speed,1.8531225455505411,0.5886749180001947,21
detailed,LWB,83,acceleration,1.6643864327308262,0.5649411594601976,21
detailed,LWB,83,distance,134.58282038829702,33.55498555710891,21
detailed,LWB,83,jerk,3.190231832296137,1.1311492382627502,21
detailed,LWB,84,speed,1.8510751343933523,0.49779268326903325,21
detailed,LWB,84,acceleration,1.7523395439584168,0.6810652991307728,21
detailed,LWB,84,distance,138.49077925963843,34.197388600197186,21
detailed,LWB,84,jerk,3.379158277444003,1.4957110094806836,21
detailed,LWB,85,speed,1.8224565477129098,0.6733604449907037,21
detailed,LWB,85,acceleration,1.6614642631630163,0.7197413451429205,21
detailed,LWB,85,distance,141.4586543323791,37.67558954095967,21
detailed,LWB,85,jerk,3.1766284563080895,1.643524428301603,21
detailed,LWB,86,speed,1.7197519376381045,0.6908245287464445,20
detailed,LWB,86,acceleration,1.939989282456158,1.4654873660484375,20
detailed,LWB,86,distance,142.35254441413846,62.08833511333039,20
detailed,LWB,86,jerk,3.7511649632278,2.94141738664887,20
detailed,LWB,87,speed,1.8536411016199963,0.6563391164310125,20
detailed,LWB,87,acceleration,1.8209717358761792,1.1000285826306726,20
detailed,LWB,87,distance,142.15880277363732,50.9588587230706,20
detailed,LWB,87,jerk,3.5222722010654004,2.3732997736806816,20
detailed,LWB,88,speed,1.724006123994733,0.5547895279519504,20
detailed,LWB,88,acceleration,1.5618629006780977,0.3553331180504986,20
detailed,LWB,88,distance,135.7990144104432,29.68293286809409,20
detailed,LWB,88,jerk,3.0124157035968637,0.8372420226564268,20
detailed,LWB,89,speed,1.8081069294974892,0.6962592692298184,20
detailed,LWB,89,acceleration,1.5929400091724317,0.5738268912564528,20
detailed,LWB,89,distance,138.8221741969258,27.5321909173811,20
detailed,LWB,89,jerk,3.069797665473161,1.157554062017531,20
detailed,LWB,90,speed,1.4037204856231815,0.5733293817757064,20
detailed,LWB,90,acceleration,1.3341395106115084,0.49772463586340215,20
detailed,LWB,90,distance,111.48815499366272,28.39329899529857,20
detailed,LWB,90,jerk,2.598261835001039,0.9093717954038547,20
detailed,RW,1,speed,2.2505589641474892,0.5463101180033116,86
detailed,RW,1,acceleration,2.0585203699433174,1.2856624336040658,86
detailed,RW,1,distance,153.69785332248873,47.75472309887268,86
detailed,RW,1,jerk,3.754550058490827,2.8449770141115946,86
detailed,RW,2,speed,2.1200322951898163,0.5275831847795387,86
detailed,RW,2,acceleration,1.86043449852997,0.7181368327856504,86
detailed,RW,2,distance,144.89700462507622,35.41689533565606,86
detailed,RW,2,jerk,3.4681238841282043,1.53156638842123,86
detailed,RW,3,speed,2.071170065065726,0.5236962530918267,86
detailed,RW,3,acceleration,1.986179756692579,0.7816546222894554,86
detailed,RW,3,distance,151.46020450092678,37.52138261904749,86
detailed,RW,3,jerk,3.75047629140209,1.6442991694729847,86
detailed,RW,4,speed,2.0032825900847415,0.5425297032491427,86
detailed,RW,4,acceleration,1.8233078443146593,0.657920516609386,86
detailed,RW,4,distance,143.7105672336089,37.18661574767245,86
detailed,RW,4,jerk,3.4308498778315197,1.423629489651838,86
detailed,RW,5,speed,2.1510342629038024,0.538985896998612,86
detailed,RW,5,acceleration,1.9057483662205856,0.8120052393222731,86
detailed,RW,5,distance,151.87024598767374,35.9784505391778,86
detailed,RW,5,jerk,3.5529993641802853,1.7842504847356369,86
detailed,RW,6,speed,1.9053797307454685,0.5141383609109279,86
detailed,RW,6,acceleration,1.8517805833954426,0.8402109947344683,86
detailed,RW,6,distance,141.59364666680088,35.50374954822441,86
detailed,RW,6,jerk,3.5370029429778613,1.8815462809947125,86
detailed,RW,7,speed,1.9301466130506175,0.5531611278312905,86
detailed,RW,7,acceleration,1.892075304274397,0.9203512419073034,86
detailed,RW,7,distance,137.69628104761057,42.43908377339474,86
detailed,RW,7,jerk,3.5780190297877095,1.9704448168307935,86
detailed,RW,8,speed,1.9684703231524454,0.4741454452835097,86
detailed,RW,8,acceleration,1.7973740324194978,0.5873531048836943,86
detailed,RW,8,distance,145.2475701865745,38.785618614039514,86
detailed,RW,8,jerk,3.3964466580692023,1.2847222309176276,86
detailed,RW,9,speed,1.8996844275152491,0.6503300909521136,86
detailed,RW,9,acceleration,1.8673184417515143,0.9800759132176602,86
detailed,RW,9,distance,144.39199072430623,41.21478661198479,86
detailed,RW,9,jerk,3.5728108422815144,2.238083785615575,86
detailed,RW,10,speed,1.9001762019439483,0.6692501236535724,86
detailed,RW,10,acceleration,1.735818173531065,0.8377721907781036,86
detailed,RW,10,distance,142.40838088159535,44.0550445610484,86
detailed,RW,10,jerk,3.2710856287050416,1.747514433758556,86
detailed,RW,11,speed,1.9271660909986024,0.6681968067535263,86
detailed,RW,11,acceleration,1.7193871765927646,0.7158865906845795,86
detailed,RW,11,distance,146.96136039178063,49.41724675386678,86
detailed,RW,11,jerk,3.255209159082716,1.5173276172988153,86
detailed,RW,12,speed,1.9044380796496385,0.548031227990618,86
detailed,RW,12,acceleration,1.7843321792178015,0.6155856119496353,86
detailed,RW,12,distance,138.53936384493937,31.232069108891338,86
detailed,RW,12,jerk,3.342532359963493,1.3110258704404247,86
detailed,RW,13,speed,1.9065818361462044,0.6114034841070796,86
detailed,RW,13,acceleration,1.8655766548112764,1.1526159191099044,86
detailed,RW,13,distance,140.02847364168872,45.749113437060934,86
detailed,RW,13,jerk,3.5767999778719717,2.506295811452712,86
detailed,RW,14,speed,1.968173152798314,0.5813409912675861,86
detailed,RW,14,acceleration,1.7484360868016284,0.7658038599411882,86
detailed,RW,14,distance,140.12012381411267,44.09865029293171,86
detailed,RW,14,jerk,3.2701530450576755,1.6729350369594294,86
detailed,RW,15,speed,1.8740434338540233,0.5119016718273933,86
detailed,RW,15,acceleration,1.703513385667788,0.6572059691072073,86
detailed,RW,15,distance,138.3401098250648,38.72381000435796,86
detailed,RW,15,jerk,3.2246363405774314,1.436131332836602,86
detailed,RW,16,speed,1.844031752901891,0.5443890322360876,86
detailed,RW,16,acceleration,1.7080262482488937,0.6824629846845044,86
detailed,RW,16,distance,134.4849501210135,39.79785793743645,86
detailed,RW,16,jerk,3.2476962784317895,1.4727197330285646,86
detailed,RW,17,speed,1.8563268867557288,0.6142775205249523,86
detailed,RW,17,acceleration,1.7147383470926443,0.8225283156949137,86
detailed,RW,17,distance,135.8409902269501,36.623358172401,86
detailed,RW,17,jerk,3.2354314373416746,1.7633247387874247,86
detailed,RW,18,speed,1.8515043573644363,0.7255857564378048,86
detailed,RW,18,acceleration,1.7934328595952092,0.9266537464145447,86
detailed,RW,18,distance,134.92998534350633,45.22969196884671,86
detailed,RW,18,jerk,3.4109666312340297,1.9821019781045266,86
detailed,RW,19,speed,1.9131415080360654,0.5608519107145932,86
detailed,RW,19,acceleration,1.7942313772039062,0.8845206947259714,86
detailed,RW,19,distance,138.8198484052191,43.44079776863082,86
detailed,RW,19,jerk,3.4147632615127392,1.8579510664176984,86
detailed,RW,20,speed,1.8891837404860246,0.6481434717841889,86
detailed,RW,20,acceleration,1.7641266749126086,0.7684822077386083,86
detailed,RW,20,distance,136.7574017281475,38.708675047368885,86
detailed,RW,20,jerk,3.3108040601554367,1.5869604117367544,86
detailed,RW,21,speed,1.9033698202902134,0.5517317863298328,86
detailed,RW,21,acceleration,1.7846681069175705,0.8248445798149459,86
detailed,RW,21,distance,139.95121914318918,35.37232952266444,86
detailed,RW,21,jerk,3.3749958761221133,1.6851595610291208,86
detailed,RW,22,speed,1.9320672419495521,0.6103361693362502,86
detailed,RW,22,acceleration,1.7395611891201281,0.7045187104909272,86
detailed,RW,22,distance,141.59159969775123,39.38361053092994,86
detailed,RW,22,jerk,3.293020787150379,1.5185142691599958,86
detailed,RW,23,speed,1.891114991227971,0.49301150877488487,86
detailed,RW,23,acceleration,1.7323009112199008,0.5480293912954587,86
detailed,RW,23,distance,138.73107671227788,36.77707932313026,86
detailed,RW,23,jerk,3.2515672452794155,1.119724585095101,86
detailed,RW,24,speed,1.8418687509322764,0.5500011674486613,86
detailed,RW,24,acceleration,1.6894898574322894,0.5845619193428657,86
detailed,RW,24,distance,136.3775357303246,33.011598571257075,86
detailed,RW,24,jerk,3.2201418742529073,1.2184433158011851,86
detailed,RW,25,speed,1.7581766319390177,0.5300709011717747,86
detailed,RW,25,acceleration,1.6868200038400503,0.6958669349670934,86
detailed,RW,25,distance,133.37272499245825,35.78857189141744,86
detailed,RW,25,jerk,3.2378942350130155,1.5053724791557068,86
detailed,RW,26,speed,1.865835669722454,0.5480431868021564,86
detailed,RW,26,acceleration,1.8775078701618728,1.072739579048177,86
detailed,RW,26,distance,143.38563614505557,46.315898344546376,86
detailed,RW,26,jerk,3.6499361859803354,2.403830105356581,86
detailed,RW,27,speed,1.8083111894128236,0.5069742877860441,86
detailed,RW,27,acceleration,1.6601230782149305,0.582299203867621,86
detailed,RW,27,distance,133.3098344304963,31.995807715210933,86
detailed,RW,27,jerk,3.1274858397625445,1.2019685282759467,86
detailed,RW,28,speed,1.7845863992324131,0.5507418275208734,86
detailed,RW,28,acceleration,1.8473243761674853,1.2844178719516264,86
detailed,RW,28,distance,139.65249284385777,47.16588747702052,86
detailed,RW,28,jerk,3.581255762329862,2.9180348276851205,86
detailed,RW,29,speed,1.8542149694722134,0.5543581558823562,86
detailed,RW,29,acceleration,1.7844266309558967,0.7722568072912843,86
detailed,RW,29,distance,140.47060297727862,39.32937095177857,86
detailed,RW,29,jerk,3.3960003537128243,1.6208176934447287,86
detailed,RW,30,speed,1.8956184490284518,0.5605703698731525,86
detailed,RW,30,acceleration,1.7258302460865858,0.6799235291539792,86
detailed,RW,30,distance,136.8230785075887,35.891470300260885,86
detailed,RW,30,jerk,3.2528519658923942,1.5163057353550784,86
detailed,RW,31,speed,1.9892064575821122,0.5454221577493837,86
detailed,RW,31,acceleration,1.8442241424760712,0.9300344435220642,86
detailed,RW,31,distance,142.3887235847997,43.90990196979575,86
detailed,RW,31,jerk,3.492375196851576,2.008339665231721,86
detailed,RW,32,speed,1.9264744301598753,0.6081126733986818,86
detailed,RW,32,acceleration,1.8229427833706653,0.8777971934785183,86
detailed,RW,32,distance,142.5203130526441,39.97465241912112,86
detailed,RW,32,jerk,3.458296929986261,1.8073875779319146,86
detailed,RW,33,speed,1.8767635493405663,0.5718273927734621,86
detailed,RW,33,acceleration,1.8023209670164269,0.666049191166215,86
detailed,RW,33,distance,141.43387949263416,32.84369862098895,86
detailed,RW,33,jerk,3.440332820207337,1.40392952493136,86
detailed,RW,34,speed,1.8735327146605494,0.6467085034581369,86
detailed,RW,34,acceleration,1.7576411185818193,0.9186138482438663,86
detailed,RW,34,distance,139.0888822296686,42.809724739006384,86
detailed,RW,34,jerk,3.356796506282886,1.909848043064137,86
detailed,RW,35,speed,1.7958350659056175,0.6222077137184282,86
detailed,RW,35,acceleration,1.7199861903878704,0.8208832815074416,86
detailed,RW,35,distance,137.7120370313396,40.56607770887552,86
detailed,RW,35,jerk,3.321690064065366,1.7470256741902874,86
detailed,RW,36,speed,1.923805805483033,0.5599398350340433,86
detailed,RW,36,acceleration,1.8597486824756686,0.8826365243041946,86
detailed,RW,36,distance,146.36488288063973,44.18371915708544,86
detailed,RW,36,jerk,3.5923526027511627,1.9713077648501758,86
detailed,RW,37,speed,1.8982787771437275,0.6511813043036563,86
detailed,RW,37,acceleration,1.8218826098666407,0.9773287359093665,86
detailed,RW,37,distance,143.53959921586826,50.2727703623502,86
detailed,RW,37,jerk,3.505867548729152,2.1294463262688827,86
detailed,RW,38,speed,1.9736473189287915,0.5454558559026664,86
detailed,RW,38,acceleration,1.831267485506546,1.0076217109917767,86
detailed,RW,38,distance,140.55074602179585,44.316369217071184,86
detailed,RW,38,jerk,3.463529201899554,2.1957852346959164,86
detailed,RW,39,speed,1.784583320801108,0.5990184644663755,86
detailed,RW,39,acceleration,1.7757898943300463,0.9081012968553857,86
detailed,RW,39,distance,135.5287635778066,41.48883283976026,86
detailed,RW,39,jerk,3.459673143183881,2.0563945756782616,86
detailed,RW,40,speed,1.889690497436609,0.5955155921914431,86
detailed,RW,40,acceleration,1.6885601958006757,0.6845492053452231,86
detailed,RW,40,distance,137.42543629236206,40.613261814380614,86
detailed,RW,40,jerk,3.1728097179220165,1.3836380170982139,86
detailed,RW,41,speed,1.9099825658933003,0.5763222149069211,85
detailed,RW,41,acceleration,1.7993630758963097,0.7983849408171015,85
detailed,RW,41,distance,143.6042812155242,42.62371460615784,85
detailed,RW,41,jerk,3.425000263657415,1.6311197828098944,85
detailed,RW,42,speed,1.8389813480948503,0.5875184433150322,85
detailed,RW,42,acceleration,1.6628009258468703,0.7536013636013137,85
detailed,RW,42,distance,133.51852343869524,37.61418641752644,85
detailed,RW,42,jerk,3.102619264658316,1.5687747581158795,85
detailed,RW,43,speed,1.7478892323403088,0.6579234468560714,85
detailed,RW,43,acceleration,1.5731391527163932,0.49324921998932325,85
detailed,RW,43,distance,131.6700936222695,35.22299876565756,85
detailed,RW,43,jerk,2.9960520062468388,0.9464534441422006,85
detailed,RW,44,speed,1.7774048811572236,0.5548110168948714,85
detailed,RW,44,acceleration,1.6977320311093431,0.7548316707880833,85
detailed,RW,44,distance,134.9579408894377,40.933894732998375,85
detailed,RW,44,jerk,3.2577673688024134,1.5882966246077772,85
detailed,RW,45,speed,1.8214603794352306,0.5482944791419305,85
detailed,RW,45,acceleration,1.7917711124178408,1.103012671416729,85
detailed,RW,45,distance,140.21313149625223,46.998393377560134,85
detailed,RW,45,jerk,3.485680678276055,2.4457633695194545,85
detailed,RW,46,speed,2.0758704312097804,0.520696717970032,86
detailed,RW,46,acceleration,1.77622683477962,0.7098870590740564,86
detailed,RW,46,distance,142.1226175804663,37.529482947419275,86
detailed,RW,46,jerk,3.1932077216923638,1.480325680162035,86
detailed,RW,47,speed,1.9807156117210818,0.6339763841425714,86
detailed,RW,47,acceleration,1.7779432635857837,1.0162664123614433,86
detailed,RW,47,distance,142.4029958246653,44.78838418912393,86
detailed,RW,47,jerk,3.341484235429088,2.1881513477186023,86
detailed,RW,48,speed,2.029229429129757,0.5975177372494147,86
detailed,RW,48,acceleration,1.8283255389127915,0.7828721303702445,86
detailed,RW,48,distance,145.37895793128936,37.34903348182766,86
detailed,RW,48,jerk,3.4298376255122895,1.625239160343516,86
detailed,RW,49,speed,1.7929073862889184,0.6797409581981869,86
detailed,RW,49,acceleration,1.7612019571657316,0.9428305423818375,86
detailed,RW,49,distance,142.5649929175434,46.410217429972384,86
detailed,RW,49,jerk,3.44973332972608,2.096793545393601,86
detailed,RW,50,speed,1.8054778550561632,0.6553241779710992,86
detailed,RW,50,acceleration,1.688725633789319,0.8107330579501096,86
detailed,RW,50,distance,135.58982472340458,40.148747239074204,86
detailed,RW,50,jerk,3.208552705973413,1.6783570037655533,86
detailed,RW,51,speed,1.946760017169557,0.5796330910352909,86
detailed,RW,51,acceleration,1.8051244602862646,0.8494228536228313,86
detailed,RW,51,distance,146.61138114590162,46.4379008142085,86
detailed,RW,51,jerk,3.4503703585378807,1.8066439694387961,86
detailed,RW,52,speed,1.8228646108138375,0.6563626532465945,86
detailed,RW,52,acceleration,1.5919199333299445,0.5081380278127806,86
detailed,RW,52,distance,135.35177422574947,35.6524891392571,86
detailed,RW,52,jerk,2.981003642532425,1.0320697078525107,86
detailed,RW,53,speed,1.8698290431027802,0.7283939123721679,86
detailed,RW,53,acceleration,1.6883445549707794,0.668288803590178,86
detailed,RW,53,distance,143.6537841111713,41.991403508203554,86
detailed,RW,53,jerk,3.204913674207358,1.4472883212092695,86
detailed,RW,54,speed,1.8154488249331109,0.6425172449879504,85
detailed,RW,54,acceleration,1.7147837881806207,0.7818542374135978,85
detailed,RW,54,distance,138.3191429191566,42.840688008277404,85
detailed,RW,54,jerk,3.292854482623432,1.6787919988688758,85
detailed,RW,55,speed,1.8127553877308498,0.6241004698751422,85
detailed,RW,55,acceleration,1.83840434638872,1.2276119996579482,85
detailed,RW,55,distance,145.58943353440776,62.306576301133695,85
detailed,RW,55,jerk,3.5499536416049073,2.772624047164619,85
detailed,RW,56,speed,1.862050941665868,0.6386735750891249,85
detailed,RW,56,acceleration,1.7180903640692884,0.7747186705546708,85
detailed,RW,56,distance,140.88844380032955,41.19290105571791,85
detailed,RW,56,jerk,3.284508442665052,1.7020500466351878,85
detailed,RW,57,speed,1.6786693471770882,0.5972619122429731,83
detailed,RW,57,acceleration,1.5671575784279834,0.6696211801369156,83
detailed,RW,57,distance,131.66227604937188,37.206759541953765,83
detailed,RW,57,jerk,2.999179077673043,1.3966885593402574,83
detailed,RW,58,speed,1.7219332059351191,0.5954744249537369,85
detailed,RW,58,acceleration,1.641988705819202,0.6364557798158897,85
detailed,RW,58,distance,135.5283979437994,37.4462759183692,85
detailed,RW,58,jerk,3.1834408377824297,1.3606679101708223,85
detailed,RW,59,speed,1.851400068391082,0.7120940853340724,83
detailed,RW,59,acceleration,1.654931644479119,0.6839490312370075,83
detailed,RW,59,distance,134.94663472328506,36.561158199694106,83
detailed,RW,59,jerk,3.1272353816842218,1.4108978179822518,83
detailed,RW,60,speed,1.873652628800072,0.628066891160577,83
detailed,RW,60,acceleration,1.7218560256691056,0.6737081382870549,83
detailed,RW,60,distance,138.98413850740522,41.74840717787208,83
detailed,RW,60,jerk,3.271098106942311,1.4729057122971299,83
detailed,RW,61,speed,1.9022868501023922,0.5269633067019144,83
detailed,RW,61,acceleration,1.6996151778880548,0.6238556638297552,83
detailed,RW,61,distance,141.3579704775864,46.645937259602526,83
detailed,RW,61,jerk,3.1750601023149683,1.226909469355385,83
detailed,RW,62,speed,1.8352293972600449,0.6121502675943457,84
detailed,RW,62,acceleration,1.5936027305513405,0.6101027281759119,84
detailed,RW,62,distance,134.87266125456273,36.34750432481468,84
detailed,RW,62,jerk,3.002448722364623,1.322191760639782,84
detailed,RW,63,speed,1.7661397866433797,0.6648902810539699,86
detailed,RW,63,acceleration,1.6328464751668716,0.8311205611956839,86
detailed,RW,63,distance,138.61279767752237,53.77261881475087,86
detailed,RW,63,jerk,3.130860002272481,1.8129236549406804,86
detailed,RW,64,speed,1.6856898285505242,0.6167082073399075,83
detailed,RW,64,acceleration,1.533907579423556,0.8026812177484013,83
detailed,RW,64,distance,130.52714266440387,40.84274902097589,83
detailed,RW,64,jerk,2.953023628825438,1.7357780360588801,83
detailed,RW,65,speed,1.6165390200757983,0.6053265622716494,83
detailed,RW,65,acceleration,1.5102899187864938,0.5981281053926609,83
detailed,RW,65,distance,126.77528800168504,37.77292676123611,83
detailed,RW,65,jerk,2.8934678236780114,1.2159333522932774,83
detailed,RW,66,speed,1.8062029771221912,0.5904057873202949,83
detailed,RW,66,acceleration,1.5682533784655763,0.5741927491243757,83
detailed,RW,66,distance,135.2905495143518,39.10008634621994,83
detailed,RW,66,jerk,2.939447066533542,1.1654961678763553,83
detailed,RW,67,speed,1.750562454385213,0.6523540323005292,83
detailed,RW,67,acceleration,1.5899286888545445,0.6744124274638097,83
detailed,RW,67,distance,135.89087054171713,41.93837374765309,83
detailed,RW,67,jerk,3.019190779445668,1.3909544977466328,83
detailed,RW,68,speed,1.6502081910886257,0.5381238526832092,84
detailed,RW,68,acceleration,1.5530021476658213,0.6243277282069927,84
detailed,RW,68,distance,133.73773034244238,37.26179459100787,84
detailed,RW,68,jerk,3.028421043861988,1.332462981728026,84
detailed,RW,69,speed,1.7360474212860904,0.5695726190580611,82
detailed,RW,69,acceleration,1.5904691933345998,0.6317467384105584,82
detailed,RW,69,distance,132.2731062275943,35.2790372313947,82
detailed,RW,69,jerk,3.03857465205082,1.306678983635009,82
detailed,RW,70,speed,1.916781198775526,0.546574573858882,82
detailed,RW,70,acceleration,1.7152564866517235,0.6341551800866562,82
detailed,RW,70,distance,143.7503533563164,40.66635778786777,82
detailed,RW,70,jerk,3.2590042375085857,1.3833261889320039,82
detailed,RW,71,speed,1.7278423453216243,0.7026501961154328,82
detailed,RW,71,acceleration,1.7452042629593008,0.9145838999047409,82
detailed,RW,71,distance,141.1010259773195,44.39180703372693,82
detailed,RW,71,jerk,3.4074610560791316,1.8897846293400922,82
detailed,RW,72,speed,1.863770174693274,0.6646995992364836,81
detailed,RW,72,acceleration,1.6251147958052945,0.62388219755718,81
detailed,RW,72,distance,145.6662691272991,54.27888424951509,81
detailed,RW,72,jerk,3.1045530125768566,1.2820545125375755,81
detailed,RW,73,speed,1.7357854512301516,0.620604342931043,82
detailed,RW,73,acceleration,1.59635152821294,0.5306855978239062,82
detailed,RW,73,distance,133.40144052277412,41.35783826899476,82
detailed,RW,73,jerk,3.092563336248162,1.1359636182281563,82
detailed,RW,74,speed,1.77465964269232,0.6335420133498344,82
detailed,RW,74,acceleration,1.6380376148234665,0.5233238156235693,82
detailed,RW,74,distance,139.84130715920577,39.79626515021487,82
detailed,RW,74,jerk,3.160881622079577,1.0634210599792238,82
detailed,RW,75,speed,1.8326749339863138,0.6001321027117622,80
detailed,RW,75,acceleration,1.697045235020513,0.7316569231558749,80
detailed,RW,75,distance,139.55271610768722,41.084844481731714,80
detailed,RW,75,jerk,3.224460606381163,1.5359171702099284,80
detailed,RW,76,speed,1.886037815824724,0.6096837505545066,79
detailed,RW,76,acceleration,1.6833311587030213,0.6189211632795167,79
detailed,RW,76,distance,142.7561598298554,39.34789642647632,79
detailed,RW,76,jerk,3.188480711649253,1.3748843797377444,79
detailed,RW,77,speed,1.8319356614509874,0.5847436175251776,81
detailed,RW,77,acceleration,1.6009600497403356,0.5267892432275557,81
detailed,RW,77,distance,136.5990824216518,33.449900255478866,81
detailed,RW,77,jerk,3.0039942806370434,1.1058621792454464,81
detailed,RW,78,speed,1.6577262976388727,0.5974262337642992,82
detailed,RW,78,acceleration,1.5268413494866386,0.48696412532836764,82
detailed,RW,78,distance,131.87699083698007,38.39661970522879,82
detailed,RW,78,jerk,2.9176327288536714,0.9711250077798895,82
detailed,RW,79,speed,1.6874965000263302,0.5437763091345175,80
detailed,RW,79,acceleration,1.6168367017204581,0.6102085255017667,80
detailed,RW,79,distance,135.08186180157412,44.4633678454193,80
detailed,RW,79,jerk,3.1359924234927776,1.361902446465272,80
detailed,RW,80,speed,1.854567585229527,0.642073953001321,82
detailed,RW,80,acceleration,1.7753160640375725,0.791469059882298,82
detailed,RW,80,distance,140.74678020575524,42.90249880193008,82
detailed,RW,80,jerk,3.387322610124115,1.6745202410650095,82
detailed,RW,81,speed,1.777971524200373,0.6057804416738122,82
detailed,RW,81,acceleration,1.6262064898652786,0.4847891530558725,82
detailed,RW,81,distance,139.05193855631893,33.12371205833542,82
detailed,RW,81,jerk,3.105684789895606,0.9939772385696489,82
detailed,RW,82,speed,1.6800280417201805,0.6644070770347018,80
detailed,RW,82,acceleration,1.6211801144753024,0.6471709010406397,80
detailed,RW,82,distance,137.71917369900544,41.78012589673017,80
detailed,RW,82,jerk,3.17249426171122,1.454532277347215,80
detailed,RW,83,speed,1.8053197638032972,0.5611207393741142,79
detailed,RW,83,acceleration,1.607271369064634,0.6115144551120636,79
detailed,RW,83,distance,141.87574553298492,41.48761136514363,79
detailed,RW,83,jerk,3.0539087258599524,1.2657295403969833,79
detailed,RW,84,speed,1.6743930373758116,0.5517197523504167,78
detailed,RW,84,acceleration,1.5685421840953504,0.5759449393161175,78
detailed,RW,84,distance,136.73859965432342,45.86065452376485,78
detailed,RW,84,jerk,3.061435474242408,1.2918540385735726,78
detailed,RW,85,speed,1.870587419882923,0.6442692517109603,77
detailed,RW,85,acceleration,1.7660293120950858,0.9789342566710832,77
detailed,RW,85,distance,145.15301464566025,46.68017537672744,77
detailed,RW,85,jerk,3.385497281079145,2.1338527806051952,77
detailed,RW,86,speed,1.9960489759377362,0.4587206064973729,78
detailed,RW,86,acceleration,1.9675687150289922,1.0429858914136894,78
detailed,RW,86,distance,153.34679475744255,62.34402279581933,78
detailed,RW,86,jerk,3.7918963791978593,2.3891189735300817,78
detailed,RW,87,speed,1.8106917017887225,0.5282608588838731,76
detailed,RW,87,acceleration,1.6861279534154763,0.9917662609234122,76
detailed,RW,87,distance,145.4789022974125,52.63023582850397,76
detailed,RW,87,jerk,3.230419167488996,2.2738920434419407,76
detailed,RW,88,speed,1.8432260646398726,0.6034351798058343,73
detailed,RW,88,acceleration,1.5825960236722927,0.5273128649153146,73
detailed,RW,88,distance,137.85577144168332,34.080963905156594,73
detailed,RW,88,jerk,2.96618520704454,1.03938222080654,73
detailed,RW,89,speed,1.798682566164044,0.5835186455629884,74
detailed,RW,89,acceleration,1.7723200518479323,0.7349018280760342,74
detailed,RW,89,distance,146.1151611467341,43.742068351866614,74
detailed,RW,89,jerk,3.4813091351599303,1.6711685217227146,74
detailed,RW,90,speed,1.6740780956008727,0.661415230203278,73
detailed,RW,90,acceleration,1.7404896763997948,1.0705663043163713,73
detailed,RW,90,distance,141.85600854811884,52.17458218841218,73
detailed,RW,90,jerk,3.4336904661028878,2.261467745283769,73
detailed,LM,1,speed,2.4537869549720757,0.38240009112082474,25
detailed,LM,1,acceleration,1.9312464477383293,0.339076591351825,25
detailed,LM,1,distance,156.998725228894,23.18059702761885,25
detailed,LM,1,jerk,3.3759703863071615,0.7364484753417905,25
detailed,LM,2,speed,2.157959008425639,0.4911898953367394,25
detailed,LM,2,acceleration,1.7965912906975428,0.5390728339693797,25
detailed,LM,2,distance,147.14139696956028,34.61263038250796,25
detailed,LM,2,jerk,3.3085677254399446,1.1664094781947145,25
detailed,LM,3,speed,2.055462972245098,0.5250768531781504,25
detailed,LM,3,acceleration,1.8122914506400039,0.582776994527069,25
detailed,LM,3,distance,144.20989798253726,30.956882192548818,25
detailed,LM,3,jerk,3.3771606483095,1.1824180264461828,25
detailed,LM,4,speed,1.9220568024124967,0.584574879151422,25
detailed,LM,4,acceleration,1.7059722674308204,0.6125317296330259,25
detailed,LM,4,distance,141.17062102617444,25.79373279419754,25
detailed,LM,4,jerk,3.2316517376703318,1.2667747058784873,25
detailed,LM,5,speed,2.0905704906493,0.6380736991783514,25
detailed,LM,5,acceleration,1.811710173214466,0.6339847885636433,25
detailed,LM,5,distance,144.17382722843456,33.07256878068943,25
detailed,LM,5,jerk,3.342696906693663,1.210089454538481,25
detailed,LM,6,speed,2.0286801022552607,0.6217439740691973,25
detailed,LM,6,acceleration,1.8348910070035498,0.660882588079265,25
detailed,LM,6,distance,149.40664136688795,43.41640911408105,25
detailed,LM,6,jerk,3.458708989370723,1.5131489520291872,25
detailed,LM,7,speed,1.9407603436785217,0.5744605543325427,25
detailed,LM,7,acceleration,2.0702353927098223,1.0489347542612943,25
detailed,LM,7,distance,155.73338936295167,59.59288659631839,25
detailed,LM,7,jerk,4.067515664376988,2.1924622653871437,25
detailed,LM,8,speed,1.9205817012337432,0.7805000368573026,25
detailed,LM,8,acceleration,1.9603866721854986,0.6788672680444665,25
detailed,LM,8,distance,150.5836519401286,45.96946610305446,25
detailed,LM,8,jerk,3.797241168783294,1.5715724838911487,25
detailed,LM,9,speed,1.8326884510469217,0.666267570289255,25
detailed,LM,9,acceleration,1.6879951177396912,0.8971835905633921,25
detailed,LM,9,distance,133.08317266184636,42.159133850561894,25
detailed,LM,9,jerk,3.186686423957359,1.8924785779674091,25
detailed,LM,10,speed,1.7556477115227958,0.5653649940106166,25
detailed,LM,10,acceleration,1.4457153330975867,0.3929394631654362,25
detailed,LM,10,distance,124.4633386338468,26.605553573587585,25
detailed,LM,10,jerk,2.7300537549369834,0.7552292810011332,25
detailed,LM,11,speed,1.965898064596625,0.48309488620442276,25
detailed,LM,11,acceleration,1.7578318538450117,0.5370522869211615,25
detailed,LM,11,distance,142.59181924023366,33.713756583590325,25
detailed,LM,11,jerk,3.3318629809807394,1.1554962373170263,25
detailed,LM,12,speed,1.7635309762066254,0.6617896126650655,25
detailed,LM,12,acceleration,1.72962010660744,0.7409411573449749,25
detailed,LM,12,distance,127.40305340593069,37.57128760693723,25
detailed,LM,12,jerk,3.285085739844659,1.5046011723777988,25
detailed,LM,13,speed,1.830273933807216,0.6306703948386359,25
detailed,LM,13,acceleration,1.685937697413587,0.5085897103550718,25
detailed,LM,13,distance,127.27057456091293,30.808050110016456,25
detailed,LM,13,jerk,3.1942379856707337,0.9649338400995023,25
detailed,LM,14,speed,2.1613876998781443,0.43680906304658373,25
detailed,LM,14,acceleration,1.8234121922387723,0.5779368438584244,25
detailed,LM,14,distance,146.00897565354865,27.045015668149876,25
detailed,LM,14,jerk,3.39163290938629,1.2886927012865563,25
detailed,LM,15,speed,1.9969158619219298,0.567219363043191,25
detailed,LM,15,acceleration,1.738783847380301,0.5669053004929011,25
detailed,LM,15,distance,136.7347831849959,36.53553242951922,25
detailed,LM,15,jerk,3.2495415174964872,1.2063914359612402,25
detailed,LM,16,speed,1.7498371148823713,0.6599483178502165,25
detailed,LM,16,acceleration,1.5587363312064948,0.5288251373206447,25
detailed,LM,16,distance,128.90759490143296,29.500790235033815,25
detailed,LM,16,jerk,2.9056344046205065,1.020626321383385,25
detailed,LM,17,speed,1.60299851440084,0.7460433720474642,25
detailed,LM,17,acceleration,1.7963736658912342,1.4422317150510624,25
detailed,LM,17,distance,130.9975831324503,54.7803010193764,25
detailed,LM,17,jerk,3.5185042169580805,3.0684808359051763,25
detailed,LM,18,speed,1.9308537051895853,0.7419565651989475,25
detailed,LM,18,acceleration,1.7490531497869002,0.7195096013491785,25
detailed,LM,18,distance,138.49038353936012,41.310003636466455,25
detailed,LM,18,jerk,3.2852632716108787,1.4604919364568978,25
detailed,LM,19,speed,1.8720723353407522,0.5522831528101158,25
detailed,LM,19,acceleration,1.6530094324999982,0.6170072978378607,25
detailed,LM,19,distance,127.02279216857565,34.35380795866101,25
detailed,LM,19,jerk,3.0780622180966044,1.3419464112717074,25
detailed,LM,20,speed,2.0153229600177194,0.7143667427074022,25
detailed,LM,20,acceleration,1.827710835271563,0.663176378200141,25
detailed,LM,20,distance,143.198274144739,38.57494285952287,25
detailed,LM,20,jerk,3.453956004524613,1.428208606256359,25
detailed,LM,21,speed,1.8183179058583787,0.49815965883217905,25
detailed,LM,21,acceleration,1.6517139788817317,0.38542945153629643,25
detailed,LM,21,distance,131.6850669609831,25.73148883436728,25
detailed,LM,21,jerk,3.166014342579887,0.8681859743463616,25
detailed,LM,22,speed,1.8842725995832108,0.5288936508513542,25
detailed,LM,22,acceleration,1.6136585221953057,0.4422894246003536,25
detailed,LM,22,distance,130.24088171795253,27.852188200205934,25
detailed,LM,22,jerk,2.9961065307388304,0.9046435305248071,25
detailed,LM,23,speed,1.897954718266175,0.37363913361834494,25
detailed,LM,23,acceleration,1.6531789670130448,0.40537516130208423,25
detailed,LM,23,distance,132.78358201415938,19.24717839015173,25
detailed,LM,23,jerk,3.1040421533679607,0.8865575499625076,25
detailed,LM,24,speed,2.040194011849894,0.4907384705472175,25
detailed,LM,24,acceleration,2.153621732690634,1.1669300178566517,25
detailed,LM,24,distance,156.5583779198537,41.340434401773464,25
detailed,LM,24,jerk,4.153321106217319,2.677599089190638,25
detailed,LM,25,speed,1.7503902778785139,0.46583920667647555,25
detailed,LM,25,acceleration,1.5878262217476644,0.6475081951116366,25
detailed,LM,25,distance,122.81029190848804,29.273467110021155,25
detailed,LM,25,jerk,2.9181941886226612,1.2207964882852707,25
detailed,LM,26,speed,1.9817668232559325,0.5599539932873024,25
detailed,LM,26,acceleration,1.7164104010194936,0.6177012577078131,25
detailed,LM,26,distance,137.35934442053355,34.91914241510174,25
detailed,LM,26,jerk,3.171346412532001,1.274218690187838,25
detailed,LM,27,speed,1.9990897435119819,0.5523946829313114,25
detailed,LM,27,acceleration,2.044176754303449,0.6588628048909574,25
detailed,LM,27,distance,159.17023213678485,39.314946508732774,25
detailed,LM,27,jerk,4.042900135666543,1.4537432710795646,25
detailed,LM,28,speed,1.7413774614643827,0.5341675497857781,25
detailed,LM,28,acceleration,1.7364074059908383,0.911699682156702,25
detailed,LM,28,distance,137.1902953332668,34.951152570080794,25
detailed,LM,28,jerk,3.3340858783512344,1.9576886465209198,25
detailed,LM,29,speed,1.836262212402334,0.5176863690451277,25
detailed,LM,29,acceleration,1.8357692268515295,0.8551095225392608,25
detailed,LM,29,distance,137.90108638046527,35.69456687075631,25
detailed,LM,29,jerk,3.533724981796,1.8706281502152278,25
detailed,LM,30,speed,2.045285976874825,0.7086358258218807,25
detailed,LM,30,acceleration,1.7849446817146415,0.5502770361586252,25
detailed,LM,30,distance,144.7779553402127,36.620387330672116,25
detailed,LM,30,jerk,3.3506502380605734,1.1898526870020596,25
detailed,LM,31,speed,1.6723608261475338,0.6716844324717175,25
detailed,LM,31,acceleration,1.5156925053651173,0.8315772999563016,25
detailed,LM,31,distance,124.16072334797953,44.08985645785933,25
detailed,LM,31,jerk,2.9285676257582236,1.797691322551029,25
detailed,LM,32,speed,1.827000080040498,0.6731245445870925,25
detailed,LM,32,acceleration,1.6789139764800152,0.5033744130725866,25
detailed,LM,32,distance,141.85220971992376,31.287777906024232,25
detailed,LM,32,jerk,3.2601633203597395,1.0617463443097153,25
detailed,LM,33,speed,1.7190110501481977,0.6357810104771602,25
detailed,LM,33,acceleration,1.5637551294797194,0.5061781912392401,25
detailed,LM,33,distance,124.54175537834895,29.543722649539777,25
detailed,LM,33,jerk,2.932851442795212,0.9391112440838316,25
detailed,LM,34,speed,1.641524365386467,0.5457941038386792,25
detailed,LM,34,acceleration,1.7131708269685486,0.7696925776805128,25
detailed,LM,34,distance,132.89252330503496,39.329054048692285,25
detailed,LM,34,jerk,3.37050401383991,1.7569719502487218,25
detailed,LM,35,speed,1.6888834182418895,0.46829276221199645,25
detailed,LM,35,acceleration,1.5044768154293846,0.40079069603562245,25
detailed,LM,35,distance,119.17511608675744,22.814858643452975,25
detailed,LM,35,jerk,2.806491313078462,0.762024566998064,25
detailed,LM,36,speed,1.6932013511372157,0.6721885149365001,25
detailed,LM,36,acceleration,1.7421908784026083,1.0115611222419445,25
detailed,LM,36,distance,136.1077553137071,45.27637168555176,25
detailed,LM,36,jerk,3.4109711009375827,2.2099538674316914,25
detailed,LM,37,speed,1.5282893019470374,0.7694074299471622,25
detailed,LM,37,acceleration,1.534013089087984,0.652330100375345,25
detailed,LM,37,distance,122.4953916280677,33.99050470354963,25
detailed,LM,37,jerk,3.0321374756594097,1.2742075166193467,25
detailed,LM,38,speed,1.8294994030472411,0.7406696960545874,25
detailed,LM,38,acceleration,1.8123617509365157,0.6575517826850523,25
detailed,LM,38,distance,138.06299215813743,38.61445566385395,25
detailed,LM,38,jerk,3.521302808721886,1.2958518070204004,25
detailed,LM,39,speed,1.8798487522821865,0.6948175579035741,25
detailed,LM,39,acceleration,1.7099644022063771,0.69615725498887,25
detailed,LM,39,distance,136.2001067229656,44.50834945541044,25
detailed,LM,39,jerk,3.2488886699554302,1.4799749924950942,25
detailed,LM,40,speed,2.0143035857109424,0.7861481767547496,25
detailed,LM,40,acceleration,1.8977058827559135,0.8607944987878696,25
detailed,LM,40,distance,151.8176924057598,40.99332363031332,25
detailed,LM,40,jerk,3.594275709135958,1.7694381692571561,25
detailed,LM,41,speed,1.6658728036946002,0.6078371427579131,25
detailed,LM,41,acceleration,1.5004682590182465,0.537460405173778,25
detailed,LM,41,distance,127.06789380107702,30.62714777065418,25
detailed,LM,41,jerk,2.830650921743542,1.2180782731563875,25
detailed,LM,42,speed,1.688455577257046,0.6533600088000369,25
detailed,LM,42,acceleration,1.4861409482519021,0.4201586862004754,25
detailed,LM,42,distance,121.62975288503432,35.927008305399156,25
detailed,LM,42,jerk,2.7861470431976003,0.8238548813627209,25
detailed,LM,43,speed,1.8482375480866553,0.5892573237443539,25
detailed,LM,43,acceleration,1.57824854570912,0.4817070860848163,25
detailed,LM,43,distance,135.63670117004776,30.38439228670109,25
detailed,LM,43,jerk,2.9600386772167746,1.0084764068337397,25
detailed,LM,44,speed,1.7283201023350316,0.6905424677523433,25
detailed,LM,44,acceleration,1.5696832614471727,0.6702698711747395,25
detailed,LM,44,distance,129.64370936628558,33.75183071296509,25
detailed,LM,44,jerk,2.9920775239926822,1.3420278530266772,25
detailed,LM,45,speed,1.7289911882855487,0.7496381933524742,25
detailed,LM,45,acceleration,1.642516544062441,0.7039274917855499,25
detailed,LM,45,distance,128.09139422663907,36.83169656552494,25
detailed,LM,45,jerk,3.125123877842749,1.384985672381983,25
detailed,LM,46,speed,2.176042129113126,0.5172106215997258,22
detailed,LM,46,acceleration,2.0415971779096456,0.989323636929179,22
detailed,LM,46,distance,151.18053052761286,46.35350196977647,22
detailed,LM,46,jerk,3.714634877999465,2.354687704932039,22
detailed,LM,47,speed,1.9361783276452174,0.6145724367341688,22
detailed,LM,47,acceleration,1.9145800550096752,0.8929974528204312,22
detailed,LM,47,distance,157.43845202604618,53.02397674289932,22
detailed,LM,47,jerk,3.7465800525486035,1.8570238877190857,22
detailed,LM,48,speed,2.0058572664878795,0.673893693365269,22
detailed,LM,48,acceleration,1.9674477610770948,1.0291908092907534,22
detailed,LM,48,distance,160.06955403813893,67.6936717337275,22
detailed,LM,48,jerk,3.749130633004337,2.195749244819069,22
detailed,LM,49,speed,1.8525489762790144,0.7673584926129318,22
detailed,LM,49,acceleration,1.7261651323703604,0.8658453523189367,22
detailed,LM,49,distance,138.363049444082,47.029721783520216,22
detailed,LM,49,jerk,3.3374416303778762,1.7662017962062293,22
detailed,LM,50,speed,1.9042240675583288,0.5982810874045463,22
detailed,LM,50,acceleration,1.7346223315219698,0.7800453410218412,22
detailed,LM,50,distance,140.99400107398407,38.1845640388614,22
detailed,LM,50,jerk,3.2949090022283105,1.6941011000167685,22
detailed,LM,51,speed,1.8966269237242939,0.5635683241730882,22
detailed,LM,51,acceleration,1.7400246127573902,0.6898392981825833,22
detailed,LM,51,distance,135.49689975911042,36.51620414991281,22
detailed,LM,51,jerk,3.262138118602549,1.4634113354520606,22
detailed,LM,52,speed,2.029078911820353,0.5626121637543575,22
detailed,LM,52,acceleration,1.8956645216593124,0.9474026787299432,22
detailed,LM,52,distance,146.69649579849363,42.89363859045406,22
detailed,LM,52,jerk,3.547637365991371,1.9494693083506716,22
detailed,LM,53,speed,1.989105271962552,0.6025501905018252,22
detailed,LM,53,acceleration,1.9910011180443383,0.9688178076904714,22
detailed,LM,53,distance,153.50763995530625,46.36756849531299,22
detailed,LM,53,jerk,3.8483500614280475,1.9910048751090272,22
detailed,LM,54,speed,1.9065612195274517,0.725137421776672,22
detailed,LM,54,acceleration,1.765855720878092,0.9034407895644057,22
detailed,LM,54,distance,145.30406713025485,43.864843605365465,22
detailed,LM,54,jerk,3.368334629066537,1.9414589822153172,22
detailed,LM,55,speed,1.9901095961995303,0.6217708097324631,22
detailed,LM,55,acceleration,1.910475353220509,0.8728382850345211,22
detailed,LM,55,distance,149.2560070653301,43.53445141204013,22
detailed,LM,55,jerk,3.6992340957347243,1.9033907349131312,22
detailed,LM,56,speed,1.9573081985609304,0.5621640032064427,22
detailed,LM,56,acceleration,2.1674086922461795,1.7459952186051924,22
detailed,LM,56,distance,157.31552287477396,66.60056848693723,22
detailed,LM,56,jerk,4.3418906059535285,3.999393706665656,22
detailed,LM,57,speed,1.8204801293066957,0.49730464926358137,22
detailed,LM,57,acceleration,1.9200308753363864,0.8713948852448619,22
detailed,LM,57,distance,140.85230247926515,36.230640759978044,22
detailed,LM,57,jerk,3.7032376174891684,1.8860554295834007,22
detailed,LM,58,speed,1.7818096649938282,0.63869960252578,22
detailed,LM,58,acceleration,2.0452462371647773,1.2860128343588888,22
detailed,LM,58,distance,152.45210850989545,59.91776795557878,22
detailed,LM,58,jerk,4.096065432407933,2.850579713834669,22
detailed,LM,59,speed,1.710785537371687,0.6619270589947522,20
detailed,LM,59,acceleration,1.5340657103304591,0.6298594242288222,20
detailed,LM,59,distance,124.69462321039123,37.069038884311844,20
detailed,LM,59,jerk,2.883521141365695,1.262188297774913,20
detailed,LM,60,speed,1.8618588731144932,0.4727842976948795,20
detailed,LM,60,acceleration,1.8346519436686717,0.8972152233956942,20
detailed,LM,60,distance,140.557891153739,35.74918885689707,20
detailed,LM,60,jerk,3.512894117608216,2.028576292293201,20
detailed,LM,61,speed,1.7718861368140022,0.5118287271114507,20
detailed,LM,61,acceleration,1.888508545285664,1.048059704657366,20
detailed,LM,61,distance,137.22544662637804,48.82445079908551,20
detailed,LM,61,jerk,3.6618132949685327,2.2893228417699962,20
detailed,LM,62,speed,1.955838838412718,0.5904834082237158,20
detailed,LM,62,acceleration,1.8562767820761394,0.6060111440860495,20
detailed,LM,62,distance,144.4475724884761,40.311876234088956,20
detailed,LM,62,jerk,3.6023433683467365,1.2820741459955032,20
detailed,LM,63,speed,1.9153460306681747,0.5303849013377779,20
detailed,LM,63,acceleration,1.8600160995477553,0.8731561557313259,20
detailed,LM,63,distance,148.19716537606547,46.32784326094669,20
detailed,LM,63,jerk,3.645015675283078,1.9486489677660004,20
detailed,LM,64,speed,1.8238524925850303,0.5461952625945194,20
detailed,LM,64,acceleration,1.6581629729898169,0.6744088086879846,20
detailed,LM,64,distance,141.73113279624891,40.569626336155146,20
detailed,LM,64,jerk,3.110309739715004,1.3408636070025508,20
detailed,LM,65,speed,1.732117236283156,0.4357670239439707,19
detailed,LM,65,acceleration,1.579456088545538,0.4529124583328717,19
detailed,LM,65,distance,134.54714056720954,35.09853316711448,19
detailed,LM,65,jerk,3.142084871973615,1.0759947326662476,19
detailed,LM,66,speed,1.9537575349821261,0.5536530194790279,20
detailed,LM,66,acceleration,1.7195473083632664,0.49934420165943927,20
detailed,LM,66,distance,139.96157393465808,29.27963974278312,20
detailed,LM,66,jerk,3.1998068485087003,1.0555577897170936,20
detailed,LM,67,speed,1.9601571644834954,0.4218605825068302,20
detailed,LM,67,acceleration,1.5774484539582503,0.5166732281308939,20
detailed,LM,67,distance,137.75431862147846,27.15535871724988,20
detailed,LM,67,jerk,2.863052363034888,1.0871198025143176,20
detailed,LM,68,speed,1.6409241368946563,0.6103180038663445,19
detailed,LM,68,acceleration,1.6202022305322945,0.7839708408139185,19
detailed,LM,68,distance,129.3470410728724,39.061181757712546,19
detailed,LM,68,jerk,3.1788359060510665,1.7154023428503042,19
detailed,LM,69,speed,1.950564184161034,0.6156170527946014,18
detailed,LM,69,acceleration,1.9286960159741158,0.8546325944125576,18
detailed,LM,69,distance,149.70560393213466,38.32007613396824,18
detailed,LM,69,jerk,3.732910847826788,1.7179636857383176,18
detailed,LM,70,speed,2.064727489599507,0.7260411176887099,18
detailed,LM,70,acceleration,1.8540538528179427,0.6464227662768983,18
detailed,LM,70,distance,158.15473734827015,53.545005490304035,18
detailed,LM,70,jerk,3.5622286394267357,1.3011637028811132,18
detailed,LM,71,speed,1.5851000201342202,0.6226775705723525,18
detailed,LM,71,acceleration,1.4274839196911135,0.5093697436136069,18
detailed,LM,71,distance,124.00352152076428,31.86479956016168,18
detailed,LM,71,jerk,2.743792671583506,1.0390734101897414,18
detailed,LM,72,speed,1.584967740386059,0.7924700176702095,19
detailed,LM,72,acceleration,1.5876796735985763,0.644146075695277,19
detailed,LM,72,distance,142.1817477523586,55.89178911237663,19
detailed,LM,72,jerk,3.120144131752011,1.188959919573109,19
detailed,LM,73,speed,1.792578608176876,0.5368286707453737,19
detailed,LM,73,acceleration,1.9771740028921418,0.5552501176917356,19
detailed,LM,73,distance,152.18003292508646,32.349573851084585,19
detailed,LM,73,jerk,3.9805621280624943,1.3550482339024688,19
detailed,LM,74,speed,1.9589217581150455,0.5931636929574287,18
detailed,LM,74,acceleration,1.7506758950543724,0.49123839899195293,18
detailed,LM,74,distance,141.66652534094652,35.61296228366657,18
detailed,LM,74,jerk,3.328195064301842,1.0150849165070122,18
detailed,LM,75,speed,1.591380122152625,0.5192081696978772,18
detailed,LM,75,acceleration,1.4628083094048627,0.3569196473627491,18
detailed,LM,75,distance,128.4968356009995,25.3207950268269,18
detailed,LM,75,jerk,2.923847814264482,0.6335272340944239,18
detailed,LM,76,speed,1.6423512613980686,0.6400872141890553,18
detailed,LM,76,acceleration,1.4942937052519252,0.5008869803873076,18
detailed,LM,76,distance,126.64699815338187,29.674384174643137,18
detailed,LM,76,jerk,2.894076474258113,1.0572997079776576,18
detailed,LM,77,speed,1.721899827805314,0.6925936752408703,17
detailed,LM,77,acceleration,1.6840799433608973,0.43737201784356383,17
detailed,LM,77,distance,133.05680587174825,36.05744495673574,17
detailed,LM,77,jerk,3.25182522999108,0.847255588289577,17
detailed,LM,78,speed,1.688757172632836,0.6200193451386042,17
detailed,LM,78,acceleration,1.6485314739715005,0.6258099003011703,17
detailed,LM,78,distance,128.08286527101725,32.88469304242553,17
detailed,LM,78,jerk,3.2010157876049705,1.2900344962222454,17
detailed,LM,79,speed,1.86148459042446,0.42079974466362174,17
detailed,LM,79,acceleration,1.585850306000967,0.32798081406202023,17
detailed,LM,79,distance,141.93436321441004,22.57685168562508,17
detailed,LM,79,jerk,3.0271106136937997,0.871089930860649,17
detailed,LM,80,speed,1.8469723532014175,0.6195359324709543,17
detailed,LM,80,acceleration,1.7058536176661587,0.6380003006673223,17
detailed,LM,80,distance,141.98921727037776,47.9672769114,17
detailed,LM,80,jerk,3.220693062712515,1.412469328630501,17
detailed,LM,81,speed,1.8178579568132023,0.4048881300442528,16
detailed,LM,81,acceleration,1.6095507124389183,0.24101199342999166,16
detailed,LM,81,distance,147.1584664409108,44.34395129240514,16
detailed,LM,81,jerk,3.0427188370682905,0.48611242249372977,16
detailed,LM,82,speed,1.6740216180689163,0.5538785779261134,16
detailed,LM,82,acceleration,1.7452849107662256,0.6031726488711114,16
detailed,LM,82,distance,134.74601999612742,21.164428344629123,16
detailed,LM,82,jerk,3.505117001703492,1.4945899063093615,16
detailed,LM,83,speed,1.658664718806406,0.6144615794071542,15
detailed,LM,83,acceleration,1.456048761466458,0.39647597342621066,15
detailed,LM,83,distance,125.59279534008341,24.869354879806473,15
detailed,LM,83,jerk,2.8120971476556806,0.8222589667887223,15
detailed,LM,84,speed,1.8919546088525685,0.42640268101013606,15
detailed,LM,84,acceleration,1.8038073540254245,0.8235149066017453,15
detailed,LM,84,distance,139.02509701446377,36.81660121997279,15
detailed,LM,84,jerk,3.448543708480544,1.6281344329461513,15
detailed,LM,85,speed,1.6695476449049962,0.46225617362148996,14
detailed,LM,85,acceleration,1.4949163169300443,0.4462165741459919,14
detailed,LM,85,distance,124.76270581700354,27.697692285763043,14
detailed,LM,85,jerk,2.876869747784988,0.9796309080346943,14
detailed,LM,86,speed,1.5943710981887735,0.3889573706670829,13
detailed,LM,86,acceleration,1.3812281860010929,0.22669562637409651,13
detailed,LM,86,distance,113.3734684910784,15.2892857551854,13
detailed,LM,86,jerk,2.716134528878598,0.49251277143945443,13
detailed,LM,87,speed,1.8436241835070415,0.39770242497963443,12
detailed,LM,87,acceleration,1.643083797253609,0.7712839192728023,12
detailed,LM,87,distance,137.31941358036036,23.21939592046467,12
detailed,LM,87,jerk,3.1146243782103924,1.6076236849837626,12
detailed,LM,88,speed,2.261181654320502,0.6686109200456367,12
detailed,LM,88,acceleration,2.039097447276506,0.7085597389138932,12
detailed,LM,88,distance,166.75674684376023,41.072247485542796,12
detailed,LM,88,jerk,3.9002020506234913,1.5748377030829512,12
detailed,LM,89,speed,1.8795821880252195,0.5105457449836348,12
detailed,LM,89,acceleration,1.6677361771979846,0.4813776155813422,12
detailed,LM,89,distance,139.2177564988568,37.419126357961495,12
detailed,LM,89,jerk,3.213726844514524,1.0961711964071934,12
detailed,LM,90,speed,1.8626946003367404,0.7925310485185971,12
detailed,LM,90,acceleration,1.6822454414184438,0.822871318090915,12
detailed,LM,90,distance,138.86238313458657,49.503412971163804,12
detailed,LM,90,jerk,3.2616428734785967,1.7681294125683085,12
detailed,RM,1,speed,2.5611262512008235,0.43315183665862783,25
detailed,RM,1,acceleration,2.507972633761465,1.3704798574048322,25
detailed,RM,1,distance,174.79726501263593,50.2496962626198,25
detailed,RM,1,jerk,4.582837693845165,3.14399205705354,25
detailed,RM,2,speed,2.251399476731757,0.43886400915287066,25
detailed,RM,2,acceleration,2.675078060636557,2.8405017925782103,25
detailed,RM,2,distance,173.91884333535006,84.10366966200817,25
detailed,RM,2,jerk,5.296689242764012,6.5723046444779625,25
detailed,RM,3,speed,2.009423041535004,0.6278485721748241,25
detailed,RM,3,acceleration,1.877459981564035,1.0167670973838994,25
detailed,RM,3,distance,143.83267377769366,44.47280162676352,25
detailed,RM,3,jerk,3.5857221403422064,2.2927797412973705,25
detailed,RM,4,speed,1.972318052250924,0.5626666806909756,25
detailed,RM,4,acceleration,2.025126722174312,1.109372575882793,25
detailed,RM,4,distance,149.56305739058953,37.84885351615637,25
detailed,RM,4,jerk,3.91833811046986,2.5007094187463936,25
detailed,RM,5,speed,2.1615850966735914,0.6270090884397517,25
detailed,RM,5,acceleration,2.3129769428870035,1.305492388878651,25
detailed,RM,5,distance,164.30617629165903,49.4968646653044,25
detailed,RM,5,jerk,4.440053317245635,2.884501515216865,25
detailed,RM,6,speed,2.0596603170571885,0.675839015177601,25
detailed,RM,6,acceleration,1.9279143717147043,0.8986229148315604,25
detailed,RM,6,distance,155.77913894674023,55.204277468192814,25
detailed,RM,6,jerk,3.6542480280133502,2.0104746577015944,25
detailed,RM,7,speed,1.8993702410951598,0.4839578374256562,25
detailed,RM,7,acceleration,2.201887982039235,1.8026946261284895,25
detailed,RM,7,distance,150.88805297069553,62.83308372398491,25
detailed,RM,7,jerk,4.3817935159738575,4.153402128492384,25
detailed,RM,8,speed,1.8723275414549272,0.7366407865780733,25
detailed,RM,8,acceleration,1.9171862472522987,0.842334726032644,25
detailed,RM,8,distance,143.92045721783472,36.87887879570772,25
detailed,RM,8,jerk,3.70321930650017,1.860644952511563,25
detailed,RM,9,speed,1.993388819209872,0.7521214467085545,25
detailed,RM,9,acceleration,1.8338748596506584,0.750593892369089,25
detailed,RM,9,distance,140.91254305204058,49.56298888347941,25
detailed,RM,9,jerk,3.491628061297767,1.4966371625311503,25
detailed,RM,10,speed,1.793531525687113,0.601377034473276,25
detailed,RM,10,acceleration,1.6771289520911057,0.6995502454604483,25
detailed,RM,10,distance,132.02230049339977,36.084602801179905,25
detailed,RM,10,jerk,3.259697000934223,1.4892965456300586,25
detailed,RM,11,speed,2.007845899432861,0.527372619026919,25
detailed,RM,11,acceleration,2.0002101004864765,1.0235440752031544,25
detailed,RM,11,distance,147.5830459005642,44.13192654595848,25
detailed,RM,11,jerk,3.84941221516675,2.285464277425364,25
detailed,RM,12,speed,1.8995870961492394,0.6100786136340508,25
detailed,RM,12,acceleration,2.239405547323726,1.9389010114824494,25
detailed,RM,12,distance,153.8047632831821,73.31830193923552,25
detailed,RM,12,jerk,4.357889239334296,3.9709621720256796,25
detailed,RM,13,speed,1.8856626345698513,0.7016265720981322,25
detailed,RM,13,acceleration,1.8328470205703586,0.8026074796788526,25
detailed,RM,13,distance,135.7555775628256,43.28175599515855,25
detailed,RM,13,jerk,3.4942656027215353,1.6793687994351,25
detailed,RM,14,speed,2.0903534492059954,0.4549184480099541,25
detailed,RM,14,acceleration,2.191456421887758,2.1338422679470903,25
detailed,RM,14,distance,153.84983269705,65.34631058718722,25
detailed,RM,14,jerk,4.198744818585015,4.8659293136288335,25
detailed,RM,15,speed,1.9689246587732094,0.5837295070937056,25
detailed,RM,15,acceleration,1.9925203524717419,1.3702151888232252,25
detailed,RM,15,distance,144.9311587384187,55.1443217653589,25
detailed,RM,15,jerk,3.835096020108783,3.0497676568574903,25
detailed,RM,16,speed,1.8881926203129669,0.7040801702772633,25
detailed,RM,16,acceleration,1.7329311420696347,0.7594014749661679,25
detailed,RM,16,distance,139.23387541026253,38.63197264998588,25
detailed,RM,16,jerk,3.282653111200429,1.5587698980471152,25
detailed,RM,17,speed,1.6467387681970842,0.6462993192509223,25
detailed,RM,17,acceleration,1.7013388409980117,1.1260566267030436,25
detailed,RM,17,distance,129.8979957753905,48.64748538833915,25
detailed,RM,17,jerk,3.3185197177546515,2.4358634728437085,25
detailed,RM,18,speed,1.9978481111935977,0.8009025237724747,25
detailed,RM,18,acceleration,1.6897811933431228,0.6056263314339337,25
detailed,RM,18,distance,140.32330584879793,39.453931298016386,25
detailed,RM,18,jerk,3.085905718445412,1.1020232623776969,25
detailed,RM,19,speed,1.9875478047677453,0.6142098841027893,25
detailed,RM,19,acceleration,2.012839514434654,0.9124958292272085,25
detailed,RM,19,distance,142.23089675706572,40.2705750511587,25
detailed,RM,19,jerk,3.8601523687510855,1.9603743124179256,25
detailed,RM,20,speed,1.9554082152965282,0.653168739318493,25
detailed,RM,20,acceleration,1.7422571263151363,0.5699372829694112,25
detailed,RM,20,distance,138.46999067072096,32.02449298696923,25
detailed,RM,20,jerk,3.3253304326823754,1.2744702171809505,25
detailed,RM,21,speed,1.8413681205107681,0.5501712991601714,25
detailed,RM,21,acceleration,1.728438698040818,0.8872743882980622,25
detailed,RM,21,distance,135.7167228241091,36.03317919896542,25
detailed,RM,21,jerk,3.3308553760092514,1.8706347243197312,25
detailed,RM,22,speed,1.9609202789891085,0.5490290758642097,25
detailed,RM,22,acceleration,1.8351802194837847,0.979389340508655,25
detailed,RM,22,distance,139.97470364016957,38.61430253365268,25
detailed,RM,22,jerk,3.476171574323914,2.29396148453208,25
detailed,RM,23,speed,1.9865701433666034,0.5035357268939243,25
detailed,RM,23,acceleration,1.862179190169582,1.2574132962006146,25
detailed,RM,23,distance,142.83327019258797,47.69492315305607,25
detailed,RM,23,jerk,3.5381839409534517,2.7892769894509093,25
detailed,RM,24,speed,2.0144874011269436,0.4914038804048184,25
detailed,RM,24,acceleration,1.9566946108709515,0.8732585113999348,25
detailed,RM,24,distance,145.446153844126,35.6874412834002,25
detailed,RM,24,jerk,3.675364417834686,1.884647348830119,25
detailed,RM,25,speed,2.0711217317831805,0.5037329390648965,25
detailed,RM,25,acceleration,1.9671674271637023,0.9371478430245198,25
detailed,RM,25,distance,147.96237468883248,42.43950137958428,25
detailed,RM,25,jerk,3.6987740403571108,2.064873062410339,25
detailed,RM,26,speed,1.9907017813891088,0.6262595823511228,25
detailed,RM,26,acceleration,1.9137266292412645,1.2859010403599924,25
detailed,RM,26,distance,141.20230173088578,52.22774949332421,25
detailed,RM,26,jerk,3.6458385681023304,2.849332290064877,25
detailed,RM,27,speed,1.9425342584443903,0.7139578821072317,25
detailed,RM,27,acceleration,1.7730697593024525,0.7573797612070355,25
detailed,RM,27,distance,142.7025301054328,42.119996219341914,25
detailed,RM,27,jerk,3.4260126711226024,1.5752805528525053,25
detailed,RM,28,speed,1.7345330256376374,0.6292997005391537,25
detailed,RM,28,acceleration,1.8419679274176297,0.7818699118478095,25
detailed,RM,28,distance,137.07439156391408,35.54308873895195,25
detailed,RM,28,jerk,3.590782240484445,1.6230777064919892,25
detailed,RM,29,speed,1.775202915010548,0.6289318729675676,25
detailed,RM,29,acceleration,1.6104302110729605,0.7040534549738365,25
detailed,RM,29,distance,132.41739841587014,32.91073094607051,25
detailed,RM,29,jerk,3.0036775690872166,1.3284932448708262,25
detailed,RM,30,speed,2.0433416769996704,0.7826929213598266,25
detailed,RM,30,acceleration,2.078389915413927,1.1489919185346216,25
detailed,RM,30,distance,153.64219942004092,59.47741126824364,25
detailed,RM,30,jerk,3.9760045879251216,2.3914335296715596,25
detailed,RM,31,speed,1.8365572881722168,0.7453009494261899,25
detailed,RM,31,acceleration,1.489192494704242,0.43791057372730713,25
detailed,RM,31,distance,134.74663583465517,43.50286470894307,25
detailed,RM,31,jerk,2.7387021991452496,0.7697923292825629,25
detailed,RM,32,speed,1.904796524403715,0.805963772174822,25
detailed,RM,32,acceleration,1.6319593591457409,0.5496263087709572,25
detailed,RM,32,distance,143.93968494535972,35.40794114868917,25
detailed,RM,32,jerk,3.165853393261764,1.0962076166741255,25
detailed,RM,33,speed,1.7967917318481392,0.6383361102550007,25
detailed,RM,33,acceleration,1.552276152358195,0.5444636292834276,25
detailed,RM,33,distance,134.91838657702812,30.29748675967534,25
detailed,RM,33,jerk,2.878406449820967,1.1161390928936805,25
detailed,RM,34,speed,1.7087401746259994,0.6763972214562999,25
detailed,RM,34,acceleration,1.5826505381709108,0.6079684177388196,25
detailed,RM,34,distance,132.51346043133978,35.27257573769517,25
detailed,RM,34,jerk,3.0503561742589627,1.2488270400731771,25
detailed,RM,35,speed,1.714842598021418,0.4945107587113968,25
detailed,RM,35,acceleration,1.5506491342062312,0.6074025543885865,25
detailed,RM,35,distance,124.7374064338256,27.431571353995587,25
detailed,RM,35,jerk,2.904920987151209,1.2580920254845989,25
detailed,RM,36,speed,1.6951693669283159,0.6724753594707616,25
detailed,RM,36,acceleration,1.7256886251259158,0.5784597300837333,25
detailed,RM,36,distance,134.77195073403973,31.011838477918896,25
detailed,RM,36,jerk,3.369075332817553,1.2450572632068413,25
detailed,RM,37,speed,1.576551525206352,0.7525781215113421,25
detailed,RM,37,acceleration,1.8013488776711726,1.5376005209722763,25
detailed,RM,37,distance,134.66773579041046,65.11880248700517,25
detailed,RM,37,jerk,3.6411065435088315,3.461040801447378,25
detailed,RM,38,speed,1.7300764322304147,0.712587673849369,25
detailed,RM,38,acceleration,1.7303892709784614,0.7753569700146579,25
detailed,RM,38,distance,130.90328216529207,41.94650638392271,25
detailed,RM,38,jerk,3.4136617691178244,1.6531840926986363,25
detailed,RM,39,speed,1.928578663521831,0.6821861681639807,25
detailed,RM,39,acceleration,1.9426420985803927,0.915426914385816,25
detailed,RM,39,distance,144.22852832784778,44.05115386788283,25
detailed,RM,39,jerk,3.7269855952956368,1.8007428028930084,25
detailed,RM,40,speed,2.1646303141606404,0.7595914152691556,25
detailed,RM,40,acceleration,2.2261648372893177,1.102402148546208,25
detailed,RM,40,distance,169.05844958937854,41.99395552199623,25
detailed,RM,40,jerk,4.332308708906513,2.3611371186653063,25
detailed,RM,41,speed,1.6536155298715876,0.6636129830555202,25
detailed,RM,41,acceleration,1.6637224151730698,0.8328883629154432,25
detailed,RM,41,distance,129.3841029517775,42.4798048015372,25
detailed,RM,41,jerk,3.242537952640981,1.7478540969405902,25
detailed,RM,42,speed,1.7540960857362904,0.5007570297975418,25
detailed,RM,42,acceleration,1.6128242895006053,0.6412000433246245,25
detailed,RM,42,distance,130.44311302183513,33.566241279331656,25
detailed,RM,42,jerk,3.072079014674935,1.4493072200080999,25
detailed,RM,43,speed,1.8175198035530753,0.6228305839633035,25
detailed,RM,43,acceleration,1.7350836464852366,1.092551058114207,25
detailed,RM,43,distance,136.29806136722044,46.71629874983998,25
detailed,RM,43,jerk,3.326232443088999,2.4069206047716754,25
detailed,RM,44,speed,1.76018239259097,0.6963671261264827,25
detailed,RM,44,acceleration,1.5218373934015321,0.5058037478801107,25
detailed,RM,44,distance,129.7498603371178,32.21049001891486,25
detailed,RM,44,jerk,2.830877904332721,0.909103421542824,25
detailed,RM,45,speed,1.7977870796588966,0.7297498301576071,25
detailed,RM,45,acceleration,1.9960370812477817,0.8531120729466971,25
detailed,RM,45,distance,142.5038504790067,44.097295680311206,25
detailed,RM,45,jerk,3.8608829462573153,1.801146983583867,25
detailed,RM,46,speed,2.152145964345001,0.49203854117912926,25
detailed,RM,46,acceleration,1.796096345717091,0.6295052345827922,25
detailed,RM,46,distance,142.2808824609119,28.86585053268461,25
detailed,RM,46,jerk,3.1899472260253283,1.3983003268961198,25
detailed,RM,47,speed,1.6883775708382325,0.7175914501689724,25
detailed,RM,47,acceleration,1.499481386521303,0.6076246804775279,25
detailed,RM,47,distance,126.22353728624545,39.88513475796535,25
detailed,RM,47,jerk,2.8770487483088623,1.177280298691461,25
detailed,RM,48,speed,2.0408879754642464,0.5423828102827272,25
detailed,RM,48,acceleration,1.7919671328709328,0.468348391245272,25
detailed,RM,48,distance,147.65041882568042,37.439491578519096,25
detailed,RM,48,jerk,3.350252520075573,0.9470025474548658,25
detailed,RM,49,speed,1.919852889390896,0.7752657833605747,25
detailed,RM,49,acceleration,1.594917667473228,0.626397457167713,25
detailed,RM,49,distance,139.2781019863465,41.48853661171068,25
detailed,RM,49,jerk,3.0493443206278608,1.254178997429552,25
detailed,RM,50,speed,1.8614102844542735,0.5841482225077539,25
detailed,RM,50,acceleration,1.5914755902536817,0.5300093597385029,25
detailed,RM,50,distance,132.99936360871388,28.97288485433535,25
detailed,RM,50,jerk,3.0186041292352748,1.088948797639271,25
detailed,RM,51,speed,1.978610451935048,0.6644077414513548,25
detailed,RM,51,acceleration,1.6813529520293997,0.5283841033735376,25
detailed,RM,51,distance,138.51065914465136,32.89146828981837,25
detailed,RM,51,jerk,3.09173948472627,1.089479821817101,25
detailed,RM,52,speed,2.0474469050305775,0.49059957121413544,25
detailed,RM,52,acceleration,1.7552095064663455,0.4372416680167052,25
detailed,RM,52,distance,143.04139017933906,33.09268501706672,25
detailed,RM,52,jerk,3.2706883024492317,0.9623377824205103,25
detailed,RM,53,speed,1.96064574947548,0.5136388621276761,25
detailed,RM,53,acceleration,1.8565661742822936,0.5878609566832642,25
detailed,RM,53,distance,140.01996200195592,30.225514235121807,25
detailed,RM,53,jerk,3.625272586693538,1.3116170961881044,25
detailed,RM,54,speed,1.9997183887528251,0.6985498971540732,25
detailed,RM,54,acceleration,1.7850486416303797,0.6246659261807098,25
detailed,RM,54,distance,145.54020822294763,37.355916400290205,25
detailed,RM,54,jerk,3.428789835025197,1.2492109246756775,25
detailed,RM,55,speed,1.8631064232438102,0.7779262159957698,25
detailed,RM,55,acceleration,1.714301084492505,0.44280633617657633,25
detailed,RM,55,distance,138.1927403756712,36.48939378173396,25
detailed,RM,55,jerk,3.201182691962641,0.7677129340025227,25
detailed,RM,56,speed,1.7820845148350661,0.6613503004625347,25
detailed,RM,56,acceleration,1.53266965219243,0.6763287334483383,25
detailed,RM,56,distance,129.08156649667998,39.47173478362911,25
detailed,RM,56,jerk,2.8719520220792765,1.38611372550245,25
detailed,RM,57,speed,1.7667152154962165,0.6206769678874413,25
detailed,RM,57,acceleration,1.755650379116068,0.6596869577008054,25
detailed,RM,57,distance,140.35979684567698,36.55317447141447,25
detailed,RM,57,jerk,3.4186193499180337,1.4648816322645113,25
detailed,RM,58,speed,1.7981703652361511,0.7582484546176023,25
detailed,RM,58,acceleration,1.6472400128041562,0.53547294853248,25
detailed,RM,58,distance,144.54271330938775,48.14815322674915,25
detailed,RM,58,jerk,3.1355360917658146,1.0538592295565985,25
detailed,RM,59,speed,1.78690693314886,0.7694684002542969,25
detailed,RM,59,acceleration,1.717461849188735,0.8682529868431531,25
detailed,RM,59,distance,135.67163392584024,42.498267736749874,25
detailed,RM,59,jerk,3.29986969798582,1.7444086045404696,25
detailed,RM,60,speed,1.9173557554098029,0.605404204904345,25
detailed,RM,60,acceleration,1.7447352482214462,0.7499819426484607,25
detailed,RM,60,distance,139.05974766723932,37.698428372759615,25
detailed,RM,60,jerk,3.3173768625498137,1.7132793596336948,25
detailed,RM,61,speed,1.7327211963656182,0.4960884296525447,25
detailed,RM,61,acceleration,1.8555166844029989,0.8649318911834398,25
detailed,RM,61,distance,139.38676113010675,43.570594189963934,25
detailed,RM,61,jerk,3.6442994012360437,1.8566753338116613,25
detailed,RM,62,speed,1.920239830439751,0.5906754892296221,25
detailed,RM,62,acceleration,1.8273955356023606,0.6627855443048667,25
detailed,RM,62,distance,146.2007386651826,36.197191686137465,25
detailed,RM,62,jerk,3.531615691261746,1.3483315166758896,25
detailed,RM,63,speed,1.80615182561204,0.5669110322692443,24
detailed,RM,63,acceleration,1.677375857960796,0.7072518764083797,24
detailed,RM,63,distance,131.17712176316462,35.88166953959905,24
detailed,RM,63,jerk,3.1821085194404097,1.4759958317960025,24
detailed,RM,64,speed,1.856631235485766,0.597615327544018,24
detailed,RM,64,acceleration,1.6200561067139831,0.5031041191354626,24
detailed,RM,64,distance,139.19099600115533,28.891061659791983,24
detailed,RM,64,jerk,3.098264197111719,1.0690790456612425,24
detailed,RM,65,speed,1.760339836132929,0.5930321141895002,24
detailed,RM,65,acceleration,1.6306453393676597,0.8385446289764178,24
detailed,RM,65,distance,135.8943695874867,39.3447802031125,24
detailed,RM,65,jerk,3.145442030425123,1.8294234758633017,24
detailed,RM,66,speed,2.0594899009123644,0.552020787861434,23
detailed,RM,66,acceleration,1.8102728435921054,0.7554258904873257,23
detailed,RM,66,distance,147.75341998327255,37.783392611699995,23
detailed,RM,66,jerk,3.3638310036825088,1.5809646336002074,23
detailed,RM,67,speed,1.9162644638148705,0.4317987739803673,23
detailed,RM,67,acceleration,1.6799769265612075,0.6442173619309567,23
detailed,RM,67,distance,137.58308887349958,37.685521180671266,23
detailed,RM,67,jerk,3.12999863937731,1.3885827997453077,23
detailed,RM,68,speed,1.6198069409064744,0.6872360292937596,23
detailed,RM,68,acceleration,1.5349784707375727,0.6899381819827236,23
detailed,RM,68,distance,128.2299783768904,33.222039200196335,23
detailed,RM,68,jerk,2.998597113655134,1.4624728873454693,23
detailed,RM,69,speed,1.8823006786782928,0.5672209852795831,22
detailed,RM,69,acceleration,1.7421681972337852,0.9696832899767007,22
detailed,RM,69,distance,143.95799531147352,43.15698388712746,22
detailed,RM,69,jerk,3.347585146656746,1.9068574959107067,22
detailed,RM,70,speed,1.9636027382611596,0.702972656239881,22
detailed,RM,70,acceleration,1.8024664225857008,0.8495498398577884,22
detailed,RM,70,distance,155.23604179121466,52.5410686699938,22
detailed,RM,70,jerk,3.3970394227619525,1.6790712387663371,22
detailed,RM,71,speed,1.5123437579401422,0.582316811037039,21
detailed,RM,71,acceleration,1.4879450393237785,0.8097391096419827,21
detailed,RM,71,distance,128.127451927689,40.90205705813283,21
detailed,RM,71,jerk,2.926600622317806,1.7456743491629474,21
detailed,RM,72,speed,1.4449749267426402,0.5020286867988506,20
detailed,RM,72,acceleration,1.502130893377268,0.599808793217231,20
detailed,RM,72,distance,128.09412236374527,37.21255186446437,20
detailed,RM,72,jerk,3.0165099455927495,1.206651431601722,20
detailed,RM,73,speed,1.841153603032263,0.7344022753628063,20
detailed,RM,73,acceleration,1.8326071845901937,0.5459795753292195,20
detailed,RM,73,distance,149.8939748638504,35.81252219359828,20
detailed,RM,73,jerk,3.5954631059024487,1.1809398082874714,20
detailed,RM,74,speed,1.802991469115274,0.467255941517637,20
detailed,RM,74,acceleration,1.817665707258699,0.6398336212277399,20
detailed,RM,74,distance,139.97479912670383,32.090915091232816,20
detailed,RM,74,jerk,3.511526741029916,1.280723540662598,20
detailed,RM,75,speed,1.7773319375957657,0.6473623528044626,18
detailed,RM,75,acceleration,1.5002589853988408,0.5050905411967668,18
detailed,RM,75,distance,133.2040478043093,28.846202905581233,18
detailed,RM,75,jerk,2.840824106063839,0.9184349404210418,18
detailed,RM,76,speed,1.6800778347487795,0.5577147362881568,18
detailed,RM,76,acceleration,1.5048344453548903,0.4260532423749502,18
detailed,RM,76,distance,138.52099627300208,33.94820895286,18
detailed,RM,76,jerk,2.922543719136863,0.9473423023029094,18
detailed,RM,77,speed,1.515475169235232,0.4717518264027175,16
detailed,RM,77,acceleration,1.3913144151385821,0.3049355106318338,16
detailed,RM,77,distance,117.28183081901923,29.834919285362503,16
detailed,RM,77,jerk,2.665808906133996,0.5856278124435544,16
detailed,RM,78,speed,1.631397613477486,0.6135345903978497,16
detailed,RM,78,acceleration,1.8637071644707834,0.8341618850934411,16
detailed,RM,78,distance,138.80496949487795,38.57401505221256,16
detailed,RM,78,jerk,3.7532684743546096,1.9403544726778945,16
detailed,RM,79,speed,1.849441052141045,0.6065397153691532,15
detailed,RM,79,acceleration,1.6658547074282015,0.3717704420954977,15
detailed,RM,79,distance,144.95105364511085,25.672552415571438,15
detailed,RM,79,jerk,3.292590260345984,0.7561202659737668,15
detailed,RM,80,speed,1.8869726090181846,0.6817743252189401,15
detailed,RM,80,acceleration,1.5720809417241568,0.45725075900575085,15
detailed,RM,80,distance,135.78032301666454,29.18701813600907,15
detailed,RM,80,jerk,2.907282270645949,0.8380949417213703,15
detailed,RM,81,speed,1.9622152638530643,0.45151349707347616,15
detailed,RM,81,acceleration,1.6563955344583154,0.31826403636677825,15
detailed,RM,81,distance,139.51213828900006,32.13044274799648,15
detailed,RM,81,jerk,3.0889636745598947,0.7712918350184397,15
detailed,RM,82,speed,1.5644381241657208,0.4678671266323779,15
detailed,RM,82,acceleration,1.5922219982147017,0.4936285337293816,15
detailed,RM,82,distance,129.83374408078842,26.891212788059335,15
detailed,RM,82,jerk,3.107921080336153,1.2083900024425203,15
detailed,RM,83,speed,1.7789743935245932,0.5998228562551734,15
detailed,RM,83,acceleration,1.5897442585746702,0.45041421690116656,15
detailed,RM,83,distance,131.74526797425236,30.239361667789886,15
detailed,RM,83,jerk,3.121161386504393,0.883744795544931,15
detailed,RM,84,speed,1.947796599901821,0.4471702309809162,16
detailed,RM,84,acceleration,1.9280539282238522,0.7815424137917886,16
detailed,RM,84,distance,138.3062861179231,31.167913419850027,16
detailed,RM,84,jerk,3.6788630269683895,1.6977019649559275,16
detailed,RM,85,speed,1.7426345530160607,0.3881335065246163,16
detailed,RM,85,acceleration,1.5264796746086595,0.38476218501934417,16
detailed,RM,85,distance,129.68448252516413,21.038780156933186,16
detailed,RM,85,jerk,2.843721065996066,0.8192875555344831,16
detailed,RM,86,speed,1.7971050434670583,0.4551485107030821,15
detailed,RM,86,acceleration,1.4668563014393918,0.3317304480129016,15
detailed,RM,86,distance,127.13710319245864,19.118005226958644,15
detailed,RM,86,jerk,2.7585937295969827,0.7563285274136041,15
detailed,RM,87,speed,2.046291531418498,0.502440119977883,15
detailed,RM,87,acceleration,1.7038777826463931,0.5098391556279622,15
detailed,RM,87,distance,143.06720434630617,31.2715161354596,15
detailed,RM,87,jerk,3.1233875344201554,1.0306260622340693,15
detailed,RM,88,speed,1.9936563957827513,0.49143688855897577,16
detailed,RM,88,acceleration,2.14109131701725,1.0904966112244432,16
detailed,RM,88,distance,168.2329071041289,54.54806799040717,16
detailed,RM,88,jerk,4.158450294544747,2.32598432796419,16
detailed,RM,89,speed,1.801761178142011,0.5501235401748449,14
detailed,RM,89,acceleration,1.758336369793906,0.5270932030503793,14
detailed,RM,89,distance,141.2313254891138,33.054969515345825,14
detailed,RM,89,jerk,3.4293825048265396,1.1243190654373691,14
detailed,RM,90,speed,1.7133843600034666,0.6896612487762396,14
detailed,RM,90,acceleration,1.4737971432320818,0.5790572249884344,14
detailed,RM,90,distance,128.57426990835648,32.96006352431498,14
detailed,RM,90,jerk,2.8227622241088395,1.0575466240583509,14
